2025-08-16 19:47:18,788 - INFO - 커스텀 소스로 데이터 수집 시작: category = 한국의_역사
2025-08-16 19:47:18,788 - INFO - 카테고리에서 링크 수집 중: 한국의_역사
2025-08-16 19:47:20,559 - INFO - 카테고리에서 193개 링크 발견
2025-08-16 19:47:21,821 - INFO - 수집 완료: 한국의 역사 (29825 chars)
2025-08-16 19:47:21,821 - INFO - 진행률: 1/50 - 유효 문서: 1
2025-08-16 19:47:21,902 - WARNING - 내용이 너무 짧음: 한국사 연표 (60 chars)
2025-08-16 19:47:23,285 - INFO - 수집 완료: 간독 (607 chars)
2025-08-16 19:47:23,285 - INFO - 진행률: 3/50 - 유효 문서: 2
2025-08-16 19:47:23,843 - WARNING - 내용이 너무 짧음: 강지연 (194 chars)
2025-08-16 19:47:24,673 - INFO - 수집 완료: 한국의 역사학 (16764 chars)
2025-08-16 19:47:24,673 - INFO - 진행률: 5/50 - 유효 문서: 3
2025-08-16 19:47:24,941 - INFO - 수집 완료: 견탐라사 (1490 chars)
2025-08-16 19:47:24,942 - INFO - 진행률: 6/50 - 유효 문서: 4
2025-08-16 19:47:25,544 - WARNING - 내용이 너무 짧음: 결혼도감 (168 chars)
2025-08-16 19:47:26,035 - INFO - 수집 완료: 경주 계림 (1692 chars)
2025-08-16 19:47:26,035 - INFO - 진행률: 8/50 - 유효 문서: 5
2025-08-16 19:47:26,163 - INFO - 수집 완료: 경성 제2차 만세 운동 (1954 chars)
2025-08-16 19:47:26,163 - INFO - 진행률: 9/50 - 유효 문서: 6
2025-08-16 19:47:27,025 - INFO - 수집 완료: 경주 나정 (3604 chars)
2025-08-16 19:47:27,025 - INFO - 진행률: 10/50 - 유효 문서: 7
2025-08-16 19:47:27,507 - WARNING - 내용이 너무 짧음: 계루군왕 (157 chars)
2025-08-16 19:47:28,093 - INFO - 수집 완료: 고려의 과학기술 (4491 chars)
2025-08-16 19:47:28,093 - INFO - 진행률: 12/50 - 유효 문서: 8
2025-08-16 19:47:28,493 - INFO - 수집 완료: 고려의 역사 (1093 chars)
2025-08-16 19:47:28,493 - INFO - 진행률: 13/50 - 유효 문서: 9
2025-08-16 19:47:28,649 - INFO - 수집 완료: 고리국 (2192 chars)
2025-08-16 19:47:28,649 - INFO - 진행률: 14/50 - 유효 문서: 10
2025-08-16 19:47:29,794 - INFO - 수집 완료: 과거제 (6325 chars)
2025-08-16 19:47:29,800 - INFO - 진행률: 15/50 - 유효 문서: 11
2025-08-16 19:47:29,817 - INFO - 수집 완료: 고종 암약설 (5306 chars)
2025-08-16 19:47:29,817 - INFO - 진행률: 16/50 - 유효 문서: 12
2025-08-16 19:47:30,169 - INFO - 수집 완료: 곤룡포 (1035 chars)
2025-08-16 19:47:30,169 - INFO - 진행률: 17/50 - 유효 문서: 13
2025-08-16 19:47:31,547 - INFO - 수집 완료: 관비 (577 chars)
2025-08-16 19:47:31,547 - INFO - 진행률: 18/50 - 유효 문서: 14
2025-08-16 19:47:31,702 - INFO - 수집 완료: 관노 (496 chars)
2025-08-16 19:47:31,702 - INFO - 진행률: 19/50 - 유효 문서: 15
2025-08-16 19:47:32,110 - INFO - 수집 완료: 관음포 전투 (7001 chars)
2025-08-16 19:47:32,110 - INFO - 진행률: 20/50 - 유효 문서: 16
2025-08-16 19:47:34,017 - INFO - 수집 완료: 관인 (역사) (266 chars)
2025-08-16 19:47:34,017 - INFO - 진행률: 21/50 - 유효 문서: 17
2025-08-16 19:47:34,100 - INFO - 수집 완료: 광주 학생 항일 운동 (6319 chars)
2025-08-16 19:47:34,101 - INFO - 진행률: 22/50 - 유효 문서: 18
2025-08-16 19:47:34,360 - INFO - 수집 완료: 관찰사 (2128 chars)
2025-08-16 19:47:34,360 - INFO - 진행률: 23/50 - 유효 문서: 19
2025-08-16 19:47:35,481 - INFO - 수집 완료: 궁녀 (2528 chars)
2025-08-16 19:47:35,482 - INFO - 진행률: 24/50 - 유효 문서: 20
2025-08-16 19:47:35,805 - INFO - 수집 완료: 군부인 (204 chars)
2025-08-16 19:47:35,805 - INFO - 진행률: 25/50 - 유효 문서: 21
2025-08-16 19:47:36,182 - INFO - 수집 완료: 구황실관리위원회 (249 chars)
2025-08-16 19:47:36,182 - INFO - 진행률: 26/50 - 유효 문서: 22
2025-08-16 19:47:37,864 - INFO - 수집 완료: 규벌 (411 chars)
2025-08-16 19:47:37,864 - INFO - 진행률: 27/50 - 유효 문서: 23
2025-08-16 19:47:38,114 - INFO - 수집 완료: 금경록 (2211 chars)
2025-08-16 19:47:38,114 - INFO - 진행률: 28/50 - 유효 문서: 24
2025-08-16 19:47:38,208 - INFO - 수집 완료: 균전제 (956 chars)
2025-08-16 19:47:38,208 - INFO - 진행률: 29/50 - 유효 문서: 25
2025-08-16 19:47:40,110 - INFO - 수집 완료: 기로소 (1184 chars)
2025-08-16 19:47:40,110 - INFO - 진행률: 30/50 - 유효 문서: 26
2025-08-16 19:47:40,145 - INFO - 수집 완료: 김문영 (805 chars)
2025-08-16 19:47:40,145 - INFO - 진행률: 31/50 - 유효 문서: 27
2025-08-16 19:47:40,565 - INFO - 수집 완료: 김득배 (4747 chars)
2025-08-16 19:47:40,565 - INFO - 진행률: 32/50 - 유효 문서: 28
2025-08-16 19:47:41,795 - INFO - 수집 완료: 김사혁 (1792 chars)
2025-08-16 19:47:41,795 - INFO - 진행률: 33/50 - 유효 문서: 29
2025-08-16 19:47:42,310 - INFO - 수집 완료: 김유 (14세기) (1490 chars)
2025-08-16 19:47:42,310 - INFO - 진행률: 34/50 - 유효 문서: 30
2025-08-16 19:47:42,529 - INFO - 수집 완료: 김총 (후백제) (667 chars)
2025-08-16 19:47:42,529 - INFO - 진행률: 35/50 - 유효 문서: 31
2025-08-16 19:47:43,270 - INFO - 수집 완료: 나세 (2727 chars)
2025-08-16 19:47:43,270 - INFO - 진행률: 36/50 - 유효 문서: 32
2025-08-16 19:47:43,657 - INFO - 수집 완료: 남북국 시대 (5321 chars)
2025-08-16 19:47:43,657 - INFO - 진행률: 37/50 - 유효 문서: 33
2025-08-16 19:47:44,255 - INFO - 수집 완료: 난중일기 도난 사건 (7799 chars)
2025-08-16 19:47:44,255 - INFO - 진행률: 38/50 - 유효 문서: 34
2025-08-16 19:47:45,238 - INFO - 수집 완료: 내재적 발전론 (2372 chars)
2025-08-16 19:47:45,239 - INFO - 진행률: 39/50 - 유효 문서: 35
2025-08-16 19:47:46,962 - INFO - 수집 완료: 단군조선 (4555 chars)
2025-08-16 19:47:46,963 - INFO - 진행률: 40/50 - 유효 문서: 36
2025-08-16 19:47:47,611 - INFO - 수집 완료: 녹봉 (275 chars)
2025-08-16 19:47:47,611 - INFO - 진행률: 41/50 - 유효 문서: 37
2025-08-16 19:47:48,391 - INFO - 수집 완료: 노비 (7162 chars)
2025-08-16 19:47:48,391 - INFO - 진행률: 42/50 - 유효 문서: 38
2025-08-16 19:47:48,672 - INFO - 수집 완료: 대금국 (1116 chars)
2025-08-16 19:47:48,672 - INFO - 진행률: 43/50 - 유효 문서: 39
2025-08-16 19:47:49,527 - INFO - 수집 완료: 대리청정 (279 chars)
2025-08-16 19:47:49,528 - INFO - 진행률: 44/50 - 유효 문서: 40
2025-08-16 19:47:49,787 - INFO - 수집 완료: 대륙사관 (2954 chars)
2025-08-16 19:47:49,787 - INFO - 진행률: 45/50 - 유효 문서: 41
2025-08-16 19:47:50,857 - INFO - 수집 완료: 대부 (칭호) (4124 chars)
2025-08-16 19:47:50,857 - INFO - 진행률: 46/50 - 유효 문서: 42
2025-08-16 19:47:51,680 - WARNING - 내용이 너무 짧음: 대부인 (0 chars)
2025-08-16 19:47:52,203 - INFO - 수집 완료: 대한국민의회 (1399 chars)
2025-08-16 19:47:52,203 - INFO - 진행률: 48/50 - 유효 문서: 43
2025-08-16 19:47:52,555 - INFO - 수집 완료: 대한민국 (연호) (1096 chars)
2025-08-16 19:47:52,555 - INFO - 진행률: 49/50 - 유효 문서: 44
2025-08-16 19:47:54,111 - INFO - 수집 완료: 대한민국의 국새 (2939 chars)
2025-08-16 19:47:54,111 - INFO - 진행률: 50/50 - 유효 문서: 45
2025-08-16 19:47:54,114 - INFO - 데이터 저장 완료: data/korean_wikipedia_data.jsonl (45 문서)
2025-08-16 20:34:39,010 - INFO - 커스텀 소스로 데이터 수집 시작: category = 인공지능
2025-08-16 20:34:39,010 - INFO - 카테고리에서 링크 수집 중: 인공지능
2025-08-16 20:34:40,319 - INFO - 카테고리에서 151개 링크 발견
2025-08-16 20:34:41,796 - INFO - 수집 완료: 인공지능 (25466 chars)
2025-08-16 20:34:41,797 - INFO - 진행률: 1/50 - 유효 문서: 1
2025-08-16 20:34:42,162 - INFO - 수집 완료: 인공지능의 개요 (216 chars)
2025-08-16 20:34:42,162 - INFO - 진행률: 2/50 - 유효 문서: 2
2025-08-16 20:34:42,346 - WARNING - 내용이 너무 짧음: 기계 학습 알고리즘 목록 (0 chars)
2025-08-16 20:34:43,613 - WARNING - 내용이 너무 짧음: 인공지능을 위한 프로그래밍 언어 목록 (0 chars)
2025-08-16 20:34:43,662 - INFO - 수집 완료: AI 붐 (586 chars)
2025-08-16 20:34:43,662 - INFO - 진행률: 5/50 - 유효 문서: 3
2025-08-16 20:34:43,981 - INFO - 수집 완료: AI 리터러시 (1758 chars)
2025-08-16 20:34:43,981 - INFO - 진행률: 6/50 - 유효 문서: 4
2025-08-16 20:34:45,361 - INFO - 수집 완료: AI 정렬 (1221 chars)
2025-08-16 20:34:45,361 - INFO - 진행률: 7/50 - 유효 문서: 5
2025-08-16 20:34:45,470 - INFO - 수집 완료: AI 안전 (4018 chars)
2025-08-16 20:34:45,471 - INFO - 진행률: 8/50 - 유효 문서: 6
2025-08-16 20:34:45,768 - INFO - 수집 완료: AI 워싱 (665 chars)
2025-08-16 20:34:45,768 - INFO - 진행률: 9/50 - 유효 문서: 7
2025-08-16 20:34:47,169 - INFO - 수집 완료: AI-완전 (617 chars)
2025-08-16 20:34:47,169 - INFO - 진행률: 10/50 - 유효 문서: 8
2025-08-16 20:34:47,184 - INFO - 수집 완료: Auto-GPT (812 chars)
2025-08-16 20:34:47,184 - INFO - 진행률: 11/50 - 유효 문서: 9
2025-08-16 20:34:47,823 - INFO - 수집 완료: AIOps (1729 chars)
2025-08-16 20:34:47,823 - INFO - 진행률: 12/50 - 유효 문서: 10
2025-08-16 20:34:49,244 - INFO - 수집 완료: CAPTCHA (6529 chars)
2025-08-16 20:34:49,244 - INFO - 진행률: 13/50 - 유효 문서: 11
2025-08-16 20:34:49,395 - INFO - 수집 완료: DABUS (702 chars)
2025-08-16 20:34:49,395 - INFO - 진행률: 14/50 - 유효 문서: 12
2025-08-16 20:34:49,974 - INFO - 수집 완료: ELIZA (305 chars)
2025-08-16 20:34:49,975 - INFO - 진행률: 15/50 - 유효 문서: 13
2025-08-16 20:34:51,017 - INFO - 수집 완료: Is This What We Want? (662 chars)
2025-08-16 20:34:51,017 - INFO - 진행률: 16/50 - 유효 문서: 14
2025-08-16 20:34:51,215 - INFO - 수집 완료: MNIST 데이터베이스 (575 chars)
2025-08-16 20:34:51,215 - INFO - 진행률: 17/50 - 유효 문서: 15
2025-08-16 20:34:51,804 - INFO - 수집 완료: S 보이스 (327 chars)
2025-08-16 20:34:51,804 - INFO - 진행률: 18/50 - 유효 문서: 16
2025-08-16 20:34:52,488 - INFO - 수집 완료: Siri (620 chars)
2025-08-16 20:34:52,488 - INFO - 진행률: 19/50 - 유효 문서: 17
2025-08-16 20:34:53,187 - INFO - 수집 완료: 게임 이론 (5679 chars)
2025-08-16 20:34:53,187 - INFO - 진행률: 20/50 - 유효 문서: 18
2025-08-16 20:34:53,272 - INFO - 수집 완료: 갤럭시 AI (5073 chars)
2025-08-16 20:34:53,272 - INFO - 진행률: 21/50 - 유효 문서: 19
2025-08-16 20:34:54,087 - INFO - 수집 완료: 계산 지능 (977 chars)
2025-08-16 20:34:54,087 - INFO - 진행률: 22/50 - 유효 문서: 20
2025-08-16 20:34:54,702 - INFO - 수집 완료: 광학 마크 인식 (394 chars)
2025-08-16 20:34:54,702 - INFO - 진행률: 23/50 - 유효 문서: 21
2025-08-16 20:34:55,347 - INFO - 수집 완료: 계층 제어 시스템 (1992 chars)
2025-08-16 20:34:55,348 - INFO - 진행률: 24/50 - 유효 문서: 22
2025-08-16 20:34:55,942 - INFO - 수집 완료: 괴델 기계 (2712 chars)
2025-08-16 20:34:55,942 - INFO - 진행률: 25/50 - 유효 문서: 23
2025-08-16 20:34:55,965 - INFO - 수집 완료: 구글 (7726 chars)
2025-08-16 20:34:55,965 - INFO - 진행률: 26/50 - 유효 문서: 24
2025-08-16 20:34:57,857 - INFO - 수집 완료: 국제 인공지능 공동 학술대회 (720 chars)
2025-08-16 20:34:57,858 - INFO - 진행률: 27/50 - 유효 문서: 25
2025-08-16 20:34:58,450 - INFO - 수집 완료: 기계 번역 (11721 chars)
2025-08-16 20:34:58,450 - INFO - 진행률: 28/50 - 유효 문서: 26
2025-08-16 20:34:59,485 - INFO - 수집 완료: 그래픽 처리 장치 (10626 chars)
2025-08-16 20:34:59,485 - INFO - 진행률: 29/50 - 유효 문서: 27
2025-08-16 20:35:00,070 - WARNING - 내용이 너무 짧음: 기호계산 (151 chars)
2025-08-16 20:35:00,141 - INFO - 수집 완료: 기계 지각 (2642 chars)
2025-08-16 20:35:00,142 - INFO - 진행률: 31/50 - 유효 문서: 28
2025-08-16 20:35:01,103 - INFO - 수집 완료: 기호주의 인공지능 (1726 chars)
2025-08-16 20:35:01,103 - INFO - 진행률: 32/50 - 유효 문서: 29
2025-08-16 20:35:01,849 - INFO - 수집 완료: 누구 (인공지능 서비스) (466 chars)
2025-08-16 20:35:01,849 - INFO - 진행률: 33/50 - 유효 문서: 30
2025-08-16 20:35:01,963 - INFO - 수집 완료: 니지산지 (335 chars)
2025-08-16 20:35:01,964 - INFO - 진행률: 34/50 - 유효 문서: 31
2025-08-16 20:35:02,509 - WARNING - 내용이 너무 짧음: 다트머스 회의 (191 chars)
2025-08-16 20:35:03,272 - INFO - 수집 완료: 데이터 어노테이션 (1402 chars)
2025-08-16 20:35:03,273 - INFO - 진행률: 36/50 - 유효 문서: 32
2025-08-16 20:35:03,560 - INFO - 수집 완료: 데이터 처리 장치 (406 chars)
2025-08-16 20:35:03,561 - INFO - 진행률: 37/50 - 유효 문서: 33
2025-08-16 20:35:03,968 - WARNING - 내용이 너무 짧음: 휴버트 드라이퍼스 (183 chars)
2025-08-16 20:35:05,144 - INFO - 수집 완료: 랭체인 (620 chars)
2025-08-16 20:35:05,144 - INFO - 진행률: 39/50 - 유효 문서: 34
2025-08-16 20:35:05,288 - INFO - 수집 완료: 딥 러닝 안티에일리어싱 (2370 chars)
2025-08-16 20:35:05,288 - INFO - 진행률: 40/50 - 유효 문서: 35
2025-08-16 20:35:06,151 - INFO - 수집 완료: 로봇 저널리즘 (221 chars)
2025-08-16 20:35:06,151 - INFO - 진행률: 41/50 - 유효 문서: 36
2025-08-16 20:35:06,949 - INFO - 수집 완료: 데이비드 마 (642 chars)
2025-08-16 20:35:06,950 - INFO - 진행률: 42/50 - 유효 문서: 37
2025-08-16 20:35:06,986 - INFO - 수집 완료: 뢰브너 상 (506 chars)
2025-08-16 20:35:06,986 - INFO - 진행률: 43/50 - 유효 문서: 38
2025-08-16 20:35:07,281 - INFO - 수집 완료: 마음 (1337 chars)
2025-08-16 20:35:07,281 - INFO - 진행률: 44/50 - 유효 문서: 39
2025-08-16 20:35:08,610 - INFO - 수집 완료: 마이크로소프트 코타나 (295 chars)
2025-08-16 20:35:08,610 - INFO - 진행률: 45/50 - 유효 문서: 40
2025-08-16 20:35:08,907 - INFO - 수집 완료: 마이크로소프트 코파일럿 (388 chars)
2025-08-16 20:35:08,908 - INFO - 진행률: 46/50 - 유효 문서: 41
2025-08-16 20:35:08,958 - INFO - 수집 완료: 마이크로소프트 365 코파일럿 (438 chars)
2025-08-16 20:35:08,958 - INFO - 진행률: 47/50 - 유효 문서: 42
2025-08-16 20:35:10,051 - INFO - 수집 완료: 문제 해결 (16760 chars)
2025-08-16 20:35:10,051 - INFO - 진행률: 48/50 - 유효 문서: 43
2025-08-16 20:35:11,004 - INFO - 수집 완료: 메디세이프 논란 (1921 chars)
2025-08-16 20:35:11,004 - INFO - 진행률: 49/50 - 유효 문서: 44
2025-08-16 20:35:12,089 - INFO - 수집 완료: 미라이 아카리 (263 chars)
2025-08-16 20:35:12,089 - INFO - 진행률: 50/50 - 유효 문서: 45
2025-08-16 20:35:12,092 - INFO - 데이터 저장 완료: data/korean_wikipedia_data.jsonl (45 문서)
2025-08-16 20:36:40,754 - INFO - 커스텀 소스로 데이터 수집 시작: category = 한국의_역사
2025-08-16 20:36:40,754 - INFO - 카테고리에서 링크 수집 중: 한국의_역사
2025-08-16 20:36:41,106 - INFO - 카테고리에서 193개 링크 발견
2025-08-16 20:36:42,399 - INFO - 수집 완료: 한국의 역사 (29825 chars)
2025-08-16 20:36:42,399 - INFO - 진행률: 1/30 - 유효 문서: 1
2025-08-16 20:36:42,427 - INFO - 수집 완료: 한국의 역사학 (16764 chars)
2025-08-16 20:36:42,427 - INFO - 진행률: 2/30 - 유효 문서: 2
2025-08-16 20:36:42,515 - WARNING - 내용이 너무 짧음: 한국사 연표 (60 chars)
2025-08-16 20:36:43,515 - INFO - 수집 완료: 간독 (607 chars)
2025-08-16 20:36:43,516 - INFO - 진행률: 4/30 - 유효 문서: 3
2025-08-16 20:36:43,529 - WARNING - 내용이 너무 짧음: 강지연 (194 chars)
2025-08-16 20:36:43,638 - INFO - 수집 완료: 견탐라사 (1490 chars)
2025-08-16 20:36:43,639 - INFO - 진행률: 6/30 - 유효 문서: 4
2025-08-16 20:36:44,624 - WARNING - 내용이 너무 짧음: 결혼도감 (168 chars)
2025-08-16 20:36:44,640 - INFO - 수집 완료: 경성 제2차 만세 운동 (1954 chars)
2025-08-16 20:36:44,640 - INFO - 진행률: 8/30 - 유효 문서: 5
2025-08-16 20:36:44,760 - INFO - 수집 완료: 경주 계림 (1692 chars)
2025-08-16 20:36:44,760 - INFO - 진행률: 9/30 - 유효 문서: 6
2025-08-16 20:36:45,735 - INFO - 수집 완료: 경주 나정 (3604 chars)
2025-08-16 20:36:45,735 - INFO - 진행률: 10/30 - 유효 문서: 7
2025-08-16 20:36:45,750 - WARNING - 내용이 너무 짧음: 계루군왕 (157 chars)
2025-08-16 20:36:45,896 - INFO - 수집 완료: 고려의 과학기술 (4491 chars)
2025-08-16 20:36:45,896 - INFO - 진행률: 12/30 - 유효 문서: 8
2025-08-16 20:36:46,856 - INFO - 수집 완료: 고려의 역사 (1093 chars)
2025-08-16 20:36:46,861 - INFO - 진행률: 13/30 - 유효 문서: 9
2025-08-16 20:36:46,876 - INFO - 수집 완료: 고리국 (2192 chars)
2025-08-16 20:36:46,876 - INFO - 진행률: 14/30 - 유효 문서: 10
2025-08-16 20:36:47,022 - INFO - 수집 완료: 고종 암약설 (5306 chars)
2025-08-16 20:36:47,022 - INFO - 진행률: 15/30 - 유효 문서: 11
2025-08-16 20:36:47,960 - INFO - 수집 완료: 곤룡포 (1035 chars)
2025-08-16 20:36:47,960 - INFO - 진행률: 16/30 - 유효 문서: 12
2025-08-16 20:36:48,032 - INFO - 수집 완료: 과거제 (6325 chars)
2025-08-16 20:36:48,032 - INFO - 진행률: 17/30 - 유효 문서: 13
2025-08-16 20:36:48,151 - INFO - 수집 완료: 관노 (496 chars)
2025-08-16 20:36:48,151 - INFO - 진행률: 18/30 - 유효 문서: 14
2025-08-16 20:36:49,067 - INFO - 수집 완료: 관비 (577 chars)
2025-08-16 20:36:49,067 - INFO - 진행률: 19/30 - 유효 문서: 15
2025-08-16 20:36:49,146 - INFO - 수집 완료: 관음포 전투 (7001 chars)
2025-08-16 20:36:49,147 - INFO - 진행률: 20/30 - 유효 문서: 16
2025-08-16 20:36:49,246 - INFO - 수집 완료: 관인 (역사) (266 chars)
2025-08-16 20:36:49,246 - INFO - 진행률: 21/30 - 유효 문서: 17
2025-08-16 20:36:50,178 - INFO - 수집 완료: 관찰사 (2128 chars)
2025-08-16 20:36:50,178 - INFO - 진행률: 22/30 - 유효 문서: 18
2025-08-16 20:36:50,307 - INFO - 수집 완료: 광주 학생 항일 운동 (6319 chars)
2025-08-16 20:36:50,307 - INFO - 진행률: 23/30 - 유효 문서: 19
2025-08-16 20:36:50,350 - INFO - 수집 완료: 구황실관리위원회 (249 chars)
2025-08-16 20:36:50,350 - INFO - 진행률: 24/30 - 유효 문서: 20
2025-08-16 20:36:51,267 - INFO - 수집 완료: 군부인 (204 chars)
2025-08-16 20:36:51,267 - INFO - 진행률: 25/30 - 유효 문서: 21
2025-08-16 20:36:51,429 - INFO - 수집 완료: 궁녀 (2528 chars)
2025-08-16 20:36:51,429 - INFO - 진행률: 26/30 - 유효 문서: 22
2025-08-16 20:36:51,475 - INFO - 수집 완료: 규벌 (411 chars)
2025-08-16 20:36:51,476 - INFO - 진행률: 27/30 - 유효 문서: 23
2025-08-16 20:36:52,382 - INFO - 수집 완료: 균전제 (956 chars)
2025-08-16 20:36:52,382 - INFO - 진행률: 28/30 - 유효 문서: 24
2025-08-16 20:36:52,558 - INFO - 수집 완료: 금경록 (2211 chars)
2025-08-16 20:36:52,558 - INFO - 진행률: 29/30 - 유효 문서: 25
2025-08-16 20:36:52,584 - INFO - 수집 완료: 기로소 (1184 chars)
2025-08-16 20:36:52,584 - INFO - 진행률: 30/30 - 유효 문서: 26
2025-08-16 20:36:52,586 - INFO - 데이터 저장 완료: data/history_data.jsonl (26 문서)
2025-08-16 20:36:52,724 - INFO - 커스텀 소스로 데이터 수집 시작: category = 과학
2025-08-16 20:36:52,724 - INFO - 카테고리에서 링크 수집 중: 과학
2025-08-16 20:36:54,010 - INFO - 카테고리에서 2개 링크 발견
2025-08-16 20:36:55,169 - INFO - 수집 완료: 과학 (4746 chars)
2025-08-16 20:36:55,169 - INFO - 진행률: 1/2 - 유효 문서: 1
2025-08-16 20:36:55,812 - INFO - 수집 완료: 기초과학 (596 chars)
2025-08-16 20:36:55,812 - INFO - 진행률: 2/2 - 유효 문서: 2
2025-08-16 20:36:55,812 - INFO - 데이터 저장 완료: data/science_data.jsonl (2 문서)
2025-08-16 20:36:55,948 - INFO - 커스텀 소스로 데이터 수집 시작: category = 한국_문화
2025-08-16 20:36:55,948 - INFO - 카테고리에서 링크 수집 중: 한국_문화
2025-08-16 20:36:56,516 - ERROR - 카테고리 링크 수집 실패: 404 Client Error: Not Found for url: https://ko.wikipedia.org/wiki/%EB%B6%84%EB%A5%98:%ED%95%9C%EA%B5%AD_%EB%AC%B8%ED%99%94
2025-08-16 20:36:56,516 - ERROR - 링크 수집 실패
2025-08-16 20:36:56,656 - INFO - 커스텀 소스로 데이터 수집 시작: search = 대한민국 정치
2025-08-16 20:36:56,656 - INFO - 검색어로 링크 수집 중: 대한민국 정치
2025-08-16 20:36:57,541 - INFO - 검색에서 15개 링크 발견
2025-08-16 20:36:58,903 - INFO - 수집 완료: 대한민국 대통령 목록 (1790 chars)
2025-08-16 20:36:58,904 - INFO - 진행률: 1/15 - 유효 문서: 1
2025-08-16 20:36:59,286 - INFO - 수집 완료: 대한민국 (51422 chars)
2025-08-16 20:36:59,287 - INFO - 진행률: 2/15 - 유효 문서: 2
2025-08-16 20:36:59,460 - INFO - 수집 완료: 대한민국의 정치 (7911 chars)
2025-08-16 20:36:59,460 - INFO - 진행률: 3/15 - 유효 문서: 3
2025-08-16 20:37:00,942 - INFO - 수집 완료: 대한민국의 중앙행정기관 (2960 chars)
2025-08-16 20:37:00,942 - INFO - 진행률: 4/15 - 유효 문서: 4
2025-08-16 20:37:01,234 - INFO - 수집 완료: 대한민국 국회 (3576 chars)
2025-08-16 20:37:01,234 - INFO - 진행률: 5/15 - 유효 문서: 5
2025-08-16 20:37:01,557 - INFO - 수집 완료: 대한민국 대통령 (8059 chars)
2025-08-16 20:37:01,558 - INFO - 진행률: 6/15 - 유효 문서: 6
2025-08-16 20:37:02,231 - INFO - 수집 완료: 대한민국 제20대 대통령 선거 (2203 chars)
2025-08-16 20:37:02,231 - INFO - 진행률: 7/15 - 유효 문서: 7
2025-08-16 20:37:02,472 - INFO - 수집 완료: 대한민국 제21대 대통령 선거 (4994 chars)
2025-08-16 20:37:02,472 - INFO - 진행률: 8/15 - 유효 문서: 8
2025-08-16 20:37:02,813 - INFO - 수집 완료: 대한민국 제22대 국회의원 선거 (5263 chars)
2025-08-16 20:37:02,813 - INFO - 진행률: 9/15 - 유효 문서: 9
2025-08-16 20:37:03,579 - WARNING - 내용이 너무 짧음: 대한민국의 의전서열 (129 chars)
2025-08-16 20:37:03,947 - INFO - 수집 완료: 대한민국 헌법 전문 (994 chars)
2025-08-16 20:37:03,948 - INFO - 진행률: 11/15 - 유효 문서: 10
2025-08-16 20:37:04,066 - INFO - 수집 완료: 대한민국 헌법 (11345 chars)
2025-08-16 20:37:04,066 - INFO - 진행률: 12/15 - 유효 문서: 11
2025-08-16 20:37:04,723 - INFO - 수집 완료: 대한민국의 국기 (6197 chars)
2025-08-16 20:37:04,723 - INFO - 진행률: 13/15 - 유효 문서: 12
2025-08-16 20:37:05,085 - INFO - 수집 완료: 수도권 (대한민국) (1261 chars)
2025-08-16 20:37:05,086 - INFO - 진행률: 14/15 - 유효 문서: 13
2025-08-16 20:37:05,250 - INFO - 수집 완료: 대한민국 국무총리 (1165 chars)
2025-08-16 20:37:05,250 - INFO - 진행률: 15/15 - 유효 문서: 14
2025-08-16 20:37:05,252 - INFO - 데이터 저장 완료: data/politics_data.jsonl (14 문서)
2025-08-16 21:40:30,746 - INFO - 커스텀 소스로 데이터 수집 시작: category = 한국의_역사
2025-08-16 21:40:30,746 - INFO - 카테고리에서 링크 수집 중: 한국의_역사
2025-08-16 21:40:31,095 - INFO - 카테고리에서 193개 링크 발견
2025-08-16 21:40:32,377 - INFO - 수집 완료: 한국의 역사 (29825 chars)
2025-08-16 21:40:32,378 - INFO - 진행률: 1/30 - 유효 문서: 1
2025-08-16 21:40:32,413 - INFO - 수집 완료: 한국의 역사학 (16764 chars)
2025-08-16 21:40:32,424 - INFO - 진행률: 2/30 - 유효 문서: 2
2025-08-16 21:40:32,452 - WARNING - 내용이 너무 짧음: 한국사 연표 (60 chars)
2025-08-16 21:40:33,472 - INFO - 수집 완료: 간독 (607 chars)
2025-08-16 21:40:33,472 - INFO - 진행률: 4/30 - 유효 문서: 3
2025-08-16 21:40:33,511 - WARNING - 내용이 너무 짧음: 강지연 (194 chars)
2025-08-16 21:40:33,561 - INFO - 수집 완료: 견탐라사 (1490 chars)
2025-08-16 21:40:33,561 - INFO - 진행률: 6/30 - 유효 문서: 4
2025-08-16 21:40:34,580 - WARNING - 내용이 너무 짧음: 결혼도감 (168 chars)
2025-08-16 21:40:34,622 - INFO - 수집 완료: 경성 제2차 만세 운동 (1954 chars)
2025-08-16 21:40:34,622 - INFO - 진행률: 8/30 - 유효 문서: 5
2025-08-16 21:40:34,666 - INFO - 수집 완료: 경주 계림 (1692 chars)
2025-08-16 21:40:34,667 - INFO - 진행률: 9/30 - 유효 문서: 6
2025-08-16 21:40:35,698 - INFO - 수집 완료: 경주 나정 (3604 chars)
2025-08-16 21:40:35,698 - INFO - 진행률: 10/30 - 유효 문서: 7
2025-08-16 21:40:35,711 - WARNING - 내용이 너무 짧음: 계루군왕 (157 chars)
2025-08-16 21:40:35,771 - INFO - 수집 완료: 고려의 과학기술 (4491 chars)
2025-08-16 21:40:35,771 - INFO - 진행률: 12/30 - 유효 문서: 8
2025-08-16 21:40:36,798 - INFO - 수집 완료: 고려의 역사 (1093 chars)
2025-08-16 21:40:36,798 - INFO - 진행률: 13/30 - 유효 문서: 9
2025-08-16 21:40:36,824 - INFO - 수집 완료: 고리국 (2192 chars)
2025-08-16 21:40:36,824 - INFO - 진행률: 14/30 - 유효 문서: 10
2025-08-16 21:40:36,897 - INFO - 수집 완료: 고종 암약설 (5306 chars)
2025-08-16 21:40:36,897 - INFO - 진행률: 15/30 - 유효 문서: 11
2025-08-16 21:40:37,914 - INFO - 수집 완료: 곤룡포 (1035 chars)
2025-08-16 21:40:37,914 - INFO - 진행률: 16/30 - 유효 문서: 12
2025-08-16 21:40:37,961 - INFO - 수집 완료: 과거제 (6325 chars)
2025-08-16 21:40:37,962 - INFO - 진행률: 17/30 - 유효 문서: 13
2025-08-16 21:40:38,001 - INFO - 수집 완료: 관노 (496 chars)
2025-08-16 21:40:38,001 - INFO - 진행률: 18/30 - 유효 문서: 14
2025-08-16 21:40:39,009 - INFO - 수집 완료: 관비 (577 chars)
2025-08-16 21:40:39,010 - INFO - 진행률: 19/30 - 유효 문서: 15
2025-08-16 21:40:39,086 - INFO - 수집 완료: 관음포 전투 (7001 chars)
2025-08-16 21:40:39,086 - INFO - 진행률: 20/30 - 유효 문서: 16
2025-08-16 21:40:39,098 - INFO - 수집 완료: 관인 (역사) (266 chars)
2025-08-16 21:40:39,098 - INFO - 진행률: 21/30 - 유효 문서: 17
2025-08-16 21:40:40,137 - INFO - 수집 완료: 관찰사 (2128 chars)
2025-08-16 21:40:40,137 - INFO - 진행률: 22/30 - 유효 문서: 18
2025-08-16 21:40:40,195 - INFO - 수집 완료: 구황실관리위원회 (249 chars)
2025-08-16 21:40:40,200 - INFO - 진행률: 23/30 - 유효 문서: 19
2025-08-16 21:40:40,225 - INFO - 수집 완료: 광주 학생 항일 운동 (6319 chars)
2025-08-16 21:40:40,225 - INFO - 진행률: 24/30 - 유효 문서: 20
2025-08-16 21:40:41,227 - INFO - 수집 완료: 군부인 (204 chars)
2025-08-16 21:40:41,227 - INFO - 진행률: 25/30 - 유효 문서: 21
2025-08-16 21:40:41,313 - INFO - 수집 완료: 궁녀 (2528 chars)
2025-08-16 21:40:41,313 - INFO - 진행률: 26/30 - 유효 문서: 22
2025-08-16 21:40:41,326 - INFO - 수집 완료: 규벌 (411 chars)
2025-08-16 21:40:41,326 - INFO - 진행률: 27/30 - 유효 문서: 23
2025-08-16 21:40:42,346 - INFO - 수집 완료: 균전제 (956 chars)
2025-08-16 21:40:42,347 - INFO - 진행률: 28/30 - 유효 문서: 24
2025-08-16 21:40:42,433 - INFO - 수집 완료: 금경록 (2211 chars)
2025-08-16 21:40:42,438 - INFO - 진행률: 29/30 - 유효 문서: 25
2025-08-16 21:40:42,454 - INFO - 수집 완료: 기로소 (1184 chars)
2025-08-16 21:40:42,454 - INFO - 진행률: 30/30 - 유효 문서: 26
2025-08-16 21:40:42,455 - INFO - 데이터 저장 완료: data/history_korea.jsonl (26 문서)
2025-08-16 21:40:42,592 - INFO - 커스텀 소스로 데이터 수집 시작: category = 세계의_역사
2025-08-16 21:40:42,592 - INFO - 카테고리에서 링크 수집 중: 세계의_역사
2025-08-16 21:40:43,152 - ERROR - 카테고리 링크 수집 실패: 404 Client Error: Not Found for url: https://ko.wikipedia.org/wiki/%EB%B6%84%EB%A5%98:%EC%84%B8%EA%B3%84%EC%9D%98_%EC%97%AD%EC%82%AC
2025-08-16 21:40:43,153 - ERROR - 링크 수집 실패
2025-08-16 21:40:43,284 - INFO - 커스텀 소스로 데이터 수집 시작: category = 대한민국의_지리
2025-08-16 21:40:43,284 - INFO - 카테고리에서 링크 수집 중: 대한민국의_지리
2025-08-16 21:40:44,334 - INFO - 카테고리에서 13개 링크 발견
2025-08-16 21:40:46,283 - INFO - 수집 완료: 광주전남 (369 chars)
2025-08-16 21:40:46,283 - INFO - 진행률: 1/13 - 유효 문서: 1
2025-08-16 21:40:46,396 - INFO - 수집 완료: 구미국가산업단지 (2161 chars)
2025-08-16 21:40:46,396 - INFO - 진행률: 2/13 - 유효 문서: 2
2025-08-16 21:40:48,061 - INFO - 수집 완료: 대한민국의 지리 (1238 chars)
2025-08-16 21:40:48,061 - INFO - 진행률: 3/13 - 유효 문서: 3
2025-08-16 21:40:48,094 - INFO - 수집 완료: 대경권 (933 chars)
2025-08-16 21:40:48,095 - INFO - 진행률: 4/13 - 유효 문서: 4
2025-08-16 21:40:48,224 - WARNING - 내용이 너무 짧음: 대한민국의 극점 (166 chars)
2025-08-16 21:40:49,206 - INFO - 수집 완료: 대한민국의 기후 (1205 chars)
2025-08-16 21:40:49,206 - INFO - 진행률: 6/13 - 유효 문서: 5
2025-08-16 21:40:49,729 - WARNING - 내용이 너무 짧음: 미호 (62 chars)
2025-08-16 21:40:50,910 - INFO - 수집 완료: 부울경 (635 chars)
2025-08-16 21:40:50,910 - INFO - 진행률: 8/13 - 유효 문서: 6
2025-08-16 21:40:51,133 - INFO - 수집 완료: 대한민국의 식생 (4036 chars)
2025-08-16 21:40:51,133 - INFO - 진행률: 9/13 - 유효 문서: 7
2025-08-16 21:40:52,062 - INFO - 수집 완료: 대한민국의 자원 (6595 chars)
2025-08-16 21:40:52,063 - INFO - 진행률: 10/13 - 유효 문서: 8
2025-08-16 21:40:52,932 - WARNING - 내용이 너무 짧음: 피아골 (131 chars)
2025-08-16 21:40:53,199 - INFO - 수집 완료: 한국 표준시 (674 chars)
2025-08-16 21:40:53,199 - INFO - 진행률: 12/13 - 유효 문서: 9
2025-08-16 21:40:55,952 - INFO - 수집 완료: 부안군의 지질 (10323 chars)
2025-08-16 21:40:55,953 - INFO - 진행률: 13/13 - 유효 문서: 10
2025-08-16 21:40:55,954 - INFO - 데이터 저장 완료: data/geography_korea.jsonl (10 문서)
2025-08-16 21:40:56,088 - INFO - 커스텀 소스로 데이터 수집 시작: category = 아시아의_지리
2025-08-16 21:40:56,088 - INFO - 카테고리에서 링크 수집 중: 아시아의_지리
2025-08-16 21:40:57,429 - INFO - 카테고리에서 10개 링크 발견
2025-08-16 21:40:58,818 - INFO - 수집 완료: 레반트 (1612 chars)
2025-08-16 21:40:58,818 - INFO - 진행률: 1/10 - 유효 문서: 1
2025-08-16 21:40:58,864 - INFO - 수집 완료: 아시아의 지리 (5924 chars)
2025-08-16 21:40:58,864 - INFO - 진행률: 2/10 - 유효 문서: 2
2025-08-16 21:40:59,463 - INFO - 수집 완료: 베링 육교 (430 chars)
2025-08-16 21:40:59,463 - INFO - 진행률: 3/10 - 유효 문서: 3
2025-08-16 21:41:00,663 - WARNING - 내용이 너무 짧음: 순다 열도 (81 chars)
2025-08-16 21:41:01,154 - INFO - 수집 완료: 시베리아 (2543 chars)
2025-08-16 21:41:01,154 - INFO - 진행률: 5/10 - 유효 문서: 4
2025-08-16 21:41:01,491 - INFO - 수집 완료: 아프로·유라시아 (370 chars)
2025-08-16 21:41:01,491 - INFO - 진행률: 6/10 - 유효 문서: 5
2025-08-16 21:41:02,100 - INFO - 수집 완료: 오스트랄라시아 지중해 (435 chars)
2025-08-16 21:41:02,101 - INFO - 진행률: 7/10 - 유효 문서: 6
2025-08-16 21:41:02,682 - INFO - 수집 완료: 태평양 (12908 chars)
2025-08-16 21:41:02,683 - INFO - 진행률: 8/10 - 유효 문서: 7
2025-08-16 21:41:02,824 - INFO - 수집 완료: 폰토스-카스피 스텝 (359 chars)
2025-08-16 21:41:02,824 - INFO - 진행률: 9/10 - 유효 문서: 8
2025-08-16 21:41:03,475 - INFO - 수집 완료: 환태평양 조산대 (4205 chars)
2025-08-16 21:41:03,475 - INFO - 진행률: 10/10 - 유효 문서: 9
2025-08-16 21:41:03,476 - INFO - 데이터 저장 완료: data/geography_asia.jsonl (9 문서)
2025-08-16 21:41:03,614 - INFO - 커스텀 소스로 데이터 수집 시작: category = 한국_전쟁
2025-08-16 21:41:03,614 - INFO - 카테고리에서 링크 수집 중: 한국_전쟁
2025-08-16 21:41:04,167 - INFO - 카테고리에서 0개 링크 발견
2025-08-16 21:41:04,167 - ERROR - 링크 수집 실패
2025-08-16 21:41:04,304 - INFO - 커스텀 소스로 데이터 수집 시작: category = 일제강점기
2025-08-16 21:41:04,304 - INFO - 카테고리에서 링크 수집 중: 일제강점기
2025-08-16 21:41:04,779 - INFO - 카테고리에서 85개 링크 발견
2025-08-16 21:41:06,088 - INFO - 수집 완료: 1644부대 (743 chars)
2025-08-16 21:41:06,093 - INFO - 진행률: 1/30 - 유효 문서: 1
2025-08-16 21:41:06,160 - INFO - 수집 완료: 일제강점기 (43039 chars)
2025-08-16 21:41:06,161 - INFO - 진행률: 2/30 - 유효 문서: 2
2025-08-16 21:41:07,307 - INFO - 수집 완료: 3·1 운동 (14129 chars)
2025-08-16 21:41:07,307 - INFO - 진행률: 3/30 - 유효 문서: 3
2025-08-16 21:41:07,955 - INFO - 수집 완료: 6·10 만세 운동 (1166 chars)
2025-08-16 21:41:07,956 - INFO - 진행률: 4/30 - 유효 문서: 4
2025-08-16 21:41:08,121 - INFO - 수집 완료: 1936년 지리산 쌍계사 지진 (1570 chars)
2025-08-16 21:41:08,122 - INFO - 진행률: 5/30 - 유효 문서: 5
2025-08-16 21:41:09,099 - WARNING - 내용이 너무 짧음: 감수포장 (68 chars)
2025-08-16 21:41:09,732 - INFO - 수집 완료: 고려장 (1239 chars)
2025-08-16 21:41:09,733 - INFO - 진행률: 7/30 - 유효 문서: 6
2025-08-16 21:41:09,864 - INFO - 수집 완료: 결핵 (14826 chars)
2025-08-16 21:41:09,864 - INFO - 진행률: 8/30 - 유효 문서: 7
2025-08-16 21:41:10,197 - INFO - 수집 완료: 광복절 (1472 chars)
2025-08-16 21:41:10,197 - INFO - 진행률: 9/30 - 유효 문서: 8
2025-08-16 21:41:11,068 - INFO - 수집 완료: 국가총동원법 (613 chars)
2025-08-16 21:41:11,068 - INFO - 진행률: 10/30 - 유효 문서: 9
2025-08-16 21:41:11,660 - INFO - 수집 완료: 궁성요배 (461 chars)
2025-08-16 21:41:11,660 - INFO - 진행률: 11/30 - 유효 문서: 10
2025-08-16 21:41:11,979 - WARNING - 내용이 너무 짧음: 김상호 (1862년) (150 chars)
2025-08-16 21:41:12,979 - INFO - 수집 완료: 남해 3·1독립운동 (5325 chars)
2025-08-16 21:41:12,979 - INFO - 진행률: 13/30 - 유효 문서: 11
2025-08-16 21:41:13,471 - INFO - 수집 완료: 내선일체 (700 chars)
2025-08-16 21:41:13,471 - INFO - 진행률: 14/30 - 유효 문서: 12
2025-08-16 21:41:13,598 - INFO - 수집 완료: 대구읍성 (5766 chars)
2025-08-16 21:41:13,598 - INFO - 진행률: 15/30 - 유효 문서: 13
2025-08-16 21:41:14,784 - INFO - 수집 완료: 대한독립의군부 (415 chars)
2025-08-16 21:41:14,800 - INFO - 진행률: 16/30 - 유효 문서: 14
2025-08-16 21:41:14,889 - INFO - 수집 완료: 대한민국 임시정부 (49219 chars)
2025-08-16 21:41:14,890 - INFO - 진행률: 17/30 - 유효 문서: 15
2025-08-16 21:41:15,632 - INFO - 수집 완료: 대한제국 황실 (3892 chars)
2025-08-16 21:41:15,632 - INFO - 진행률: 18/30 - 유효 문서: 16
2025-08-16 21:41:15,914 - INFO - 수집 완료: 동의단지회 (284 chars)
2025-08-16 21:41:15,914 - INFO - 진행률: 19/30 - 유효 문서: 17
2025-08-16 21:41:16,246 - INFO - 수집 완료: 동제사 (2196 chars)
2025-08-16 21:41:16,246 - INFO - 진행률: 20/30 - 유효 문서: 18
2025-08-16 21:41:17,309 - WARNING - 내용이 너무 짧음: 무단 통치 (99 chars)
2025-08-16 21:41:17,436 - INFO - 수집 완료: 면리제 (1956 chars)
2025-08-16 21:41:17,436 - INFO - 진행률: 22/30 - 유효 문서: 19
2025-08-16 21:41:17,845 - INFO - 수집 완료: 무오법정사 항일운동발상지 (1733 chars)
2025-08-16 21:41:17,845 - INFO - 진행률: 23/30 - 유효 문서: 20
2025-08-16 21:41:18,543 - INFO - 수집 완료: 문화 통치 (2036 chars)
2025-08-16 21:41:18,543 - INFO - 진행률: 24/30 - 유효 문서: 21
2025-08-16 21:41:18,897 - INFO - 수집 완료: 문자보급운동 (1343 chars)
2025-08-16 21:41:18,897 - INFO - 진행률: 25/30 - 유효 문서: 22
2025-08-16 21:41:19,429 - INFO - 수집 완료: 미쓰야 협약 (588 chars)
2025-08-16 21:41:19,430 - INFO - 진행률: 26/30 - 유효 문서: 23
2025-08-16 21:41:19,654 - INFO - 수집 완료: 민족대표 33인 (888 chars)
2025-08-16 21:41:19,655 - INFO - 진행률: 27/30 - 유효 문서: 24
2025-08-16 21:41:20,500 - WARNING - 내용이 너무 짧음: 민족말살통치 (141 chars)
2025-08-16 21:41:20,524 - INFO - 수집 완료: 백의민족 (605 chars)
2025-08-16 21:41:20,524 - INFO - 진행률: 29/30 - 유효 문서: 25
2025-08-16 21:41:21,669 - INFO - 수집 완료: 북로군정서 (1199 chars)
2025-08-16 21:41:21,669 - INFO - 진행률: 30/30 - 유효 문서: 26
2025-08-16 21:41:21,672 - INFO - 데이터 저장 완료: data/history_colonial_era.jsonl (26 문서)
2025-08-16 21:41:21,807 - INFO - 커스텀 소스로 데이터 수집 시작: category = 조선
2025-08-16 21:41:21,807 - INFO - 카테고리에서 링크 수집 중: 조선
2025-08-16 21:41:22,837 - INFO - 카테고리에서 84개 링크 발견
2025-08-16 21:41:24,199 - INFO - 수집 완료: 조선 (18253 chars)
2025-08-16 21:41:24,199 - INFO - 진행률: 1/30 - 유효 문서: 1
2025-08-16 21:41:24,611 - INFO - 수집 완료: 경루 (352 chars)
2025-08-16 21:41:24,612 - INFO - 진행률: 2/30 - 유효 문서: 2
2025-08-16 21:41:24,753 - INFO - 수집 완료: 1부 6조 (663 chars)
2025-08-16 21:41:24,753 - INFO - 진행률: 3/30 - 유효 문서: 3
2025-08-16 21:41:25,995 - INFO - 수집 완료: 공도 정책 (285 chars)
2025-08-16 21:41:25,996 - INFO - 진행률: 4/30 - 유효 문서: 4
2025-08-16 21:41:26,462 - INFO - 수집 완료: 공명첩 (773 chars)
2025-08-16 21:41:26,462 - INFO - 진행률: 5/30 - 유효 문서: 5
2025-08-16 21:41:26,544 - WARNING - 내용이 너무 짧음: 공장안 (75 chars)
2025-08-16 21:41:27,093 - INFO - 수집 완료: 관인 (역사) (266 chars)
2025-08-16 21:41:27,094 - INFO - 진행률: 7/30 - 유효 문서: 6
2025-08-16 21:41:27,672 - INFO - 수집 완료: 교정청 (498 chars)
2025-08-16 21:41:27,672 - INFO - 진행률: 8/30 - 유효 문서: 7
2025-08-16 21:41:27,886 - INFO - 수집 완료: 교방 (280 chars)
2025-08-16 21:41:27,886 - INFO - 진행률: 9/30 - 유효 문서: 8
2025-08-16 21:41:28,889 - INFO - 수집 완료: 귀후서 (698 chars)
2025-08-16 21:41:28,890 - INFO - 진행률: 10/30 - 유효 문서: 9
2025-08-16 21:41:29,310 - INFO - 수집 완료: 기적 (명단) (208 chars)
2025-08-16 21:41:29,311 - INFO - 진행률: 11/30 - 유효 문서: 10
2025-08-16 21:41:29,881 - INFO - 수집 완료: 김희 (1729년) (294 chars)
2025-08-16 21:41:29,881 - INFO - 진행률: 12/30 - 유효 문서: 11
2025-08-16 21:41:30,317 - INFO - 수집 완료: 내수사 (1701 chars)
2025-08-16 21:41:30,318 - INFO - 진행률: 13/30 - 유효 문서: 12
2025-08-16 21:41:30,728 - WARNING - 내용이 너무 짧음: 노비면천첩 (88 chars)
2025-08-16 21:41:31,670 - INFO - 수집 완료: 대간 (657 chars)
2025-08-16 21:41:31,670 - INFO - 진행률: 15/30 - 유효 문서: 13
2025-08-16 21:41:31,731 - INFO - 수집 완료: 대원군 (357 chars)
2025-08-16 21:41:31,731 - INFO - 진행률: 16/30 - 유효 문서: 14
2025-08-16 21:41:32,150 - INFO - 수집 완료: 대윤 소윤 (510 chars)
2025-08-16 21:41:32,151 - INFO - 진행률: 17/30 - 유효 문서: 15
2025-08-16 21:41:33,336 - INFO - 수집 완료: 대한기독교청년회연맹 (954 chars)
2025-08-16 21:41:33,336 - INFO - 진행률: 18/30 - 유효 문서: 16
2025-08-16 21:41:33,513 - INFO - 수집 완료: 대제학 (1587 chars)
2025-08-16 21:41:33,513 - INFO - 진행률: 19/30 - 유효 문서: 17
2025-08-16 21:41:33,947 - INFO - 수집 완료: 덕흥대원군묘 (1165 chars)
2025-08-16 21:41:33,947 - INFO - 진행률: 20/30 - 유효 문서: 18
2025-08-16 21:41:34,739 - INFO - 수집 완료: 덕흥사 (610 chars)
2025-08-16 21:41:34,739 - INFO - 진행률: 21/30 - 유효 문서: 19
2025-08-16 21:41:35,147 - INFO - 수집 완료: 도모지 (310 chars)
2025-08-16 21:41:35,147 - INFO - 진행률: 22/30 - 유효 문서: 20
2025-08-16 21:41:35,535 - INFO - 수집 완료: 도제조 (209 chars)
2025-08-16 21:41:35,535 - INFO - 진행률: 23/30 - 유효 문서: 21
2025-08-16 21:41:36,361 - WARNING - 내용이 너무 짧음: 동궁 (63 chars)
2025-08-16 21:41:36,945 - WARNING - 내용이 너무 짧음: 두문동 (192 chars)
2025-08-16 21:41:36,980 - INFO - 수집 완료: 동몽선습 (1198 chars)
2025-08-16 21:41:36,980 - INFO - 진행률: 26/30 - 유효 문서: 22
2025-08-16 21:41:37,513 - INFO - 수집 완료: 면리제 (1956 chars)
2025-08-16 21:41:37,513 - INFO - 진행률: 27/30 - 유효 문서: 23
2025-08-16 21:41:38,366 - INFO - 수집 완료: 무예청 (345 chars)
2025-08-16 21:41:38,367 - INFO - 진행률: 28/30 - 유효 문서: 24
2025-08-16 21:41:38,802 - INFO - 수집 완료: 모화관 (3903 chars)
2025-08-16 21:41:38,803 - INFO - 진행률: 29/30 - 유효 문서: 25
2025-08-16 21:41:39,283 - INFO - 수집 완료: 문관석 (496 chars)
2025-08-16 21:41:39,284 - INFO - 진행률: 30/30 - 유효 문서: 26
2025-08-16 21:41:39,285 - INFO - 데이터 저장 완료: data/history_joseon.jsonl (26 문서)
2025-08-16 21:41:39,420 - INFO - 커스텀 소스로 데이터 수집 시작: category = 고려
2025-08-16 21:41:39,420 - INFO - 카테고리에서 링크 수집 중: 고려
2025-08-16 21:41:40,425 - INFO - 카테고리에서 41개 링크 발견
2025-08-16 21:41:41,656 - WARNING - 내용이 너무 짧음: 결혼도감 (168 chars)
2025-08-16 21:41:41,743 - INFO - 수집 완료: 고려 (37142 chars)
2025-08-16 21:41:41,743 - INFO - 진행률: 2/30 - 유효 문서: 1
2025-08-16 21:41:42,404 - WARNING - 내용이 너무 짧음: 계림유사 (171 chars)
2025-08-16 21:41:42,944 - INFO - 수집 완료: 고려사 (3162 chars)
2025-08-16 21:41:42,945 - INFO - 진행률: 4/30 - 유효 문서: 2
2025-08-16 21:41:43,470 - INFO - 수집 완료: 고려박물관 (318 chars)
2025-08-16 21:41:43,470 - INFO - 진행률: 5/30 - 유효 문서: 3
2025-08-16 21:41:44,314 - INFO - 수집 완료: 고려수절신 (1423 chars)
2025-08-16 21:41:44,315 - INFO - 진행률: 6/30 - 유효 문서: 4
2025-08-16 21:41:44,372 - WARNING - 내용이 너무 짧음: 고려역사선양회 (144 chars)
2025-08-16 21:41:45,412 - WARNING - 내용이 너무 짧음: 공장안 (75 chars)
2025-08-16 21:41:45,470 - INFO - 수집 완료: 교방 (280 chars)
2025-08-16 21:41:45,470 - INFO - 진행률: 9/30 - 유효 문서: 5
2025-08-16 21:41:47,014 - INFO - 수집 완료: 귀주성 전투 (473 chars)
2025-08-16 21:41:47,015 - INFO - 진행률: 10/30 - 유효 문서: 6
2025-08-16 21:41:47,064 - INFO - 수집 완료: 금자광록대부 (313 chars)
2025-08-16 21:41:47,065 - INFO - 진행률: 11/30 - 유효 문서: 7
2025-08-16 21:41:48,113 - INFO - 수집 완료: 기적 (명단) (208 chars)
2025-08-16 21:41:48,113 - INFO - 진행률: 12/30 - 유효 문서: 8
2025-08-16 21:41:48,166 - INFO - 수집 완료: 대간 (657 chars)
2025-08-16 21:41:48,166 - INFO - 진행률: 13/30 - 유효 문서: 9
2025-08-16 21:41:48,946 - INFO - 수집 완료: 호적 (3061 chars)
2025-08-16 21:41:48,946 - INFO - 진행률: 14/30 - 유효 문서: 10
2025-08-16 21:41:49,260 - WARNING - 내용이 너무 짧음: 두문동 (192 chars)
2025-08-16 21:41:50,551 - INFO - 수집 완료: 동국통감 (2323 chars)
2025-08-16 21:41:50,551 - INFO - 진행률: 16/30 - 유효 문서: 11
2025-08-16 21:41:50,741 - INFO - 수집 완료: 백련사 고려사 (523 chars)
2025-08-16 21:41:50,741 - INFO - 진행률: 17/30 - 유효 문서: 12
2025-08-16 21:41:50,867 - INFO - 수집 완료: 보 (재단) (343 chars)
2025-08-16 21:41:50,867 - INFO - 진행률: 18/30 - 유효 문서: 13
2025-08-16 21:41:52,160 - INFO - 수집 완료: 사온서 (403 chars)
2025-08-16 21:41:52,160 - INFO - 진행률: 19/30 - 유효 문서: 14
2025-08-16 21:41:52,284 - INFO - 수집 완료: 상궁 (662 chars)
2025-08-16 21:41:52,285 - INFO - 진행률: 20/30 - 유효 문서: 15
2025-08-16 21:41:52,520 - INFO - 수집 완료: 삼소 (고려) (266 chars)
2025-08-16 21:41:52,521 - INFO - 진행률: 21/30 - 유효 문서: 16
2025-08-16 21:41:53,423 - INFO - 수집 완료: 시전 (882 chars)
2025-08-16 21:41:53,424 - INFO - 진행률: 22/30 - 유효 문서: 17
2025-08-16 21:41:53,987 - INFO - 수집 완료: 성서탈적 (732 chars)
2025-08-16 21:41:53,987 - INFO - 진행률: 23/30 - 유효 문서: 18
2025-08-16 21:41:54,323 - INFO - 수집 완료: 심왕 (1033 chars)
2025-08-16 21:41:54,324 - INFO - 진행률: 24/30 - 유효 문서: 19
2025-08-16 21:41:54,899 - INFO - 수집 완료: 아지발도 (11404 chars)
2025-08-16 21:41:54,899 - INFO - 진행률: 25/30 - 유효 문서: 20
2025-08-16 21:41:55,664 - INFO - 수집 완료: 양안 (문서) (650 chars)
2025-08-16 21:41:55,664 - INFO - 진행률: 26/30 - 유효 문서: 21
2025-08-16 21:41:56,337 - INFO - 수집 완료: 오수개 (612 chars)
2025-08-16 21:41:56,337 - INFO - 진행률: 27/30 - 유효 문서: 22
2025-08-16 21:41:56,955 - INFO - 수집 완료: 원나라의 일본 원정 (2202 chars)
2025-08-16 21:41:56,955 - INFO - 진행률: 28/30 - 유효 문서: 23
2025-08-16 21:41:57,265 - INFO - 수집 완료: 이돈수 (1765 chars)
2025-08-16 21:41:57,265 - INFO - 진행률: 29/30 - 유효 문서: 24
2025-08-16 21:41:57,733 - INFO - 수집 완료: 장생고 (227 chars)
2025-08-16 21:41:57,733 - INFO - 진행률: 30/30 - 유효 문서: 25
2025-08-16 21:41:57,735 - INFO - 데이터 저장 완료: data/history_goryeo.jsonl (25 문서)
2025-08-16 21:41:57,871 - INFO - 커스텀 소스로 데이터 수집 시작: category = 서울의_역사
2025-08-16 21:41:57,871 - INFO - 카테고리에서 링크 수집 중: 서울의_역사
2025-08-16 21:41:58,454 - ERROR - 카테고리 링크 수집 실패: 404 Client Error: Not Found for url: https://ko.wikipedia.org/wiki/%EB%B6%84%EB%A5%98:%EC%84%9C%EC%9A%B8%EC%9D%98_%EC%97%AD%EC%82%AC
2025-08-16 21:41:58,454 - ERROR - 링크 수집 실패
2025-08-16 21:41:58,594 - INFO - 커스텀 소스로 데이터 수집 시작: category = 과학
2025-08-16 21:41:58,594 - INFO - 카테고리에서 링크 수집 중: 과학
2025-08-16 21:41:58,923 - INFO - 카테고리에서 2개 링크 발견
2025-08-16 21:42:00,090 - INFO - 수집 완료: 과학 (4746 chars)
2025-08-16 21:42:00,091 - INFO - 진행률: 1/2 - 유효 문서: 1
2025-08-16 21:42:00,250 - INFO - 수집 완료: 기초과학 (596 chars)
2025-08-16 21:42:00,250 - INFO - 진행률: 2/2 - 유효 문서: 2
2025-08-16 21:42:00,251 - INFO - 데이터 저장 완료: data/science_general.jsonl (2 문서)
2025-08-16 21:42:00,385 - INFO - 커스텀 소스로 데이터 수집 시작: category = 물리학
2025-08-16 21:42:00,385 - INFO - 카테고리에서 링크 수집 중: 물리학
2025-08-16 21:42:01,697 - INFO - 카테고리에서 18개 링크 발견
2025-08-16 21:42:03,187 - INFO - 수집 완료: 고전역학 (4836 chars)
2025-08-16 21:42:03,192 - INFO - 진행률: 1/18 - 유효 문서: 1
2025-08-16 21:42:03,282 - INFO - 수집 완료: 고속 푸리에 변환 (17140 chars)
2025-08-16 21:42:03,282 - INFO - 진행률: 2/18 - 유효 문서: 2
2025-08-16 21:42:04,405 - INFO - 수집 완료: 광학 (1923 chars)
2025-08-16 21:42:04,405 - INFO - 진행률: 3/18 - 유효 문서: 3
2025-08-16 21:42:04,626 - INFO - 수집 완료: 과정철학 (480 chars)
2025-08-16 21:42:04,627 - INFO - 진행률: 4/18 - 유효 문서: 4
2025-08-16 21:42:04,787 - INFO - 수집 완료: 물리학 (8479 chars)
2025-08-16 21:42:04,787 - INFO - 진행률: 5/18 - 유효 문서: 5
2025-08-16 21:42:06,073 - INFO - 수집 완료: 마찰열 (225 chars)
2025-08-16 21:42:06,079 - INFO - 진행률: 6/18 - 유효 문서: 6
2025-08-16 21:42:06,079 - INFO - 수집 완료: 비선형 동역학 (493 chars)
2025-08-16 21:42:06,079 - INFO - 진행률: 7/18 - 유효 문서: 7
2025-08-16 21:42:06,418 - INFO - 수집 완료: 생물리학 (739 chars)
2025-08-16 21:42:06,418 - INFO - 진행률: 8/18 - 유효 문서: 8
2025-08-16 21:42:07,587 - INFO - 수집 완료: 양자역학 (5806 chars)
2025-08-16 21:42:07,587 - INFO - 진행률: 9/18 - 유효 문서: 9
2025-08-16 21:42:07,713 - INFO - 수집 완료: 소인수 알고리즘 (2533 chars)
2025-08-16 21:42:07,713 - INFO - 진행률: 10/18 - 유효 문서: 10
2025-08-16 21:42:07,733 - INFO - 수집 완료: 수리물리학 (2396 chars)
2025-08-16 21:42:07,733 - INFO - 진행률: 11/18 - 유효 문서: 11
2025-08-16 21:42:08,726 - INFO - 수집 완료: 응집물질물리학 (1025 chars)
2025-08-16 21:42:08,727 - INFO - 진행률: 12/18 - 유효 문서: 12
2025-08-16 21:42:09,101 - INFO - 수집 완료: 전자기학 (5111 chars)
2025-08-16 21:42:09,101 - INFO - 진행률: 13/18 - 유효 문서: 13
2025-08-16 21:42:09,314 - INFO - 수집 완료: 이론천체물리학 (482 chars)
2025-08-16 21:42:09,314 - INFO - 진행률: 14/18 - 유효 문서: 14
2025-08-16 21:42:09,867 - INFO - 수집 완료: 지구물리학 (975 chars)
2025-08-16 21:42:09,868 - INFO - 진행률: 15/18 - 유효 문서: 15
2025-08-16 21:42:10,230 - INFO - 수집 완료: 통계물리학 (442 chars)
2025-08-16 21:42:10,230 - INFO - 진행률: 16/18 - 유효 문서: 16
2025-08-16 21:42:11,387 - INFO - 수집 완료: 통계역학 (3846 chars)
2025-08-16 21:42:11,388 - INFO - 진행률: 17/18 - 유효 문서: 17
2025-08-16 21:42:11,892 - INFO - 수집 완료: 핵물리학 (7306 chars)
2025-08-16 21:42:11,892 - INFO - 진행률: 18/18 - 유효 문서: 18
2025-08-16 21:42:11,893 - INFO - 데이터 저장 완료: data/science_physics.jsonl (18 문서)
2025-08-16 21:42:12,031 - INFO - 커스텀 소스로 데이터 수집 시작: category = 화학
2025-08-16 21:42:12,031 - INFO - 카테고리에서 링크 수집 중: 화학
2025-08-16 21:42:13,302 - INFO - 카테고리에서 31개 링크 발견
2025-08-16 21:42:14,845 - WARNING - 내용이 너무 짧음: 간접면역형광항체법 (122 chars)
2025-08-16 21:42:15,596 - INFO - 수집 완료: 화학 (7394 chars)
2025-08-16 21:42:15,596 - INFO - 진행률: 2/25 - 유효 문서: 1
2025-08-16 21:42:16,129 - INFO - 수집 완료: 결정화학 (237 chars)
2025-08-16 21:42:16,129 - INFO - 진행률: 3/25 - 유효 문서: 2
2025-08-16 21:42:17,219 - WARNING - 내용이 너무 짧음: 고상선과 액상선 (182 chars)
2025-08-16 21:42:17,720 - WARNING - 내용이 너무 짧음: 구조화학 (100 chars)
2025-08-16 21:42:17,923 - WARNING - 내용이 너무 짧음: 기계화학 (126 chars)
2025-08-16 21:42:19,035 - INFO - 수집 완료: 녹색 화학 (427 chars)
2025-08-16 21:42:19,035 - INFO - 진행률: 7/25 - 유효 문서: 3
2025-08-16 21:42:19,324 - WARNING - 내용이 너무 짧음: 동족 (화학) (176 chars)
2025-08-16 21:42:19,711 - WARNING - 내용이 너무 짧음: 라임티타니아계 (85 chars)
2025-08-16 21:42:20,819 - INFO - 수집 완료: 마찰발광 (477 chars)
2025-08-16 21:42:20,819 - INFO - 진행률: 10/25 - 유효 문서: 4
2025-08-16 21:42:21,294 - WARNING - 내용이 너무 짧음: 면역확산 (108 chars)
2025-08-16 21:42:21,906 - INFO - 수집 완료: 미량화학 (362 chars)
2025-08-16 21:42:21,907 - INFO - 진행률: 12/25 - 유효 문서: 5
2025-08-16 21:42:22,425 - INFO - 수집 완료: 비밀화학 (344 chars)
2025-08-16 21:42:22,425 - INFO - 진행률: 13/25 - 유효 문서: 6
2025-08-16 21:42:23,099 - INFO - 수집 완료: 생물물리화학 (728 chars)
2025-08-16 21:42:23,099 - INFO - 진행률: 14/25 - 유효 문서: 7
2025-08-16 21:42:23,542 - INFO - 수집 완료: 솔베이 회의 (1019 chars)
2025-08-16 21:42:23,542 - INFO - 진행률: 15/25 - 유효 문서: 8
2025-08-16 21:42:24,041 - INFO - 수집 완료: 암흑 산소 (710 chars)
2025-08-16 21:42:24,041 - INFO - 진행률: 16/25 - 유효 문서: 9
2025-08-16 21:42:25,003 - INFO - 수집 완료: 원자 (9304 chars)
2025-08-16 21:42:25,003 - INFO - 진행률: 17/25 - 유효 문서: 10
2025-08-16 21:42:25,333 - WARNING - 내용이 너무 짧음: 전해수 (124 chars)
2025-08-16 21:42:26,048 - INFO - 수집 완료: 천연물 (4095 chars)
2025-08-16 21:42:26,048 - INFO - 진행률: 19/25 - 유효 문서: 11
2025-08-16 21:42:26,602 - WARNING - 내용이 너무 짧음: 천연물화학 (95 chars)
2025-08-16 21:42:26,951 - INFO - 수집 완료: 초분자화학 (573 chars)
2025-08-16 21:42:26,951 - INFO - 진행률: 21/25 - 유효 문서: 12
2025-08-16 21:42:28,040 - INFO - 수집 완료: 핵화학 (815 chars)
2025-08-16 21:42:28,040 - INFO - 진행률: 22/25 - 유효 문서: 13
2025-08-16 21:42:28,157 - INFO - 수집 완료: 합금 (911 chars)
2025-08-16 21:42:28,157 - INFO - 진행률: 23/25 - 유효 문서: 14
2025-08-16 21:42:28,545 - INFO - 수집 완료: 화학 라이브러리 (244 chars)
2025-08-16 21:42:28,546 - INFO - 진행률: 24/25 - 유효 문서: 15
2025-08-16 21:42:30,051 - INFO - 수집 완료: 화학공업 (2659 chars)
2025-08-16 21:42:30,051 - INFO - 진행률: 25/25 - 유효 문서: 16
2025-08-16 21:42:30,052 - INFO - 데이터 저장 완료: data/science_chemistry.jsonl (16 문서)
2025-08-16 21:42:30,185 - INFO - 커스텀 소스로 데이터 수집 시작: category = 생물학
2025-08-16 21:42:30,185 - INFO - 카테고리에서 링크 수집 중: 생물학
2025-08-16 21:42:31,503 - INFO - 카테고리에서 128개 링크 발견
2025-08-16 21:42:33,472 - WARNING - 내용이 너무 짧음: ARDRA (180 chars)
2025-08-16 21:42:33,762 - WARNING - 내용이 너무 짧음: 생물학 용어 (0 chars)
2025-08-16 21:42:34,024 - INFO - 수집 완료: 생물학 (12589 chars)
2025-08-16 21:42:34,025 - INFO - 진행률: 3/25 - 유효 문서: 1
2025-08-16 21:42:35,723 - INFO - 수집 완료: ZEB2 (200 chars)
2025-08-16 21:42:35,723 - INFO - 진행률: 4/25 - 유효 문서: 2
2025-08-16 21:42:35,907 - INFO - 수집 완료: Mir-200 (933 chars)
2025-08-16 21:42:35,907 - INFO - 진행률: 5/25 - 유효 문서: 3
2025-08-16 21:42:36,884 - INFO - 수집 완료: SNAI1 (359 chars)
2025-08-16 21:42:36,884 - INFO - 진행률: 6/25 - 유효 문서: 4
2025-08-16 21:42:37,152 - WARNING - 내용이 너무 짧음: 가교 (화학) (162 chars)
2025-08-16 21:42:37,273 - INFO - 수집 완료: 간극연접 (478 chars)
2025-08-16 21:42:37,273 - INFO - 진행률: 8/25 - 유효 문서: 5
2025-08-16 21:42:38,696 - WARNING - 내용이 너무 짧음: 갑각 (140 chars)
2025-08-16 21:42:38,875 - INFO - 수집 완료: 겹눈 (225 chars)
2025-08-16 21:42:38,875 - INFO - 진행률: 10/25 - 유효 문서: 6
2025-08-16 21:42:38,941 - WARNING - 내용이 너무 짧음: 개체 (생물) (168 chars)
2025-08-16 21:42:40,645 - INFO - 수집 완료: 계통수 (261 chars)
2025-08-16 21:42:40,646 - INFO - 진행률: 12/25 - 유효 문서: 7
2025-08-16 21:42:40,674 - WARNING - 내용이 너무 짧음: 계산기내 (187 chars)
2025-08-16 21:42:40,874 - INFO - 수집 완료: 경쟁 (생물학) (1409 chars)
2025-08-16 21:42:40,874 - INFO - 진행률: 14/25 - 유효 문서: 8
2025-08-16 21:42:42,106 - INFO - 수집 완료: 고립로핵 (475 chars)
2025-08-16 21:42:42,106 - INFO - 진행률: 15/25 - 유효 문서: 9
2025-08-16 21:42:42,260 - INFO - 수집 완료: 고리형 뉴클레오타이드 개폐 이온 통로 (345 chars)
2025-08-16 21:42:42,261 - INFO - 진행률: 16/25 - 유효 문서: 10
2025-08-16 21:42:42,934 - WARNING - 내용이 너무 짧음: 고생물학 연대표 (0 chars)
2025-08-16 21:42:43,278 - INFO - 수집 완료: 곤충학 (1654 chars)
2025-08-16 21:42:43,278 - INFO - 진행률: 18/25 - 유효 문서: 11
2025-08-16 21:42:43,704 - INFO - 수집 완료: 군유전체학 (694 chars)
2025-08-16 21:42:43,704 - INFO - 진행률: 19/25 - 유효 문서: 12
2025-08-16 21:42:44,599 - INFO - 수집 완료: 균근 (1445 chars)
2025-08-16 21:42:44,600 - INFO - 진행률: 20/25 - 유효 문서: 13
2025-08-16 21:42:44,861 - WARNING - 내용이 너무 짧음: 기억세포 (119 chars)
2025-08-16 21:42:45,377 - INFO - 수집 완료: 기형학 (9917 chars)
2025-08-16 21:42:45,378 - INFO - 진행률: 22/25 - 유효 문서: 14
2025-08-16 21:42:45,975 - INFO - 수집 완료: 길항작용 (642 chars)
2025-08-16 21:42:45,975 - INFO - 진행률: 23/25 - 유효 문서: 15
2025-08-16 21:42:46,403 - INFO - 수집 완료: 길이상수 (578 chars)
2025-08-16 21:42:46,403 - INFO - 진행률: 24/25 - 유효 문서: 16
2025-08-16 21:42:46,773 - INFO - 수집 완료: 나비목 분류 체계 (3901 chars)
2025-08-16 21:42:46,773 - INFO - 진행률: 25/25 - 유효 문서: 17
2025-08-16 21:42:46,775 - INFO - 데이터 저장 완료: data/science_biology.jsonl (17 문서)
2025-08-16 21:42:46,913 - INFO - 커스텀 소스로 데이터 수집 시작: category = 지구과학
2025-08-16 21:42:46,913 - INFO - 카테고리에서 링크 수집 중: 지구과학
2025-08-16 21:42:48,231 - INFO - 카테고리에서 50개 링크 발견
2025-08-16 21:42:49,474 - INFO - 수집 완료: 지구 (9353 chars)
2025-08-16 21:42:49,474 - INFO - 진행률: 1/25 - 유효 문서: 1
2025-08-16 21:42:49,580 - INFO - 수집 완료: 지구과학 (356 chars)
2025-08-16 21:42:49,581 - INFO - 진행률: 2/25 - 유효 문서: 2
2025-08-16 21:42:50,161 - INFO - 수집 완료: LLSVP (522 chars)
2025-08-16 21:42:50,161 - INFO - 진행률: 3/25 - 유효 문서: 3
2025-08-16 21:42:50,936 - INFO - 수집 완료: 결정 구조 (1849 chars)
2025-08-16 21:42:50,936 - INFO - 진행률: 4/25 - 유효 문서: 4
2025-08-16 21:42:51,100 - INFO - 수집 완료: 거대충돌 가설 (1581 chars)
2025-08-16 21:42:51,101 - INFO - 진행률: 5/25 - 유효 문서: 5
2025-08-16 21:42:51,561 - INFO - 수집 완료: 고제3기의 기후 변화 (1561 chars)
2025-08-16 21:42:51,562 - INFO - 진행률: 6/25 - 유효 문서: 6
2025-08-16 21:42:52,948 - INFO - 수집 완료: 공간군 (1579 chars)
2025-08-16 21:42:52,948 - INFO - 진행률: 7/25 - 유효 문서: 7
2025-08-16 21:42:52,962 - INFO - 수집 완료: 국제극지년 (256 chars)
2025-08-16 21:42:52,962 - INFO - 진행률: 8/25 - 유효 문서: 8
2025-08-16 21:42:53,166 - INFO - 수집 완료: 국제수문지질학회 (287 chars)
2025-08-16 21:42:53,167 - INFO - 진행률: 9/25 - 유효 문서: 9
2025-08-16 21:42:54,545 - INFO - 수집 완료: 국제수문학회 (260 chars)
2025-08-16 21:42:54,546 - INFO - 진행률: 10/25 - 유효 문서: 10
2025-08-16 21:42:54,773 - INFO - 수집 완료: 기후 공학 (488 chars)
2025-08-16 21:42:54,773 - INFO - 진행률: 11/25 - 유효 문서: 11
2025-08-16 21:42:54,798 - INFO - 수집 완료: 기후계 (5505 chars)
2025-08-16 21:42:54,798 - INFO - 진행률: 12/25 - 유효 문서: 12
2025-08-16 21:42:55,937 - INFO - 수집 완료: 대기 (1932 chars)
2025-08-16 21:42:55,937 - INFO - 진행률: 13/25 - 유효 문서: 13
2025-08-16 21:42:56,365 - INFO - 수집 완료: 기후학 (523 chars)
2025-08-16 21:42:56,365 - INFO - 진행률: 14/25 - 유효 문서: 14
2025-08-16 21:42:56,761 - INFO - 수집 완료: 단층 (14960 chars)
2025-08-16 21:42:56,761 - INFO - 진행률: 15/25 - 유효 문서: 15
2025-08-16 21:42:58,136 - INFO - 수집 완료: 대류 (866 chars)
2025-08-16 21:42:58,136 - INFO - 진행률: 16/25 - 유효 문서: 16
2025-08-16 21:42:58,206 - INFO - 수집 완료: 도시 열섬 (2812 chars)
2025-08-16 21:42:58,206 - INFO - 진행률: 17/25 - 유효 문서: 17
2025-08-16 21:42:58,381 - INFO - 수집 완료: 동굴학 (249 chars)
2025-08-16 21:42:58,381 - INFO - 진행률: 18/25 - 유효 문서: 18
2025-08-16 21:42:59,617 - INFO - 수집 완료: 미기후 (336 chars)
2025-08-16 21:42:59,617 - INFO - 진행률: 19/25 - 유효 문서: 19
2025-08-16 21:42:59,757 - INFO - 수집 완료: 마그마 (1858 chars)
2025-08-16 21:42:59,758 - INFO - 진행률: 20/25 - 유효 문서: 20
2025-08-16 21:43:00,500 - INFO - 수집 완료: 미생물막 (19111 chars)
2025-08-16 21:43:00,501 - INFO - 진행률: 21/25 - 유효 문서: 21
2025-08-16 21:43:01,553 - WARNING - 내용이 너무 짧음: 복각 (172 chars)
2025-08-16 21:43:01,636 - INFO - 수집 완료: 밴 앨런대 (2865 chars)
2025-08-16 21:43:01,636 - INFO - 진행률: 23/25 - 유효 문서: 22
2025-08-16 21:43:02,485 - INFO - 수집 완료: 북 그린란드 빙하 코어 프로젝트 (858 chars)
2025-08-16 21:43:02,485 - INFO - 진행률: 24/25 - 유효 문서: 23
2025-08-16 21:43:02,893 - WARNING - 내용이 너무 짧음: 북극진동 (166 chars)
2025-08-16 21:43:02,895 - INFO - 데이터 저장 완료: data/science_earth.jsonl (23 문서)
2025-08-16 21:43:03,026 - INFO - 커스텀 소스로 데이터 수집 시작: category = 컴퓨터_과학
2025-08-16 21:43:03,026 - INFO - 카테고리에서 링크 수집 중: 컴퓨터_과학
2025-08-16 21:43:03,976 - INFO - 카테고리에서 16개 링크 발견
2025-08-16 21:43:05,168 - INFO - 수집 완료: 컴퓨터 과학 (8229 chars)
2025-08-16 21:43:05,169 - INFO - 진행률: 1/16 - 유효 문서: 1
2025-08-16 21:43:05,545 - INFO - 수집 완료: .run (makeself) (580 chars)
2025-08-16 21:43:05,545 - INFO - 진행률: 2/16 - 유효 문서: 2
2025-08-16 21:43:06,355 - INFO - 수집 완료: BioAPI (567 chars)
2025-08-16 21:43:06,355 - INFO - 진행률: 3/16 - 유효 문서: 3
2025-08-16 21:43:06,994 - INFO - 수집 완료: OAEP (691 chars)
2025-08-16 21:43:06,994 - INFO - 진행률: 4/16 - 유효 문서: 4
2025-08-16 21:43:07,216 - INFO - 수집 완료: 계산기하학 (2600 chars)
2025-08-16 21:43:07,216 - INFO - 진행률: 5/16 - 유효 문서: 5
2025-08-16 21:43:07,994 - INFO - 수집 완료: 계산물리학 (1326 chars)
2025-08-16 21:43:07,994 - INFO - 진행률: 6/16 - 유효 문서: 6
2025-08-16 21:43:08,580 - INFO - 수집 완료: 논리 연산 (1022 chars)
2025-08-16 21:43:08,581 - INFO - 진행률: 7/16 - 유효 문서: 7
2025-08-16 21:43:09,004 - INFO - 수집 완료: 국제 정보 올림피아드 (1199 chars)
2025-08-16 21:43:09,004 - INFO - 진행률: 8/16 - 유효 문서: 8
2025-08-16 21:43:09,641 - INFO - 수집 완료: 논리식 (365 chars)
2025-08-16 21:43:09,641 - INFO - 진행률: 9/16 - 유효 문서: 9
2025-08-16 21:43:10,025 - INFO - 수집 완료: 디벨로퍼 릴레이션 (2545 chars)
2025-08-16 21:43:10,025 - INFO - 진행률: 10/16 - 유효 문서: 10
2025-08-16 21:43:10,809 - INFO - 수집 완료: 세계모델 (203 chars)
2025-08-16 21:43:10,812 - INFO - 수집 완료: 수학적 최적화 (829 chars)
2025-08-16 21:43:10,812 - INFO - 진행률: 11/16 - 유효 문서: 11
2025-08-16 21:43:10,812 - INFO - 진행률: 12/16 - 유효 문서: 12
2025-08-16 21:43:11,646 - INFO - 수집 완료: 인터랙티비티 (294 chars)
2025-08-16 21:43:11,646 - INFO - 진행률: 13/16 - 유효 문서: 13
2025-08-16 21:43:12,206 - INFO - 수집 완료: 전기전자공학자협회 (909 chars)
2025-08-16 21:43:12,206 - INFO - 진행률: 14/16 - 유효 문서: 14
2025-08-16 21:43:12,810 - INFO - 수집 완료: 증명 보조기 (548 chars)
2025-08-16 21:43:12,810 - INFO - 진행률: 15/16 - 유효 문서: 15
2025-08-16 21:43:13,242 - INFO - 수집 완료: 플로이드의 삼각형 (293 chars)
2025-08-16 21:43:13,242 - INFO - 진행률: 16/16 - 유효 문서: 16
2025-08-16 21:43:13,243 - INFO - 데이터 저장 완료: data/tech_computer_science.jsonl (16 문서)
2025-08-16 21:43:13,392 - INFO - 커스텀 소스로 데이터 수집 시작: category = 인공지능
2025-08-16 21:43:13,392 - INFO - 카테고리에서 링크 수집 중: 인공지능
2025-08-16 21:43:13,773 - INFO - 카테고리에서 151개 링크 발견
2025-08-16 21:43:14,923 - WARNING - 내용이 너무 짧음: 기계 학습 알고리즘 목록 (0 chars)
2025-08-16 21:43:15,157 - INFO - 수집 완료: 인공지능의 개요 (216 chars)
2025-08-16 21:43:15,158 - INFO - 진행률: 2/25 - 유효 문서: 1
2025-08-16 21:43:15,327 - INFO - 수집 완료: 인공지능 (25466 chars)
2025-08-16 21:43:15,327 - INFO - 진행률: 3/25 - 유효 문서: 2
2025-08-16 21:43:16,049 - WARNING - 내용이 너무 짧음: 인공지능을 위한 프로그래밍 언어 목록 (0 chars)
2025-08-16 21:43:16,267 - INFO - 수집 완료: AI 리터러시 (1758 chars)
2025-08-16 21:43:16,267 - INFO - 진행률: 5/25 - 유효 문서: 3
2025-08-16 21:43:16,435 - INFO - 수집 완료: AI 붐 (586 chars)
2025-08-16 21:43:16,435 - INFO - 진행률: 6/25 - 유효 문서: 4
2025-08-16 21:43:17,194 - INFO - 수집 완료: AI 안전 (4018 chars)
2025-08-16 21:43:17,195 - INFO - 진행률: 7/25 - 유효 문서: 5
2025-08-16 21:43:17,375 - INFO - 수집 완료: AI 워싱 (665 chars)
2025-08-16 21:43:17,375 - INFO - 진행률: 8/25 - 유효 문서: 6
2025-08-16 21:43:17,558 - INFO - 수집 완료: AI 정렬 (1221 chars)
2025-08-16 21:43:17,558 - INFO - 진행률: 9/25 - 유효 문서: 7
2025-08-16 21:43:18,302 - INFO - 수집 완료: AI-완전 (617 chars)
2025-08-16 21:43:18,302 - INFO - 진행률: 10/25 - 유효 문서: 8
2025-08-16 21:43:18,505 - INFO - 수집 완료: AIOps (1729 chars)
2025-08-16 21:43:18,506 - INFO - 진행률: 11/25 - 유효 문서: 9
2025-08-16 21:43:18,666 - INFO - 수집 완료: Auto-GPT (812 chars)
2025-08-16 21:43:18,666 - INFO - 진행률: 12/25 - 유효 문서: 10
2025-08-16 21:43:19,443 - INFO - 수집 완료: CAPTCHA (6529 chars)
2025-08-16 21:43:19,444 - INFO - 진행률: 13/25 - 유효 문서: 11
2025-08-16 21:43:19,608 - INFO - 수집 완료: DABUS (702 chars)
2025-08-16 21:43:19,608 - INFO - 진행률: 14/25 - 유효 문서: 12
2025-08-16 21:43:19,786 - INFO - 수집 완료: ELIZA (305 chars)
2025-08-16 21:43:19,786 - INFO - 진행률: 15/25 - 유효 문서: 13
2025-08-16 21:43:20,553 - INFO - 수집 완료: Is This What We Want? (662 chars)
2025-08-16 21:43:20,553 - INFO - 진행률: 16/25 - 유효 문서: 14
2025-08-16 21:43:20,731 - INFO - 수집 완료: MNIST 데이터베이스 (575 chars)
2025-08-16 21:43:20,731 - INFO - 진행률: 17/25 - 유효 문서: 15
2025-08-16 21:43:20,919 - INFO - 수집 완료: S 보이스 (327 chars)
2025-08-16 21:43:20,920 - INFO - 진행률: 18/25 - 유효 문서: 16
2025-08-16 21:43:21,701 - INFO - 수집 완료: Siri (620 chars)
2025-08-16 21:43:21,701 - INFO - 진행률: 19/25 - 유효 문서: 17
2025-08-16 21:43:21,881 - INFO - 수집 완료: 갤럭시 AI (5073 chars)
2025-08-16 21:43:21,881 - INFO - 진행률: 20/25 - 유효 문서: 18
2025-08-16 21:43:22,076 - INFO - 수집 완료: 게임 이론 (5679 chars)
2025-08-16 21:43:22,077 - INFO - 진행률: 21/25 - 유효 문서: 19
2025-08-16 21:43:22,820 - INFO - 수집 완료: 계산 지능 (977 chars)
2025-08-16 21:43:22,820 - INFO - 진행률: 22/25 - 유효 문서: 20
2025-08-16 21:43:23,006 - INFO - 수집 완료: 계층 제어 시스템 (1992 chars)
2025-08-16 21:43:23,006 - INFO - 진행률: 23/25 - 유효 문서: 21
2025-08-16 21:43:23,182 - INFO - 수집 완료: 광학 마크 인식 (394 chars)
2025-08-16 21:43:23,182 - INFO - 진행률: 24/25 - 유효 문서: 22
2025-08-16 21:43:23,959 - INFO - 수집 완료: 괴델 기계 (2712 chars)
2025-08-16 21:43:23,960 - INFO - 진행률: 25/25 - 유효 문서: 23
2025-08-16 21:43:23,961 - INFO - 데이터 저장 완료: data/tech_ai.jsonl (23 문서)
2025-08-16 21:43:24,102 - INFO - 커스텀 소스로 데이터 수집 시작: category = 대한민국의_기술
2025-08-16 21:43:24,102 - INFO - 카테고리에서 링크 수집 중: 대한민국의_기술
2025-08-16 21:43:24,668 - ERROR - 카테고리 링크 수집 실패: 404 Client Error: Not Found for url: https://ko.wikipedia.org/wiki/%EB%B6%84%EB%A5%98:%EB%8C%80%ED%95%9C%EB%AF%BC%EA%B5%AD%EC%9D%98_%EA%B8%B0%EC%88%A0
2025-08-16 21:43:24,669 - ERROR - 링크 수집 실패
2025-08-16 21:43:24,808 - INFO - 커스텀 소스로 데이터 수집 시작: category = 우주_기술
2025-08-16 21:43:24,808 - INFO - 카테고리에서 링크 수집 중: 우주_기술
2025-08-16 21:43:25,422 - INFO - 카테고리에서 3개 링크 발견
2025-08-16 21:43:27,014 - INFO - 수집 완료: 대기권 진입 (1000 chars)
2025-08-16 21:43:27,015 - INFO - 진행률: 1/3 - 유효 문서: 1
2025-08-16 21:43:27,406 - INFO - 수집 완료: 우주법 (961 chars)
2025-08-16 21:43:27,406 - INFO - 진행률: 2/3 - 유효 문서: 2
2025-08-16 21:43:27,851 - WARNING - 내용이 너무 짧음: 우주 기술 (141 chars)
2025-08-16 21:43:27,852 - INFO - 데이터 저장 완료: data/tech_space.jsonl (2 문서)
2025-08-16 21:43:27,991 - INFO - 커스텀 소스로 데이터 수집 시작: category = 의학
2025-08-16 21:43:27,991 - INFO - 카테고리에서 링크 수집 중: 의학
2025-08-16 21:43:29,080 - INFO - 카테고리에서 17개 링크 발견
2025-08-16 21:43:30,700 - INFO - 수집 완료: 의학 (3522 chars)
2025-08-16 21:43:30,700 - INFO - 진행률: 1/17 - 유효 문서: 1
2025-08-16 21:43:30,897 - INFO - 수집 완료: 의예과 (2959 chars)
2025-08-16 21:43:30,898 - INFO - 진행률: 2/17 - 유효 문서: 2
2025-08-16 21:43:31,101 - INFO - 수집 완료: 지구보건 (1683 chars)
2025-08-16 21:43:31,101 - INFO - 진행률: 3/17 - 유효 문서: 3
2025-08-16 21:43:32,328 - INFO - 수집 완료: GH 마크 (293 chars)
2025-08-16 21:43:32,328 - INFO - 진행률: 4/17 - 유효 문서: 4
2025-08-16 21:43:32,682 - INFO - 수집 완료: USMLE (2340 chars)
2025-08-16 21:43:32,682 - INFO - 진행률: 5/17 - 유효 문서: 5
2025-08-16 21:43:32,707 - WARNING - 내용이 너무 짧음: 가락굽힘근 (93 chars)
2025-08-16 21:43:34,089 - INFO - 수집 완료: 고압의학 (239 chars)
2025-08-16 21:43:34,089 - INFO - 진행률: 7/17 - 유효 문서: 6
2025-08-16 21:43:34,363 - INFO - 수집 완료: 리처드 조던 개틀링 (3658 chars)
2025-08-16 21:43:34,364 - INFO - 진행률: 8/17 - 유효 문서: 7
2025-08-16 21:43:34,766 - INFO - 수집 완료: 단백뇨 (468 chars)
2025-08-16 21:43:34,766 - INFO - 진행률: 9/17 - 유효 문서: 8
2025-08-16 21:43:36,162 - INFO - 수집 완료: 리스본 선언 (468 chars)
2025-08-16 21:43:36,163 - INFO - 진행률: 10/17 - 유효 문서: 9
2025-08-16 21:43:36,273 - INFO - 수집 완료: 돌주름창자 (257 chars)
2025-08-16 21:43:36,273 - INFO - 진행률: 11/17 - 유효 문서: 10
2025-08-16 21:43:36,531 - INFO - 수집 완료: 반의학 (1780 chars)
2025-08-16 21:43:36,531 - INFO - 진행률: 12/17 - 유효 문서: 11
2025-08-16 21:43:37,402 - WARNING - 내용이 너무 짧음: 영상기록 병원 24시 (69 chars)
2025-08-16 21:43:37,572 - WARNING - 내용이 너무 짧음: 알부민뇨 (81 chars)
2025-08-16 21:43:37,981 - INFO - 수집 완료: 유비쿼터스 간호 (3000 chars)
2025-08-16 21:43:37,981 - INFO - 진행률: 15/17 - 유효 문서: 12
2025-08-16 21:43:39,177 - INFO - 수집 완료: 의학교과서 (228 chars)
2025-08-16 21:43:39,177 - INFO - 진행률: 16/17 - 유효 문서: 13
2025-08-16 21:43:39,204 - INFO - 수집 완료: 의·치의학교육입문검사 (1323 chars)
2025-08-16 21:43:39,204 - INFO - 진행률: 17/17 - 유효 문서: 14
2025-08-16 21:43:39,205 - INFO - 데이터 저장 완료: data/science_medicine.jsonl (14 문서)
2025-08-16 21:43:39,344 - INFO - 커스텀 소스로 데이터 수집 시작: category = 한국_문화
2025-08-16 21:43:39,344 - INFO - 카테고리에서 링크 수집 중: 한국_문화
2025-08-16 21:43:39,940 - ERROR - 카테고리 링크 수집 실패: 404 Client Error: Not Found for url: https://ko.wikipedia.org/wiki/%EB%B6%84%EB%A5%98:%ED%95%9C%EA%B5%AD_%EB%AC%B8%ED%99%94
2025-08-16 21:43:39,940 - ERROR - 링크 수집 실패
2025-08-16 21:43:40,082 - INFO - 커스텀 소스로 데이터 수집 시작: category = 미술
2025-08-16 21:43:40,082 - INFO - 카테고리에서 링크 수집 중: 미술
2025-08-16 21:43:40,668 - INFO - 카테고리에서 32개 링크 발견
2025-08-16 21:43:41,830 - INFO - 수집 완료: 미술 (18905 chars)
2025-08-16 21:43:41,830 - INFO - 진행률: 1/20 - 유효 문서: 1
2025-08-16 21:43:42,415 - INFO - 수집 완료: 뉴 에포크 노테이션 페인팅 (991 chars)
2025-08-16 21:43:42,415 - INFO - 진행률: 2/20 - 유효 문서: 2
2025-08-16 21:43:42,431 - INFO - 수집 완료: 구체예술 (2165 chars)
2025-08-16 21:43:42,431 - INFO - 진행률: 3/20 - 유효 문서: 3
2025-08-16 21:43:43,658 - INFO - 수집 완료: 단색화 열풍 (217 chars)
2025-08-16 21:43:43,658 - INFO - 진행률: 4/20 - 유효 문서: 4
2025-08-16 21:43:43,770 - INFO - 수집 완료: 아델라이드 라비유기아르 (2516 chars)
2025-08-16 21:43:43,770 - INFO - 진행률: 5/20 - 유효 문서: 5
2025-08-16 21:43:44,439 - INFO - 수집 완료: 대한민국의 미술시장 (9311 chars)
2025-08-16 21:43:44,439 - INFO - 진행률: 6/20 - 유효 문서: 6
2025-08-16 21:43:44,778 - INFO - 수집 완료: 레디메이드 (509 chars)
2025-08-16 21:43:44,778 - INFO - 진행률: 7/20 - 유효 문서: 7
2025-08-16 21:43:45,551 - INFO - 수집 완료: 모자이크 (1328 chars)
2025-08-16 21:43:45,551 - INFO - 진행률: 8/20 - 유효 문서: 8
2025-08-16 21:43:45,831 - INFO - 수집 완료: 르네상스 미술 (9463 chars)
2025-08-16 21:43:45,831 - INFO - 진행률: 9/20 - 유효 문서: 9
2025-08-16 21:43:46,604 - INFO - 수집 완료: 미술시장 (8275 chars)
2025-08-16 21:43:46,604 - INFO - 진행률: 10/20 - 유효 문서: 10
2025-08-16 21:43:47,236 - INFO - 수집 완료: 미술품 유퉁 (312 chars)
2025-08-16 21:43:47,237 - INFO - 진행률: 11/20 - 유효 문서: 11
2025-08-16 21:43:47,581 - INFO - 수집 완료: 미술품 유통 (537 chars)
2025-08-16 21:43:47,581 - INFO - 진행률: 12/20 - 유효 문서: 12
2025-08-16 21:43:48,025 - INFO - 수집 완료: 붓 (1457 chars)
2025-08-16 21:43:48,025 - INFO - 진행률: 13/20 - 유효 문서: 13
2025-08-16 21:43:48,846 - INFO - 수집 완료: 붓펜 (741 chars)
2025-08-16 21:43:48,846 - INFO - 진행률: 14/20 - 유효 문서: 14
2025-08-16 21:43:49,608 - INFO - 수집 완료: 성희승 (7008 chars)
2025-08-16 21:43:49,608 - INFO - 진행률: 15/20 - 유효 문서: 15
2025-08-16 21:43:49,807 - WARNING - 내용이 너무 짧음: 순수미술 (198 chars)
2025-08-16 21:43:50,420 - INFO - 수집 완료: 시누아즈리 (292 chars)
2025-08-16 21:43:50,420 - INFO - 진행률: 17/20 - 유효 문서: 16
2025-08-16 21:43:51,417 - INFO - 수집 완료: 아트 바젤 (288 chars)
2025-08-16 21:43:51,423 - INFO - 진행률: 18/20 - 유효 문서: 17
2025-08-16 21:43:51,433 - INFO - 수집 완료: 아트페어 (1713 chars)
2025-08-16 21:43:51,433 - INFO - 진행률: 19/20 - 유효 문서: 18
2025-08-16 21:43:52,453 - INFO - 수집 완료: 앵포르멜 (570 chars)
2025-08-16 21:43:52,453 - INFO - 진행률: 20/20 - 유효 문서: 19
2025-08-16 21:43:52,455 - INFO - 데이터 저장 완료: data/art_general.jsonl (19 문서)
2025-08-16 21:43:52,596 - INFO - 커스텀 소스로 데이터 수집 시작: category = 음악
2025-08-16 21:43:52,596 - INFO - 카테고리에서 링크 수집 중: 음악
2025-08-16 21:43:53,941 - INFO - 카테고리에서 2개 링크 발견
2025-08-16 21:43:56,035 - INFO - 수집 완료: 음악 (1100 chars)
2025-08-16 21:43:56,035 - INFO - 진행률: 1/2 - 유효 문서: 1
2025-08-16 21:43:56,480 - INFO - 수집 완료: 허구의 음악 (2811 chars)
2025-08-16 21:43:56,481 - INFO - 진행률: 2/2 - 유효 문서: 2
2025-08-16 21:43:56,481 - INFO - 데이터 저장 완료: data/art_music.jsonl (2 문서)
2025-08-16 21:43:56,614 - INFO - 커스텀 소스로 데이터 수집 시작: category = 영화
2025-08-16 21:43:56,614 - INFO - 카테고리에서 링크 수집 중: 영화
2025-08-16 21:43:57,475 - INFO - 카테고리에서 2개 링크 발견
2025-08-16 21:43:58,625 - INFO - 수집 완료: 영화 (5476 chars)
2025-08-16 21:43:58,625 - INFO - 진행률: 1/2 - 유효 문서: 1
2025-08-16 21:43:59,486 - INFO - 수집 완료: 영화학 (1341 chars)
2025-08-16 21:43:59,486 - INFO - 진행률: 2/2 - 유효 문서: 2
2025-08-16 21:43:59,487 - INFO - 데이터 저장 완료: data/art_film.jsonl (2 문서)
2025-08-16 21:43:59,619 - INFO - 커스텀 소스로 데이터 수집 시작: category = 문학
2025-08-16 21:43:59,620 - INFO - 카테고리에서 링크 수집 중: 문학
2025-08-16 21:44:00,867 - INFO - 카테고리에서 49개 링크 발견
2025-08-16 21:44:02,637 - WARNING - 내용이 너무 짧음: 감성 (58 chars)
2025-08-16 21:44:02,699 - INFO - 수집 완료: 문학사 (1202 chars)
2025-08-16 21:44:02,700 - INFO - 진행률: 2/20 - 유효 문서: 1
2025-08-16 21:44:02,914 - INFO - 수집 완료: 문학 (2083 chars)
2025-08-16 21:44:02,914 - INFO - 진행률: 3/20 - 유효 문서: 2
2025-08-16 21:44:04,514 - INFO - 수집 완료: 고찰 논문 (3007 chars)
2025-08-16 21:44:04,515 - INFO - 진행률: 4/20 - 유효 문서: 3
2025-08-16 21:44:04,528 - INFO - 수집 완료: 개념문학 (629 chars)
2025-08-16 21:44:04,528 - INFO - 진행률: 5/20 - 유효 문서: 4
2025-08-16 21:44:04,955 - INFO - 수집 완료: 공감 (589 chars)
2025-08-16 21:44:04,955 - INFO - 진행률: 6/20 - 유효 문서: 5
2025-08-16 21:44:06,150 - INFO - 수집 완료: 교훈 (331 chars)
2025-08-16 21:44:06,151 - INFO - 진행률: 7/20 - 유효 문서: 6
2025-08-16 21:44:06,331 - INFO - 수집 완료: 구성 (4750 chars)
2025-08-16 21:44:06,332 - INFO - 진행률: 8/20 - 유효 문서: 7
2025-08-16 21:44:06,546 - WARNING - 내용이 너무 짧음: 나와 너 (169 chars)
2025-08-16 21:44:07,575 - INFO - 수집 완료: 대구 (수사법) (262 chars)
2025-08-16 21:44:07,576 - INFO - 진행률: 10/20 - 유효 문서: 8
2025-08-16 21:44:08,124 - WARNING - 내용이 너무 짧음: 대중문학 (170 chars)
2025-08-16 21:44:08,172 - INFO - 수집 완료: 대중역사 (509 chars)
2025-08-16 21:44:08,172 - INFO - 진행률: 12/20 - 유효 문서: 9
2025-08-16 21:44:08,988 - WARNING - 내용이 너무 짧음: 등단 (78 chars)
2025-08-16 21:44:09,900 - INFO - 수집 완료: 문어 (언어) (437 chars)
2025-08-16 21:44:09,900 - INFO - 진행률: 14/20 - 유효 문서: 10
2025-08-16 21:44:09,972 - INFO - 수집 완료: 문학 장르 (2970 chars)
2025-08-16 21:44:09,972 - INFO - 진행률: 15/20 - 유효 문서: 11
2025-08-16 21:44:10,747 - WARNING - 내용이 너무 짧음: 반전문학 (85 chars)
2025-08-16 21:44:11,702 - INFO - 수집 완료: 방백 (대사) (536 chars)
2025-08-16 21:44:11,702 - INFO - 진행률: 17/20 - 유효 문서: 12
2025-08-16 21:44:11,776 - WARNING - 내용이 너무 짧음: 번안 (127 chars)
2025-08-16 21:44:12,343 - INFO - 수집 완료: 벵골 문학 (692 chars)
2025-08-16 21:44:12,343 - INFO - 진행률: 19/20 - 유효 문서: 13
2025-08-16 21:44:13,490 - INFO - 수집 완료: 복선 (문학) (314 chars)
2025-08-16 21:44:13,490 - INFO - 진행률: 20/20 - 유효 문서: 14
2025-08-16 21:44:13,491 - INFO - 데이터 저장 완료: data/art_literature.jsonl (14 문서)
2025-08-16 21:44:13,631 - INFO - 커스텀 소스로 데이터 수집 시작: category = 건축
2025-08-16 21:44:13,631 - INFO - 카테고리에서 링크 수집 중: 건축
2025-08-16 21:44:14,954 - INFO - 카테고리에서 56개 링크 발견
2025-08-16 21:44:16,551 - WARNING - 내용이 너무 짧음: 건축면적 (110 chars)
2025-08-16 21:44:16,570 - INFO - 수집 완료: 건축사진 (721 chars)
2025-08-16 21:44:16,571 - INFO - 진행률: 2/20 - 유효 문서: 1
2025-08-16 21:44:17,291 - INFO - 수집 완료: 건축 (8800 chars)
2025-08-16 21:44:17,291 - INFO - 진행률: 3/20 - 유효 문서: 2
2025-08-16 21:44:18,200 - INFO - 수집 완료: 골재 (2146 chars)
2025-08-16 21:44:18,200 - INFO - 진행률: 4/20 - 유효 문서: 3
2025-08-16 21:44:18,349 - INFO - 수집 완료: 건폐율 (539 chars)
2025-08-16 21:44:18,349 - INFO - 진행률: 5/20 - 유효 문서: 4
2025-08-16 21:44:19,066 - INFO - 수집 완료: 공개공지 (531 chars)
2025-08-16 21:44:19,066 - INFO - 진행률: 6/20 - 유효 문서: 5
2025-08-16 21:44:19,632 - INFO - 수집 완료: 공사 (일) (615 chars)
2025-08-16 21:44:19,632 - INFO - 진행률: 7/20 - 유효 문서: 6
2025-08-16 21:44:19,775 - INFO - 수집 완료: 공시지가 (876 chars)
2025-08-16 21:44:19,775 - INFO - 진행률: 8/20 - 유효 문서: 7
2025-08-16 21:44:20,481 - WARNING - 내용이 너무 짧음: 국민낭만주의 양식 (150 chars)
2025-08-16 21:44:21,199 - INFO - 수집 완료: 기와 (286 chars)
2025-08-16 21:44:21,200 - INFO - 진행률: 10/20 - 유효 문서: 8
2025-08-16 21:44:21,411 - INFO - 수집 완료: 그린리모델링 (1216 chars)
2025-08-16 21:44:21,411 - INFO - 진행률: 11/20 - 유효 문서: 9
2025-08-16 21:44:22,102 - INFO - 수집 완료: 길찾기 (716 chars)
2025-08-16 21:44:22,102 - INFO - 진행률: 12/20 - 유효 문서: 10
2025-08-16 21:44:22,530 - INFO - 수집 완료: 난연재료 (677 chars)
2025-08-16 21:44:22,531 - INFO - 진행률: 13/20 - 유효 문서: 11
2025-08-16 21:44:23,406 - INFO - 수집 완료: 노출콘크리트 공법 (1513 chars)
2025-08-16 21:44:23,406 - INFO - 진행률: 14/20 - 유효 문서: 12
2025-08-16 21:44:23,716 - INFO - 수집 완료: 대지 (터) (249 chars)
2025-08-16 21:44:23,716 - INFO - 진행률: 15/20 - 유효 문서: 13
2025-08-16 21:44:23,922 - WARNING - 내용이 너무 짧음: 대지면적 (56 chars)
2025-08-16 21:44:24,837 - INFO - 수집 완료: 대한건축학회 (288 chars)
2025-08-16 21:44:24,837 - INFO - 진행률: 17/20 - 유효 문서: 14
2025-08-16 21:44:25,536 - INFO - 수집 완료: 동바리 (398 chars)
2025-08-16 21:44:25,536 - INFO - 진행률: 18/20 - 유효 문서: 15
2025-08-16 21:44:25,952 - INFO - 수집 완료: 르모듈러 (8092 chars)
2025-08-16 21:44:25,952 - INFO - 진행률: 19/20 - 유효 문서: 16
2025-08-16 21:44:26,647 - INFO - 수집 완료: 마이너스 옵션 제도 (293 chars)
2025-08-16 21:44:26,648 - INFO - 진행률: 20/20 - 유효 문서: 17
2025-08-16 21:44:26,648 - INFO - 데이터 저장 완료: data/art_architecture.jsonl (17 문서)
2025-08-16 21:44:26,792 - INFO - 커스텀 소스로 데이터 수집 시작: category = K-pop
2025-08-16 21:44:26,792 - INFO - 카테고리에서 링크 수집 중: K-pop
2025-08-16 21:44:27,784 - INFO - 카테고리에서 15개 링크 발견
2025-08-16 21:44:29,041 - INFO - 수집 완료: K-pop (14050 chars)
2025-08-16 21:44:29,042 - INFO - 진행률: 1/15 - 유효 문서: 1
2025-08-16 21:44:29,468 - INFO - 수집 완료: ARTBEAT (3309 chars)
2025-08-16 21:44:29,468 - INFO - 진행률: 2/15 - 유효 문서: 2
2025-08-16 21:44:31,014 - WARNING - 내용이 너무 짧음: 2025년 대한민국 음악 (53 chars)
2025-08-16 21:44:31,288 - INFO - 수집 완료: K팝 커버댄스 페스티벌 (1069 chars)
2025-08-16 21:44:31,288 - INFO - 진행률: 4/15 - 유효 문서: 3
2025-08-16 21:44:32,660 - INFO - 수집 완료: K팝의 성적 대상화와 성적 착취 (11238 chars)
2025-08-16 21:44:32,660 - INFO - 진행률: 5/15 - 유효 문서: 4
2025-08-16 21:44:32,681 - INFO - 수집 완료: 노예 계약 (220 chars)
2025-08-16 21:44:32,681 - INFO - 진행률: 6/15 - 유효 문서: 5
2025-08-16 21:44:34,516 - INFO - 수집 완료: 사생팬 (232 chars)
2025-08-16 21:44:34,526 - INFO - 진행률: 7/15 - 유효 문서: 6
2025-08-16 21:44:34,528 - INFO - 수집 완료: 랜덤 플레이 댄스 (1411 chars)
2025-08-16 21:44:34,528 - INFO - 진행률: 8/15 - 유효 문서: 7
2025-08-16 21:44:34,839 - INFO - 수집 완료: K-pop의 영향과 인기 (21961 chars)
2025-08-16 21:44:34,840 - INFO - 진행률: 9/15 - 유효 문서: 8
2025-08-16 21:44:36,342 - WARNING - 내용이 너무 짧음: 쌀 화환 (138 chars)
2025-08-16 21:44:36,637 - INFO - 수집 완료: 클래프컴퍼니 (910 chars)
2025-08-16 21:44:36,637 - INFO - 진행률: 11/15 - 유효 문서: 9
2025-08-16 21:44:36,696 - WARNING - 내용이 너무 짧음: 삿포로 눈축제 K-POP 페스티벌 (99 chars)
2025-08-16 21:44:38,358 - INFO - 수집 완료: 트럭 시위 (2808 chars)
2025-08-16 21:44:38,358 - INFO - 진행률: 13/15 - 유효 문서: 10
2025-08-16 21:44:38,628 - INFO - 수집 완료: 팬 활동주의 (4993 chars)
2025-08-16 21:44:38,628 - INFO - 진행률: 14/15 - 유효 문서: 11
2025-08-16 21:44:39,074 - INFO - 수집 완료: 홀로그램 콘서트 (3574 chars)
2025-08-16 21:44:39,074 - INFO - 진행률: 15/15 - 유효 문서: 12
2025-08-16 21:44:39,075 - INFO - 데이터 저장 완료: data/culture_kpop.jsonl (12 문서)
2025-08-16 21:44:39,221 - INFO - 커스텀 소스로 데이터 수집 시작: category = 한국_요리
2025-08-16 21:44:39,221 - INFO - 카테고리에서 링크 수집 중: 한국_요리
2025-08-16 21:44:40,073 - INFO - 카테고리에서 160개 링크 발견
2025-08-16 21:44:41,307 - INFO - 수집 완료: 한국 요리 (9349 chars)
2025-08-16 21:44:41,307 - INFO - 진행률: 1/20 - 유효 문서: 1
2025-08-16 21:44:41,604 - WARNING - 내용이 너무 짧음: 간장치킨 (57 chars)
2025-08-16 21:44:41,869 - WARNING - 내용이 너무 짧음: 가보 (음식) (67 chars)
2025-08-16 21:44:43,011 - WARNING - 내용이 너무 짧음: 감태지 (0 chars)
2025-08-16 21:44:44,066 - INFO - 수집 완료: 갯기름나물 (2222 chars)
2025-08-16 21:44:44,066 - INFO - 진행률: 5/20 - 유효 문서: 2
2025-08-16 21:44:44,107 - INFO - 수집 완료: 감식초 (2546 chars)
2025-08-16 21:44:44,107 - INFO - 진행률: 6/20 - 유효 문서: 3
2025-08-16 21:44:44,615 - INFO - 수집 완료: 겨자장 (298 chars)
2025-08-16 21:44:44,616 - INFO - 진행률: 7/20 - 유효 문서: 4
2025-08-16 21:44:45,717 - INFO - 수집 완료: 계란찜 (452 chars)
2025-08-16 21:44:45,717 - INFO - 진행률: 8/20 - 유효 문서: 5
2025-08-16 21:44:45,907 - INFO - 수집 완료: 경단 (248 chars)
2025-08-16 21:44:45,912 - INFO - 진행률: 9/20 - 유효 문서: 6
2025-08-16 21:44:45,914 - INFO - 수집 완료: 계란말이 (227 chars)
2025-08-16 21:44:45,914 - INFO - 진행률: 10/20 - 유효 문서: 7
2025-08-16 21:44:47,138 - INFO - 수집 완료: 고구마당면 (209 chars)
2025-08-16 21:44:47,139 - INFO - 진행률: 11/20 - 유효 문서: 8
2025-08-16 21:44:47,516 - WARNING - 내용이 너무 짧음: 고명 (182 chars)
2025-08-16 21:44:47,695 - WARNING - 내용이 너무 짧음: 고추장불고기 (163 chars)
2025-08-16 21:44:48,549 - INFO - 수집 완료: 고춧가루 (537 chars)
2025-08-16 21:44:48,549 - INFO - 진행률: 14/20 - 유효 문서: 9
2025-08-16 21:44:49,093 - INFO - 수집 완료: 곶감쌈 (238 chars)
2025-08-16 21:44:49,093 - INFO - 진행률: 15/20 - 유효 문서: 10
2025-08-16 21:44:49,318 - WARNING - 내용이 너무 짧음: 골뱅이무침 (109 chars)
2025-08-16 21:44:50,367 - INFO - 수집 완료: 과메기 (991 chars)
2025-08-16 21:44:50,367 - INFO - 진행률: 17/20 - 유효 문서: 11
2025-08-16 21:44:50,683 - INFO - 수집 완료: 구이 (446 chars)
2025-08-16 21:44:50,684 - INFO - 진행률: 18/20 - 유효 문서: 12
2025-08-16 21:44:50,868 - INFO - 수집 완료: 교자상 (252 chars)
2025-08-16 21:44:50,868 - INFO - 진행률: 19/20 - 유효 문서: 13
2025-08-16 21:44:52,376 - INFO - 수집 완료: 김 (음식) (2812 chars)
2025-08-16 21:44:52,376 - INFO - 진행률: 20/20 - 유효 문서: 14
2025-08-16 21:44:52,377 - INFO - 데이터 저장 완료: data/culture_korean_food.jsonl (14 문서)
2025-08-16 21:44:52,518 - INFO - 커스텀 소스로 데이터 수집 시작: category = 종교
2025-08-16 21:44:52,518 - INFO - 카테고리에서 링크 수집 중: 종교
2025-08-16 21:44:52,860 - INFO - 카테고리에서 21개 링크 발견
2025-08-16 21:44:54,043 - INFO - 수집 완료: 종교 (7985 chars)
2025-08-16 21:44:54,044 - INFO - 진행률: 1/20 - 유효 문서: 1
2025-08-16 21:44:54,843 - INFO - 수집 완료: 교리 (1428 chars)
2025-08-16 21:44:54,843 - INFO - 진행률: 2/20 - 유효 문서: 2
2025-08-16 21:44:54,953 - INFO - 수집 완료: 다신교 (388 chars)
2025-08-16 21:44:54,953 - INFO - 진행률: 3/20 - 유효 문서: 3
2025-08-16 21:44:55,653 - INFO - 수집 완료: 단재론 (404 chars)
2025-08-16 21:44:55,653 - INFO - 진행률: 4/20 - 유효 문서: 4
2025-08-16 21:44:56,760 - INFO - 수집 완료: 도모에 (625 chars)
2025-08-16 21:44:56,760 - INFO - 진행률: 5/20 - 유효 문서: 5
2025-08-16 21:44:56,936 - INFO - 수집 완료: 대마와 종교 (9739 chars)
2025-08-16 21:44:56,936 - INFO - 진행률: 6/20 - 유효 문서: 6
2025-08-16 21:44:57,437 - INFO - 수집 완료: 무신론과 종교 (206 chars)
2025-08-16 21:44:57,437 - INFO - 진행률: 7/20 - 유효 문서: 7
2025-08-16 21:44:58,539 - INFO - 수집 완료: 반그리스화 (367 chars)
2025-08-16 21:44:58,539 - INFO - 진행률: 8/20 - 유효 문서: 8
2025-08-16 21:44:58,561 - WARNING - 내용이 너무 짧음: 민족 종교 (111 chars)
2025-08-16 21:44:59,262 - INFO - 수집 완료: 비교신학 (3766 chars)
2025-08-16 21:44:59,262 - INFO - 진행률: 10/20 - 유효 문서: 9
2025-08-16 21:45:00,352 - WARNING - 내용이 너무 짧음: 신격 (131 chars)
2025-08-16 21:45:00,599 - INFO - 수집 완료: 세계관 (3957 chars)
2025-08-16 21:45:00,600 - INFO - 진행률: 12/20 - 유효 문서: 10
2025-08-16 21:45:01,082 - WARNING - 내용이 너무 짧음: 신성 (종교) (0 chars)
2025-08-16 21:45:01,516 - INFO - 수집 완료: 예배 (1740 chars)
2025-08-16 21:45:01,516 - INFO - 진행률: 14/20 - 유효 문서: 11
2025-08-16 21:45:02,219 - WARNING - 내용이 너무 짧음: 우상숭배 (112 chars)
2025-08-16 21:45:02,956 - INFO - 수집 완료: 조상숭배 (584 chars)
2025-08-16 21:45:02,956 - INFO - 진행률: 16/20 - 유효 문서: 12
2025-08-16 21:45:03,485 - INFO - 수집 완료: 제단 (267 chars)
2025-08-16 21:45:03,485 - INFO - 진행률: 17/20 - 유효 문서: 13
2025-08-16 21:45:04,021 - INFO - 수집 완료: 종교적 교훈 (444 chars)
2025-08-16 21:45:04,021 - INFO - 진행률: 18/20 - 유효 문서: 14
2025-08-16 21:45:04,808 - WARNING - 내용이 너무 짧음: 종교철학 (191 chars)
2025-08-16 21:45:05,297 - WARNING - 내용이 너무 짧음: 철학적 신학 (153 chars)
2025-08-16 21:45:05,299 - INFO - 데이터 저장 완료: data/culture_religion.jsonl (14 문서)
2025-08-16 21:45:05,435 - INFO - 커스텀 소스로 데이터 수집 시작: category = 신화
2025-08-16 21:45:05,435 - INFO - 카테고리에서 링크 수집 중: 신화
2025-08-16 21:45:06,584 - INFO - 카테고리에서 33개 링크 발견
2025-08-16 21:45:08,117 - INFO - 수집 완료: 신화 (1612 chars)
2025-08-16 21:45:08,117 - INFO - 진행률: 1/20 - 유효 문서: 1
2025-08-16 21:45:08,625 - INFO - 수집 완료: 가나안 종교 (2132 chars)
2025-08-16 21:45:08,625 - INFO - 진행률: 2/20 - 유효 문서: 2
2025-08-16 21:45:08,823 - INFO - 수집 완료: 건국 신화 (1894 chars)
2025-08-16 21:45:08,823 - INFO - 진행률: 3/20 - 유효 문서: 3
2025-08-16 21:45:09,279 - INFO - 수집 완료: 경문왕 (1775 chars)
2025-08-16 21:45:09,279 - INFO - 진행률: 4/20 - 유효 문서: 4
2025-08-16 21:45:09,927 - INFO - 수집 완료: 길가메시 (14492 chars)
2025-08-16 21:45:09,928 - INFO - 진행률: 5/20 - 유효 문서: 5
2025-08-16 21:45:09,963 - INFO - 수집 완료: 노르드 신화 (5794 chars)
2025-08-16 21:45:09,964 - INFO - 진행률: 6/20 - 유효 문서: 6
2025-08-16 21:45:11,075 - INFO - 수집 완료: 달기 (2984 chars)
2025-08-16 21:45:11,075 - INFO - 진행률: 7/20 - 유효 문서: 7
2025-08-16 21:45:11,135 - INFO - 수집 완료: 닌우르타 (9048 chars)
2025-08-16 21:45:11,135 - INFO - 진행률: 8/20 - 유효 문서: 8
2025-08-16 21:45:11,753 - WARNING - 내용이 너무 짧음: 데곰 (120 chars)
2025-08-16 21:45:12,492 - WARNING - 내용이 너무 짧음: 델링그 (170 chars)
2025-08-16 21:45:12,920 - WARNING - 내용이 너무 짧음: 디에우스 (133 chars)
2025-08-16 21:45:13,556 - INFO - 수집 완료: 멜기세덱 (2748 chars)
2025-08-16 21:45:13,556 - INFO - 진행률: 12/20 - 유효 문서: 9
2025-08-16 21:45:14,129 - INFO - 수집 완료: 모냐이 (792 chars)
2025-08-16 21:45:14,129 - INFO - 진행률: 13/20 - 유효 문서: 10
2025-08-16 21:45:14,680 - INFO - 수집 완료: 서동요 (2654 chars)
2025-08-16 21:45:14,680 - INFO - 진행률: 14/20 - 유효 문서: 11
2025-08-16 21:45:14,931 - INFO - 수집 완료: 민족 신화 (767 chars)
2025-08-16 21:45:14,931 - INFO - 진행률: 15/20 - 유효 문서: 12
2025-08-16 21:45:15,816 - INFO - 수집 완료: 성이성 (4127 chars)
2025-08-16 21:45:15,817 - INFO - 진행률: 16/20 - 유효 문서: 13
2025-08-16 21:45:16,512 - INFO - 수집 완료: 선도산성모 (1605 chars)
2025-08-16 21:45:16,512 - INFO - 진행률: 17/20 - 유효 문서: 14
2025-08-16 21:45:16,526 - INFO - 수집 완료: 소백손 (585 chars)
2025-08-16 21:45:16,526 - INFO - 진행률: 18/20 - 유효 문서: 15
2025-08-16 21:45:17,950 - INFO - 수집 완료: 수라파드마 (1336 chars)
2025-08-16 21:45:17,950 - INFO - 진행률: 19/20 - 유효 문서: 16
2025-08-16 21:45:18,117 - INFO - 수집 완료: 시무르그 (358 chars)
2025-08-16 21:45:18,118 - INFO - 진행률: 20/20 - 유효 문서: 17
2025-08-16 21:45:18,119 - INFO - 데이터 저장 완료: data/culture_mythology.jsonl (17 문서)
2025-08-16 21:45:18,254 - INFO - 커스텀 소스로 데이터 수집 시작: search = 대한민국 정치
2025-08-16 21:45:18,254 - INFO - 검색어로 링크 수집 중: 대한민국 정치
2025-08-16 21:45:19,159 - INFO - 검색에서 15개 링크 발견
2025-08-16 21:45:20,402 - INFO - 수집 완료: 대한민국의 정치 (7911 chars)
2025-08-16 21:45:20,402 - INFO - 진행률: 1/15 - 유효 문서: 1
2025-08-16 21:45:20,513 - INFO - 수집 완료: 대한민국 대통령 목록 (1790 chars)
2025-08-16 21:45:20,513 - INFO - 진행률: 2/15 - 유효 문서: 2
2025-08-16 21:45:20,831 - INFO - 수집 완료: 대한민국 (51422 chars)
2025-08-16 21:45:20,832 - INFO - 진행률: 3/15 - 유효 문서: 3
2025-08-16 21:45:21,585 - INFO - 수집 완료: 대한민국 국회 (3576 chars)
2025-08-16 21:45:21,586 - INFO - 진행률: 4/15 - 유효 문서: 4
2025-08-16 21:45:21,647 - INFO - 수집 완료: 대한민국의 중앙행정기관 (2960 chars)
2025-08-16 21:45:21,648 - INFO - 진행률: 5/15 - 유효 문서: 5
2025-08-16 21:45:21,978 - INFO - 수집 완료: 대한민국 대통령 (8059 chars)
2025-08-16 21:45:21,978 - INFO - 진행률: 6/15 - 유효 문서: 6
2025-08-16 21:45:22,852 - INFO - 수집 완료: 대한민국 제20대 대통령 선거 (2203 chars)
2025-08-16 21:45:22,858 - INFO - 진행률: 7/15 - 유효 문서: 7
2025-08-16 21:45:22,968 - INFO - 수집 완료: 대한민국 제21대 대통령 선거 (4994 chars)
2025-08-16 21:45:22,968 - INFO - 진행률: 8/15 - 유효 문서: 8
2025-08-16 21:45:23,260 - INFO - 수집 완료: 대한민국 제22대 국회의원 선거 (5263 chars)
2025-08-16 21:45:23,261 - INFO - 진행률: 9/15 - 유효 문서: 9
2025-08-16 21:45:24,002 - INFO - 수집 완료: 대한민국 헌법 (11345 chars)
2025-08-16 21:45:24,002 - INFO - 진행률: 10/15 - 유효 문서: 10
2025-08-16 21:45:24,064 - WARNING - 내용이 너무 짧음: 대한민국의 의전서열 (129 chars)
2025-08-16 21:45:24,407 - INFO - 수집 완료: 대한민국의 국기 (6197 chars)
2025-08-16 21:45:24,407 - INFO - 진행률: 12/15 - 유효 문서: 11
2025-08-16 21:45:25,120 - INFO - 수집 완료: 대한민국 헌법 전문 (994 chars)
2025-08-16 21:45:25,121 - INFO - 진행률: 13/15 - 유효 문서: 12
2025-08-16 21:45:25,186 - INFO - 수집 완료: 수도권 (대한민국) (1261 chars)
2025-08-16 21:45:25,186 - INFO - 진행률: 14/15 - 유효 문서: 13
2025-08-16 21:45:25,576 - INFO - 수집 완료: 대한민국 국무총리 (1165 chars)
2025-08-16 21:45:25,576 - INFO - 진행률: 15/15 - 유효 문서: 14
2025-08-16 21:45:25,578 - INFO - 데이터 저장 완료: data/politics_korea.jsonl (14 문서)
2025-08-16 21:45:25,719 - INFO - 커스텀 소스로 데이터 수집 시작: category = 경제학
2025-08-16 21:45:25,719 - INFO - 카테고리에서 링크 수집 중: 경제학
2025-08-16 21:45:27,042 - INFO - 카테고리에서 18개 링크 발견
2025-08-16 21:45:28,479 - INFO - 수집 완료: 게임 이론 (5679 chars)
2025-08-16 21:45:28,479 - INFO - 진행률: 1/15 - 유효 문서: 1
2025-08-16 21:45:28,637 - INFO - 수집 완료: 경영 전략가 (271 chars)
2025-08-16 21:45:28,637 - INFO - 진행률: 2/15 - 유효 문서: 2
2025-08-16 21:45:29,022 - INFO - 수집 완료: 경제학 (10234 chars)
2025-08-16 21:45:29,023 - INFO - 진행률: 3/15 - 유효 문서: 3
2025-08-16 21:45:30,498 - INFO - 수집 완료: 과소비 (4075 chars)
2025-08-16 21:45:30,498 - INFO - 진행률: 4/15 - 유효 문서: 4
2025-08-16 21:45:30,656 - INFO - 수집 완료: 도넛경제학 (413 chars)
2025-08-16 21:45:30,656 - INFO - 진행률: 5/15 - 유효 문서: 5
2025-08-16 21:45:30,695 - INFO - 수집 완료: 국제수지 (9067 chars)
2025-08-16 21:45:30,695 - INFO - 진행률: 6/15 - 유효 문서: 6
2025-08-16 21:45:32,333 - INFO - 수집 완료: 불확실성 (1229 chars)
2025-08-16 21:45:32,333 - INFO - 진행률: 7/15 - 유효 문서: 7
2025-08-16 21:45:32,471 - INFO - 수집 완료: 복잡계 경제학 (536 chars)
2025-08-16 21:45:32,471 - INFO - 진행률: 8/15 - 유효 문서: 8
2025-08-16 21:45:32,538 - INFO - 수집 완료: 법경제학 (602 chars)
2025-08-16 21:45:32,539 - INFO - 진행률: 9/15 - 유효 문서: 9
2025-08-16 21:45:34,033 - INFO - 수집 완료: 비뚤어진 인센티브 (952 chars)
2025-08-16 21:45:34,033 - INFO - 진행률: 10/15 - 유효 문서: 10
2025-08-16 21:45:34,089 - WARNING - 내용이 너무 짧음: 산입 (0 chars)
2025-08-16 21:45:34,726 - WARNING - 내용이 너무 짧음: 우울한 학문 (197 chars)
2025-08-16 21:45:35,640 - INFO - 수집 완료: 전략컨설팅 (6539 chars)
2025-08-16 21:45:35,640 - INFO - 진행률: 13/15 - 유효 문서: 11
2025-08-16 21:45:35,891 - INFO - 수집 완료: 편익 (225 chars)
2025-08-16 21:45:35,891 - INFO - 진행률: 14/15 - 유효 문서: 12
2025-08-16 21:45:36,151 - INFO - 수집 완료: 한국경제발전학회 (262 chars)
2025-08-16 21:45:36,151 - INFO - 진행률: 15/15 - 유효 문서: 13
2025-08-16 21:45:36,152 - INFO - 데이터 저장 완료: data/economy_economics.jsonl (13 문서)
2025-08-16 21:45:36,294 - INFO - 커스텀 소스로 데이터 수집 시작: category = 대한민국의_경제
2025-08-16 21:45:36,294 - INFO - 카테고리에서 링크 수집 중: 대한민국의_경제
2025-08-16 21:45:37,297 - INFO - 카테고리에서 61개 링크 발견
2025-08-16 21:45:38,626 - INFO - 수집 완료: 6·27 부동산 대책 (597 chars)
2025-08-16 21:45:38,627 - INFO - 진행률: 1/15 - 유효 문서: 1
2025-08-16 21:45:39,083 - INFO - 수집 완료: 3백공업 (709 chars)
2025-08-16 21:45:39,083 - INFO - 진행률: 2/15 - 유효 문서: 2
2025-08-16 21:45:39,161 - INFO - 수집 완료: 대한민국의 경제 (17221 chars)
2025-08-16 21:45:39,162 - INFO - 진행률: 3/15 - 유효 문서: 3
2025-08-16 21:45:40,209 - INFO - 수집 완료: 747공약 (328 chars)
2025-08-16 21:45:40,209 - INFO - 진행률: 4/15 - 유효 문서: 4
2025-08-16 21:45:40,297 - WARNING - 내용이 너무 짧음: ₩ (70 chars)
2025-08-16 21:45:40,895 - WARNING - 내용이 너무 짧음: K-OTC (75 chars)
2025-08-16 21:45:41,480 - INFO - 수집 완료: 개성공업지구 (7193 chars)
2025-08-16 21:45:41,480 - INFO - 진행률: 7/15 - 유효 문서: 5
2025-08-16 21:45:41,648 - INFO - 수집 완료: 가마우지 경제 (840 chars)
2025-08-16 21:45:41,648 - INFO - 진행률: 8/15 - 유효 문서: 6
2025-08-16 21:45:42,741 - INFO - 수집 완료: 경제특구 (273 chars)
2025-08-16 21:45:42,741 - INFO - 진행률: 9/15 - 유효 문서: 7
2025-08-16 21:45:43,276 - INFO - 수집 완료: 대한민국 공정거래위원회 (5256 chars)
2025-08-16 21:45:43,276 - INFO - 진행률: 10/15 - 유효 문서: 8
2025-08-16 21:45:43,286 - INFO - 수집 완료: 공공기관 부채 (378 chars)
2025-08-16 21:45:43,286 - INFO - 진행률: 11/15 - 유효 문서: 9
2025-08-16 21:45:44,095 - WARNING - 내용이 너무 짧음: 대한민국의 국가산업단지 목록 (86 chars)
2025-08-16 21:45:44,697 - WARNING - 내용이 너무 짧음: 국민검사청구제도 (134 chars)
2025-08-16 21:45:44,868 - INFO - 수집 완료: 금융소득종합과세 (922 chars)
2025-08-16 21:45:44,868 - INFO - 진행률: 14/15 - 유효 문서: 10
2025-08-16 21:45:45,187 - INFO - 수집 완료: 금융실명제 (2178 chars)
2025-08-16 21:45:45,187 - INFO - 진행률: 15/15 - 유효 문서: 11
2025-08-16 21:45:45,188 - INFO - 데이터 저장 완료: data/economy_korea.jsonl (11 문서)
2025-08-16 21:45:45,329 - INFO - 커스텀 소스로 데이터 수집 시작: category = 법
2025-08-16 21:45:45,329 - INFO - 카테고리에서 링크 수집 중: 법
2025-08-16 21:45:47,225 - INFO - 카테고리에서 102개 링크 발견
2025-08-16 21:45:48,675 - INFO - 수집 완료: 법 (10811 chars)
2025-08-16 21:45:48,675 - INFO - 진행률: 1/15 - 유효 문서: 1
2025-08-16 21:45:48,949 - INFO - 수집 완료: 가사소송 (331 chars)
2025-08-16 21:45:48,949 - INFO - 진행률: 2/15 - 유효 문서: 2
2025-08-16 21:45:49,526 - INFO - 수집 완료: 1713년 국사조칙 (312 chars)
2025-08-16 21:45:49,527 - INFO - 진행률: 3/15 - 유효 문서: 3
2025-08-16 21:45:50,462 - WARNING - 내용이 너무 짧음: 경과조치청구권 (98 chars)
2025-08-16 21:45:50,633 - INFO - 수집 완료: 계고 (법) (414 chars)
2025-08-16 21:45:50,634 - INFO - 진행률: 5/15 - 유효 문서: 4
2025-08-16 21:45:51,163 - WARNING - 내용이 너무 짧음: 경비계엄 (159 chars)
2025-08-16 21:45:52,277 - INFO - 수집 완료: 계약명의신탁 (1279 chars)
2025-08-16 21:45:52,278 - INFO - 진행률: 7/15 - 유효 문서: 5
2025-08-16 21:45:52,524 - WARNING - 내용이 너무 짧음: 계약체결불능 (54 chars)
2025-08-16 21:45:52,587 - WARNING - 내용이 너무 짧음: 계획존속청구권 (197 chars)
2025-08-16 21:45:53,910 - WARNING - 내용이 너무 짧음: 고리대금 (0 chars)
2025-08-16 21:45:54,028 - INFO - 수집 완료: 공포일 (404 chars)
2025-08-16 21:45:54,029 - INFO - 진행률: 11/15 - 유효 문서: 6
2025-08-16 21:45:55,548 - INFO - 수집 완료: 공통 기준 (1415 chars)
2025-08-16 21:45:55,549 - INFO - 진행률: 12/15 - 유효 문서: 7
2025-08-16 21:45:55,899 - WARNING - 내용이 너무 짧음: 구속영장실질심사제 (150 chars)
2025-08-16 21:45:56,017 - INFO - 수집 완료: 관습법 (4582 chars)
2025-08-16 21:45:56,018 - INFO - 진행률: 14/15 - 유효 문서: 8
2025-08-16 21:45:57,165 - INFO - 수집 완료: 구속적부심사 (516 chars)
2025-08-16 21:45:57,165 - INFO - 진행률: 15/15 - 유효 문서: 9
2025-08-16 21:45:57,166 - INFO - 데이터 저장 완료: data/society_law.jsonl (9 문서)
2025-08-16 21:45:57,301 - INFO - 커스텀 소스로 데이터 수집 시작: category = 국제_관계
2025-08-16 21:45:57,301 - INFO - 카테고리에서 링크 수집 중: 국제_관계
2025-08-16 21:45:58,215 - INFO - 카테고리에서 100개 링크 발견
2025-08-16 21:46:00,108 - INFO - 수집 완료: 국제 관계 (2936 chars)
2025-08-16 21:46:00,113 - INFO - 진행률: 1/15 - 유효 문서: 1
2025-08-16 21:46:00,135 - WARNING - 내용이 너무 짧음: 1조 달러 클럽 (105 chars)
2025-08-16 21:46:00,200 - INFO - 수집 완료: 강국 (971 chars)
2025-08-16 21:46:00,200 - INFO - 진행률: 3/15 - 유효 문서: 2
2025-08-16 21:46:02,002 - INFO - 수집 완료: 개발원조 (570 chars)
2025-08-16 21:46:02,003 - INFO - 진행률: 4/15 - 유효 문서: 3
2025-08-16 21:46:02,154 - INFO - 수집 완료: 강대국 (1870 chars)
2025-08-16 21:46:02,155 - INFO - 진행률: 5/15 - 유효 문서: 4
2025-08-16 21:46:02,217 - INFO - 수집 완료: 강대국의 최소 (224 chars)
2025-08-16 21:46:02,218 - INFO - 진행률: 6/15 - 유효 문서: 5
2025-08-16 21:46:04,247 - INFO - 수집 완료: 국가승인 (4390 chars)
2025-08-16 21:46:04,252 - INFO - 진행률: 7/15 - 유효 문서: 6
2025-08-16 21:46:04,271 - INFO - 수집 완료: 국가 역량 종합 지수 (511 chars)
2025-08-16 21:46:04,272 - INFO - 진행률: 8/15 - 유효 문서: 7
2025-08-16 21:46:04,782 - INFO - 수집 완료: 공해의 자유 (448 chars)
2025-08-16 21:46:04,782 - INFO - 진행률: 9/15 - 유효 문서: 8
2025-08-16 21:46:05,583 - INFO - 수집 완료: 국력 (599 chars)
2025-08-16 21:46:05,583 - INFO - 진행률: 10/15 - 유효 문서: 9
2025-08-16 21:46:06,278 - INFO - 수집 완료: 국빈 방문 (3499 chars)
2025-08-16 21:46:06,278 - INFO - 진행률: 11/15 - 유효 문서: 10
2025-08-16 21:46:06,678 - INFO - 수집 완료: 국제 레짐 (429 chars)
2025-08-16 21:46:06,679 - INFO - 진행률: 12/15 - 유효 문서: 11
2025-08-16 21:46:06,777 - INFO - 수집 완료: 국제 관계 (1919년-1939년) (30022 chars)
2025-08-16 21:46:06,777 - INFO - 진행률: 13/15 - 유효 문서: 12
2025-08-16 21:46:07,886 - WARNING - 내용이 너무 짧음: 국제 분쟁 (73 chars)
2025-08-16 21:46:08,116 - INFO - 수집 완료: 국제 의회 연맹 (635 chars)
2025-08-16 21:46:08,116 - INFO - 진행률: 15/15 - 유효 문서: 13
2025-08-16 21:46:08,117 - INFO - 데이터 저장 완료: data/politics_international.jsonl (13 문서)
2025-08-16 21:46:08,248 - INFO - 커스텀 소스로 데이터 수집 시작: category = 대한민국의_정당
2025-08-16 21:46:08,248 - INFO - 카테고리에서 링크 수집 중: 대한민국의_정당
2025-08-16 21:46:09,063 - INFO - 카테고리에서 57개 링크 발견
2025-08-16 21:46:10,477 - WARNING - 내용이 너무 짧음: 대한민국의 정당 목록 (187 chars)
2025-08-16 21:46:10,610 - INFO - 수집 완료: 대한민국 정당법 (366 chars)
2025-08-16 21:46:10,610 - INFO - 진행률: 2/15 - 유효 문서: 1
2025-08-16 21:46:11,292 - INFO - 수집 완료: 대한민국의 정당 역사 (7085 chars)
2025-08-16 21:46:11,293 - INFO - 진행률: 3/15 - 유효 문서: 2
2025-08-16 21:46:12,087 - INFO - 수집 완료: 대한민국의 종교정당 (1649 chars)
2025-08-16 21:46:12,088 - INFO - 진행률: 4/15 - 유효 문서: 3
2025-08-16 21:46:13,022 - INFO - 수집 완료: 대한민국의 민주당계 정당 (16523 chars)
2025-08-16 21:46:13,022 - INFO - 진행률: 5/15 - 유효 문서: 4
2025-08-16 21:46:13,284 - INFO - 수집 완료: 대한민국의 보수정당 (5919 chars)
2025-08-16 21:46:13,284 - INFO - 진행률: 6/15 - 유효 문서: 5
2025-08-16 21:46:13,695 - WARNING - 내용이 너무 짧음: K정치혁신연합당 (182 chars)
2025-08-16 21:46:14,728 - WARNING - 내용이 너무 짧음: 가락당 (188 chars)
2025-08-16 21:46:14,871 - INFO - 수집 완료: 개혁신당 (1312 chars)
2025-08-16 21:46:14,871 - INFO - 진행률: 9/15 - 유효 문서: 6
2025-08-16 21:46:15,010 - INFO - 수집 완료: 가나반공정당코리아 (231 chars)
2025-08-16 21:46:15,010 - INFO - 진행률: 10/15 - 유효 문서: 7
2025-08-16 21:46:16,490 - INFO - 수집 완료: 고려민주당 (1380 chars)
2025-08-16 21:46:16,490 - INFO - 진행률: 11/15 - 유효 문서: 8
2025-08-16 21:46:16,792 - INFO - 수집 완료: 국민당 (1945년) (724 chars)
2025-08-16 21:46:16,792 - INFO - 진행률: 12/15 - 유효 문서: 9
2025-08-16 21:46:16,869 - INFO - 수집 완료: 국가혁명당 (1465 chars)
2025-08-16 21:46:16,870 - INFO - 진행률: 13/15 - 유효 문서: 10
2025-08-16 21:46:18,516 - INFO - 수집 완료: 국민대통합당 (2015년) (441 chars)
2025-08-16 21:46:18,517 - INFO - 진행률: 14/15 - 유효 문서: 11
2025-08-16 21:46:18,610 - WARNING - 내용이 너무 짧음: 국민연합 (대한민국) (152 chars)
2025-08-16 21:46:18,612 - INFO - 데이터 저장 완료: data/politics_korean_parties.jsonl (11 문서)
2025-08-16 21:46:18,757 - INFO - 커스텀 소스로 데이터 수집 시작: category = 사회학
2025-08-16 21:46:18,757 - INFO - 카테고리에서 링크 수집 중: 사회학
2025-08-16 21:46:19,817 - INFO - 카테고리에서 106개 링크 발견
2025-08-16 21:46:21,776 - INFO - 수집 완료: 3세대가족 (261 chars)
2025-08-16 21:46:21,777 - INFO - 진행률: 1/15 - 유효 문서: 1
2025-08-16 21:46:22,088 - INFO - 수집 완료: Antilocution (1737 chars)
2025-08-16 21:46:22,094 - INFO - 진행률: 2/15 - 유효 문서: 2
2025-08-16 21:46:22,114 - INFO - 수집 완료: 사회학 (14045 chars)
2025-08-16 21:46:22,114 - INFO - 진행률: 3/15 - 유효 문서: 3
2025-08-16 21:46:23,599 - INFO - 수집 완료: 감정 노동 (7019 chars)
2025-08-16 21:46:23,600 - INFO - 진행률: 4/15 - 유효 문서: 4
2025-08-16 21:46:23,621 - INFO - 수집 완료: 갈등 해결 (451 chars)
2025-08-16 21:46:23,621 - INFO - 진행률: 5/15 - 유효 문서: 5
2025-08-16 21:46:24,124 - INFO - 수집 완료: 갈등 회피 (4951 chars)
2025-08-16 21:46:24,124 - INFO - 진행률: 6/15 - 유효 문서: 6
2025-08-16 21:46:24,776 - INFO - 수집 완료: 거버넌스 (1302 chars)
2025-08-16 21:46:24,776 - INFO - 진행률: 7/15 - 유효 문서: 7
2025-08-16 21:46:25,005 - INFO - 수집 완료: 감정적 고립 (1796 chars)
2025-08-16 21:46:25,006 - INFO - 진행률: 8/15 - 유효 문서: 8
2025-08-16 21:46:25,912 - INFO - 수집 완료: 계급 사회 (1624 chars)
2025-08-16 21:46:25,912 - INFO - 진행률: 9/15 - 유효 문서: 9
2025-08-16 21:46:26,683 - INFO - 수집 완료: 계급협조론 (1607 chars)
2025-08-16 21:46:26,683 - INFO - 진행률: 10/15 - 유효 문서: 10
2025-08-16 21:46:27,193 - INFO - 수집 완료: 공동사회와 이익사회 (902 chars)
2025-08-16 21:46:27,194 - INFO - 진행률: 11/15 - 유효 문서: 11
2025-08-16 21:46:28,223 - INFO - 수집 완료: 공유지의 비극 (14355 chars)
2025-08-16 21:46:28,223 - INFO - 진행률: 12/15 - 유효 문서: 12
2025-08-16 21:46:28,696 - INFO - 수집 완료: 과학사회학 (13428 chars)
2025-08-16 21:46:28,696 - INFO - 진행률: 13/15 - 유효 문서: 13
2025-08-16 21:46:29,246 - INFO - 수집 완료: 과학지식사회학 (9447 chars)
2025-08-16 21:46:29,247 - INFO - 진행률: 14/15 - 유효 문서: 14
2025-08-16 21:46:29,866 - INFO - 수집 완료: 교육사회학 (725 chars)
2025-08-16 21:46:29,866 - INFO - 진행률: 15/15 - 유효 문서: 15
2025-08-16 21:46:29,868 - INFO - 데이터 저장 완료: data/society_sociology.jsonl (15 문서)
2025-08-16 21:46:29,997 - INFO - 커스텀 소스로 데이터 수집 시작: category = 금융
2025-08-16 21:46:29,997 - INFO - 카테고리에서 링크 수집 중: 금융
2025-08-16 21:46:31,625 - INFO - 카테고리에서 135개 링크 발견
2025-08-16 21:46:33,363 - WARNING - 내용이 너무 짧음: 가치주 (177 chars)
2025-08-16 21:46:33,385 - INFO - 수집 완료: 간접투자상품 (295 chars)
2025-08-16 21:46:33,385 - INFO - 진행률: 2/15 - 유효 문서: 1
2025-08-16 21:46:33,666 - INFO - 수집 완료: 금융 (2463 chars)
2025-08-16 21:46:33,666 - INFO - 진행률: 3/15 - 유효 문서: 2
2025-08-16 21:46:34,787 - WARNING - 내용이 너무 짧음: 고리대금 (0 chars)
2025-08-16 21:46:34,817 - INFO - 수집 완료: 개인종합자산관리계좌 (497 chars)
2025-08-16 21:46:34,818 - INFO - 진행률: 5/15 - 유효 문서: 3
2025-08-16 21:46:35,395 - WARNING - 내용이 너무 짧음: 개인 금융 (89 chars)
2025-08-16 21:46:36,381 - INFO - 수집 완료: 고정비율 (331 chars)
2025-08-16 21:46:36,381 - INFO - 진행률: 7/15 - 유효 문서: 4
2025-08-16 21:46:36,505 - INFO - 수집 완료: 공개 회사 (809 chars)
2025-08-16 21:46:36,505 - INFO - 진행률: 8/15 - 유효 문서: 5
2025-08-16 21:46:36,703 - WARNING - 내용이 너무 짧음: 골드뱅킹 (54 chars)
2025-08-16 21:46:38,121 - INFO - 수집 완료: 공매도 (1968 chars)
2025-08-16 21:46:38,121 - INFO - 진행률: 10/15 - 유효 문서: 6
2025-08-16 21:46:38,286 - INFO - 수집 완료: 구속성 예금 (1330 chars)
2025-08-16 21:46:38,286 - INFO - 진행률: 11/15 - 유효 문서: 7
2025-08-16 21:46:38,601 - INFO - 수집 완료: 공개매수 (1640 chars)
2025-08-16 21:46:38,601 - INFO - 진행률: 12/15 - 유효 문서: 8
2025-08-16 21:46:39,225 - WARNING - 내용이 너무 짧음: 구제융자 (103 chars)
2025-08-16 21:46:39,889 - INFO - 수집 완료: 국제가치평가사 (1359 chars)
2025-08-16 21:46:39,889 - INFO - 진행률: 14/15 - 유효 문서: 9
2025-08-16 21:46:40,003 - WARNING - 내용이 너무 짧음: 국제공인투자분석사 (189 chars)
2025-08-16 21:46:40,004 - INFO - 데이터 저장 완료: data/economy_finance.jsonl (9 문서)
2025-08-16 21:46:40,139 - INFO - 커스텀 소스로 데이터 수집 시작: category = 한국의_인물
2025-08-16 21:46:40,139 - INFO - 카테고리에서 링크 수집 중: 한국의_인물
2025-08-16 21:46:40,907 - ERROR - 카테고리 링크 수집 실패: 404 Client Error: Not Found for url: https://ko.wikipedia.org/wiki/%EB%B6%84%EB%A5%98:%ED%95%9C%EA%B5%AD%EC%9D%98_%EC%9D%B8%EB%AC%BC
2025-08-16 21:46:40,908 - ERROR - 링크 수집 실패
2025-08-16 21:46:41,049 - INFO - 커스텀 소스로 데이터 수집 시작: category = 철학
2025-08-16 21:46:41,049 - INFO - 카테고리에서 링크 수집 중: 철학
2025-08-16 21:46:42,313 - INFO - 카테고리에서 98개 링크 발견
2025-08-16 21:46:43,509 - INFO - 수집 완료: 철학 (3195 chars)
2025-08-16 21:46:43,509 - INFO - 진행률: 1/20 - 유효 문서: 1
2025-08-16 21:46:44,276 - INFO - 수집 완료: Fides quaerens intellectum (551 chars)
2025-08-16 21:46:44,277 - INFO - 진행률: 2/20 - 유효 문서: 2
2025-08-16 21:46:44,631 - INFO - 수집 완료: 가치중립 (1118 chars)
2025-08-16 21:46:44,631 - INFO - 진행률: 3/20 - 유효 문서: 3
2025-08-16 21:46:44,704 - INFO - 수집 완료: ThetaHealing (770 chars)
2025-08-16 21:46:44,704 - INFO - 진행률: 4/20 - 유효 문서: 4
2025-08-16 21:46:46,086 - WARNING - 내용이 너무 짧음: 감각론 (148 chars)
2025-08-16 21:46:46,096 - WARNING - 내용이 너무 짧음: 개념실재론 (127 chars)
2025-08-16 21:46:46,325 - INFO - 수집 완료: 개념 (463 chars)
2025-08-16 21:46:46,325 - INFO - 진행률: 7/20 - 유효 문서: 5
2025-08-16 21:46:47,744 - INFO - 수집 완료: 결정론 (2757 chars)
2025-08-16 21:46:47,745 - INFO - 진행률: 8/20 - 유효 문서: 6
2025-08-16 21:46:48,103 - INFO - 수집 완료: 개연론 (422 chars)
2025-08-16 21:46:48,108 - INFO - 진행률: 9/20 - 유효 문서: 7
2025-08-16 21:46:48,112 - INFO - 수집 완료: 결합술 (270 chars)
2025-08-16 21:46:48,112 - INFO - 진행률: 10/20 - 유효 문서: 8
2025-08-16 21:46:49,223 - INFO - 수집 완료: 과정철학 (480 chars)
2025-08-16 21:46:49,223 - INFO - 진행률: 11/20 - 유효 문서: 9
2025-08-16 21:46:49,529 - INFO - 수집 완료: 과정신학 (269 chars)
2025-08-16 21:46:49,529 - INFO - 진행률: 12/20 - 유효 문서: 10
2025-08-16 21:46:49,567 - INFO - 수집 완료: 공공철학 (3346 chars)
2025-08-16 21:46:49,567 - INFO - 진행률: 13/20 - 유효 문서: 11
2025-08-16 21:46:50,662 - INFO - 수집 완료: 교훈 (331 chars)
2025-08-16 21:46:50,662 - INFO - 진행률: 14/20 - 유효 문서: 12
2025-08-16 21:46:50,901 - INFO - 수집 완료: 관념 (401 chars)
2025-08-16 21:46:50,901 - INFO - 진행률: 15/20 - 유효 문서: 13
2025-08-16 21:46:51,674 - INFO - 수집 완료: 과학과 종교의 관계 (4209 chars)
2025-08-16 21:46:51,674 - INFO - 진행률: 16/20 - 유효 문서: 14
2025-08-16 21:46:51,775 - WARNING - 내용이 너무 짧음: 나와 너 (169 chars)
2025-08-16 21:46:52,519 - WARNING - 내용이 너무 짧음: 내재 (0 chars)
2025-08-16 21:46:53,546 - INFO - 수집 완료: 논리주의 (294 chars)
2025-08-16 21:46:53,546 - INFO - 진행률: 19/20 - 유효 문서: 15
2025-08-16 21:46:53,850 - INFO - 수집 완료: 노마디즘 (436 chars)
2025-08-16 21:46:53,850 - INFO - 진행률: 20/20 - 유효 문서: 16
2025-08-16 21:46:53,851 - INFO - 데이터 저장 완료: data/society_philosophy.jsonl (16 문서)
2025-08-16 21:46:53,985 - INFO - 커스텀 소스로 데이터 수집 시작: category = 교육
2025-08-16 21:46:53,985 - INFO - 카테고리에서 링크 수집 중: 교육
2025-08-16 21:46:55,231 - INFO - 카테고리에서 76개 링크 발견
2025-08-16 21:46:56,453 - INFO - 수집 완료: 교육 (11928 chars)
2025-08-16 21:46:56,453 - INFO - 진행률: 1/20 - 유효 문서: 1
2025-08-16 21:46:56,829 - WARNING - 내용이 너무 짧음: ALU 사고기법 (124 chars)
2025-08-16 21:46:57,061 - INFO - 수집 완료: AllviA (1248 chars)
2025-08-16 21:46:57,061 - INFO - 진행률: 3/20 - 유효 문서: 2
2025-08-16 21:46:58,256 - WARNING - 내용이 너무 짧음: 감수성 훈련 (193 chars)
2025-08-16 21:46:58,270 - INFO - 수집 완료: 강좌 (360 chars)
2025-08-16 21:46:58,270 - INFO - 진행률: 5/20 - 유효 문서: 3
2025-08-16 21:46:58,661 - INFO - 수집 완료: 계기 교육 (207 chars)
2025-08-16 21:46:58,661 - INFO - 진행률: 6/20 - 유효 문서: 4
2025-08-16 21:47:00,091 - INFO - 수집 완료: 과정 중심 평가 (252 chars)
2025-08-16 21:47:00,091 - INFO - 진행률: 7/20 - 유효 문서: 5
2025-08-16 21:47:00,294 - INFO - 수집 완료: 교도소 교육 (812 chars)
2025-08-16 21:47:00,294 - INFO - 진행률: 8/20 - 유효 문서: 6
2025-08-16 21:47:00,453 - INFO - 수집 완료: 과외 (3951 chars)
2025-08-16 21:47:00,454 - INFO - 진행률: 9/20 - 유효 문서: 7
2025-08-16 21:47:01,507 - INFO - 수집 완료: 교사론 (아우구스티누스) (820 chars)
2025-08-16 21:47:01,507 - INFO - 진행률: 10/20 - 유효 문서: 8
2025-08-16 21:47:01,706 - INFO - 수집 완료: 교사의 권위 (2554 chars)
2025-08-16 21:47:01,707 - INFO - 진행률: 11/20 - 유효 문서: 9
2025-08-16 21:47:02,307 - INFO - 수집 완료: 교사의 윤리 (3798 chars)
2025-08-16 21:47:02,307 - INFO - 진행률: 12/20 - 유효 문서: 10
2025-08-16 21:47:02,940 - INFO - 수집 완료: 교사의 자질 (2900 chars)
2025-08-16 21:47:02,940 - INFO - 진행률: 13/20 - 유효 문서: 11
2025-08-16 21:47:03,840 - INFO - 수집 완료: 교수 설계 (1868 chars)
2025-08-16 21:47:03,841 - INFO - 진행률: 14/20 - 유효 문서: 12
2025-08-16 21:47:03,993 - INFO - 수집 완료: 교실 (780 chars)
2025-08-16 21:47:03,993 - INFO - 진행률: 15/20 - 유효 문서: 13
2025-08-16 21:47:04,356 - INFO - 수집 완료: 교원능력개발평가 (690 chars)
2025-08-16 21:47:04,356 - INFO - 진행률: 16/20 - 유효 문서: 14
2025-08-16 21:47:05,427 - INFO - 수집 완료: 극기 훈련 (1463 chars)
2025-08-16 21:47:05,427 - INFO - 진행률: 17/20 - 유효 문서: 15
2025-08-16 21:47:05,847 - INFO - 수집 완료: 교육 이론 (4530 chars)
2025-08-16 21:47:05,848 - INFO - 진행률: 18/20 - 유효 문서: 16
2025-08-16 21:47:06,179 - INFO - 수집 완료: 교육공무직원 (1109 chars)
2025-08-16 21:47:06,179 - INFO - 진행률: 19/20 - 유효 문서: 17
2025-08-16 21:47:06,849 - INFO - 수집 완료: 교육기관 (235 chars)
2025-08-16 21:47:06,849 - INFO - 진행률: 20/20 - 유효 문서: 18
2025-08-16 21:47:06,850 - INFO - 데이터 저장 완료: data/society_education.jsonl (18 문서)
2025-08-16 21:47:06,989 - INFO - 커스텀 소스로 데이터 수집 시작: category = 스포츠
2025-08-16 21:47:06,989 - INFO - 카테고리에서 링크 수집 중: 스포츠
2025-08-16 21:47:08,314 - INFO - 카테고리에서 10개 링크 발견
2025-08-16 21:47:09,673 - INFO - 수집 완료: 스포츠 (6374 chars)
2025-08-16 21:47:09,673 - INFO - 진행률: 1/10 - 유효 문서: 1
2025-08-16 21:47:09,938 - INFO - 수집 완료: 소셜 스포츠 (911 chars)
2025-08-16 21:47:09,938 - INFO - 진행률: 2/10 - 유효 문서: 2
2025-08-16 21:47:10,940 - INFO - 수집 완료: 계주 (4456 chars)
2025-08-16 21:47:10,941 - INFO - 진행률: 3/10 - 유효 문서: 3
2025-08-16 21:47:11,481 - INFO - 수집 완료: 관중석 (518 chars)
2025-08-16 21:47:11,482 - INFO - 진행률: 4/10 - 유효 문서: 4
2025-08-16 21:47:11,554 - INFO - 수집 완료: 레저스포츠의 유형 (1318 chars)
2025-08-16 21:47:11,554 - INFO - 진행률: 5/10 - 유효 문서: 5
2025-08-16 21:47:12,366 - INFO - 수집 완료: 사무국 (스포츠) (481 chars)
2025-08-16 21:47:12,366 - INFO - 진행률: 6/10 - 유효 문서: 6
2025-08-16 21:47:12,914 - INFO - 수집 완료: 세미프로페셔널 스포츠 (280 chars)
2025-08-16 21:47:12,914 - INFO - 진행률: 7/10 - 유효 문서: 7
2025-08-16 21:47:12,989 - INFO - 수집 완료: 스노보드 빅 에어 (304 chars)
2025-08-16 21:47:12,989 - INFO - 진행률: 8/10 - 유효 문서: 8
2025-08-16 21:47:13,790 - INFO - 수집 완료: 운동협응 (1001 chars)
2025-08-16 21:47:13,790 - INFO - 진행률: 9/10 - 유효 문서: 9
2025-08-16 21:47:14,347 - INFO - 수집 완료: 잔디 경기 (1186 chars)
2025-08-16 21:47:14,347 - INFO - 진행률: 10/10 - 유효 문서: 10
2025-08-16 21:47:14,348 - INFO - 데이터 저장 완료: data/society_sports.jsonl (10 문서)
2025-08-16 21:47:14,479 - INFO - 커스텀 소스로 데이터 수집 시작: category = 대한민국의_사회
2025-08-16 21:47:14,479 - INFO - 카테고리에서 링크 수집 중: 대한민국의_사회
2025-08-16 21:47:14,779 - INFO - 카테고리에서 33개 링크 발견
2025-08-16 21:47:16,176 - INFO - 수집 완료: 86세대 (758 chars)
2025-08-16 21:47:16,176 - INFO - 진행률: 1/20 - 유효 문서: 1
2025-08-16 21:47:16,539 - INFO - 수집 완료: N포세대 (1420 chars)
2025-08-16 21:47:16,539 - INFO - 진행률: 2/20 - 유효 문서: 2
2025-08-16 21:47:17,389 - INFO - 수집 완료: 국가정보원 여론 조작 사건 (80226 chars)
2025-08-16 21:47:17,389 - INFO - 진행률: 3/20 - 유효 문서: 3
2025-08-16 21:47:17,959 - INFO - 수집 완료: 꼰대 (448 chars)
2025-08-16 21:47:17,960 - INFO - 진행률: 4/20 - 유효 문서: 4
2025-08-16 21:47:17,973 - INFO - 수집 완료: 국민정서법 (373 chars)
2025-08-16 21:47:17,974 - INFO - 진행률: 5/20 - 유효 문서: 5
2025-08-16 21:47:19,002 - INFO - 수집 완료: 노키즈존 (2722 chars)
2025-08-16 21:47:19,002 - INFO - 진행률: 6/20 - 유효 문서: 6
2025-08-16 21:47:19,400 - INFO - 수집 완료: 대한민국으로의 이민 (2783 chars)
2025-08-16 21:47:19,400 - INFO - 진행률: 7/20 - 유효 문서: 7
2025-08-16 21:47:20,378 - INFO - 수집 완료: 대한민국의 대마초 (2400 chars)
2025-08-16 21:47:20,379 - INFO - 진행률: 8/20 - 유효 문서: 8
2025-08-16 21:47:21,422 - INFO - 수집 완료: 대한민국의 예절 (4992 chars)
2025-08-16 21:47:21,422 - INFO - 진행률: 9/20 - 유효 문서: 9
2025-08-16 21:47:21,819 - INFO - 수집 완료: 대한민국의 성 (5182 chars)
2025-08-16 21:47:21,819 - INFO - 진행률: 10/20 - 유효 문서: 10
2025-08-16 21:47:22,237 - INFO - 수집 완료: 대한민국의 자살 (6466 chars)
2025-08-16 21:47:22,237 - INFO - 진행률: 11/20 - 유효 문서: 11
2025-08-16 21:47:23,091 - INFO - 수집 완료: 대한민국의 흡연 (7849 chars)
2025-08-16 21:47:23,092 - INFO - 진행률: 12/20 - 유효 문서: 12
2025-08-16 21:47:23,593 - INFO - 수집 완료: 레드 콤플렉스 (952 chars)
2025-08-16 21:47:23,593 - INFO - 진행률: 13/20 - 유효 문서: 13
2025-08-16 21:47:23,669 - INFO - 수집 완료: 무연사회 (1866 chars)
2025-08-16 21:47:23,670 - INFO - 진행률: 14/20 - 유효 문서: 14
2025-08-16 21:47:24,716 - INFO - 수집 완료: 민주화 (풍자) (230 chars)
2025-08-16 21:47:24,717 - INFO - 진행률: 15/20 - 유효 문서: 15
2025-08-16 21:47:24,811 - INFO - 수집 완료: 대한민국의 법 (1943 chars)
2025-08-16 21:47:24,811 - INFO - 진행률: 16/20 - 유효 문서: 16
2025-08-16 21:47:25,210 - INFO - 수집 완료: 박근혜 정부 관제시위 의혹 (1399 chars)
2025-08-16 21:47:25,210 - INFO - 진행률: 17/20 - 유효 문서: 17
2025-08-16 21:47:25,830 - INFO - 수집 완료: 보릿고개 (579 chars)
2025-08-16 21:47:25,830 - INFO - 진행률: 18/20 - 유효 문서: 18
2025-08-16 21:47:26,591 - INFO - 수집 완료: 비수급 빈곤층 (524 chars)
2025-08-16 21:47:26,591 - INFO - 진행률: 19/20 - 유효 문서: 19
2025-08-16 21:47:26,604 - INFO - 수집 완료: 보슬아치 (364 chars)
2025-08-16 21:47:26,604 - INFO - 진행률: 20/20 - 유효 문서: 20
2025-08-16 21:47:26,606 - INFO - 데이터 저장 완료: data/society_korea.jsonl (20 문서)
2025-08-16 21:47:26,750 - INFO - 커스텀 소스로 데이터 수집 시작: category = 언어학
2025-08-16 21:47:26,751 - INFO - 카테고리에서 링크 수집 중: 언어학
2025-08-16 21:47:28,071 - INFO - 카테고리에서 121개 링크 발견
2025-08-16 21:47:29,241 - INFO - 수집 완료: 언어학 (2021 chars)
2025-08-16 21:47:29,241 - INFO - 진행률: 1/20 - 유효 문서: 1
2025-08-16 21:47:29,888 - INFO - 수집 완료: 형태 분석 (3834 chars)
2025-08-16 21:47:29,888 - INFO - 진행률: 2/20 - 유효 문서: 2
2025-08-16 21:47:30,124 - WARNING - 내용이 너무 짧음: IAST (102 chars)
2025-08-16 21:47:30,742 - INFO - 수집 완료: X-바 이론 (4774 chars)
2025-08-16 21:47:30,742 - INFO - 진행률: 4/20 - 유효 문서: 3
2025-08-16 21:47:31,041 - INFO - 수집 완료: 개념 (463 chars)
2025-08-16 21:47:31,041 - INFO - 진행률: 5/20 - 유효 문서: 4
2025-08-16 21:47:31,932 - INFO - 수집 완료: 개별언어학 (214 chars)
2025-08-16 21:47:31,932 - INFO - 진행률: 6/20 - 유효 문서: 5
2025-08-16 21:47:32,212 - INFO - 수집 완료: 거짓짝 (1122 chars)
2025-08-16 21:47:32,213 - INFO - 진행률: 7/20 - 유효 문서: 6
2025-08-16 21:47:32,531 - INFO - 수집 완료: 거꾸로 연결해서 말하기 (1048 chars)
2025-08-16 21:47:32,531 - INFO - 진행률: 8/20 - 유효 문서: 7
2025-08-16 21:47:34,093 - INFO - 수집 완료: 공백어휘 (3697 chars)
2025-08-16 21:47:34,093 - INFO - 진행률: 9/20 - 유효 문서: 8
2025-08-16 21:47:34,320 - WARNING - 내용이 너무 짧음: 국제 토착어의 해 (102 chars)
2025-08-16 21:47:34,389 - INFO - 수집 완료: 공시태와 통시태 (714 chars)
2025-08-16 21:47:34,389 - INFO - 진행률: 11/20 - 유효 문서: 9
2025-08-16 21:47:35,702 - INFO - 수집 완료: 그래머톨러지 (380 chars)
2025-08-16 21:47:35,702 - INFO - 진행률: 12/20 - 유효 문서: 10
2025-08-16 21:47:35,921 - INFO - 수집 완료: 근접어 (346 chars)
2025-08-16 21:47:35,921 - INFO - 진행률: 13/20 - 유효 문서: 11
2025-08-16 21:47:36,566 - INFO - 수집 완료: 내포 (977 chars)
2025-08-16 21:47:36,567 - INFO - 진행률: 14/20 - 유효 문서: 12
2025-08-16 21:47:38,256 - INFO - 수집 완료: 네덜란드 고어 격변화 (9369 chars)
2025-08-16 21:47:38,262 - INFO - 진행률: 15/20 - 유효 문서: 13
2025-08-16 21:47:38,289 - INFO - 수집 완료: 네덜란드어 문법 (25872 chars)
2025-08-16 21:47:38,295 - INFO - 진행률: 16/20 - 유효 문서: 14
2025-08-16 21:47:38,300 - INFO - 수집 완료: 논항 (8968 chars)
2025-08-16 21:47:38,300 - INFO - 진행률: 17/20 - 유효 문서: 15
2025-08-16 21:47:39,711 - INFO - 수집 완료: 능동태 (356 chars)
2025-08-16 21:47:39,711 - INFO - 진행률: 18/20 - 유효 문서: 16
2025-08-16 21:47:40,109 - INFO - 수집 완료: 담화 표지 (283 chars)
2025-08-16 21:47:40,109 - INFO - 진행률: 19/20 - 유효 문서: 17
2025-08-16 21:47:40,853 - INFO - 수집 완료: 능격동사 (4451 chars)
2025-08-16 21:47:40,853 - INFO - 진행률: 20/20 - 유효 문서: 18
2025-08-16 21:47:40,854 - INFO - 데이터 저장 완료: data/society_linguistics.jsonl (18 문서)
2025-08-16 21:47:40,999 - INFO - 커스텀 소스로 데이터 수집 시작: category = 심리학
2025-08-16 21:47:40,999 - INFO - 카테고리에서 링크 수집 중: 심리학
2025-08-16 21:47:41,941 - INFO - 카테고리에서 112개 링크 발견
2025-08-16 21:47:43,176 - INFO - 수집 완료: 심리학 (9810 chars)
2025-08-16 21:47:43,176 - INFO - 진행률: 1/20 - 유효 문서: 1
2025-08-16 21:47:43,713 - INFO - 수집 완료: 16가지 성격 유형 (247 chars)
2025-08-16 21:47:43,713 - INFO - 진행률: 2/20 - 유효 문서: 2
2025-08-16 21:47:44,194 - INFO - 수집 완료: 심리언어학 (1946 chars)
2025-08-16 21:47:44,194 - INFO - 진행률: 3/20 - 유효 문서: 3
2025-08-16 21:47:44,297 - INFO - 수집 완료: 3세대가족 (261 chars)
2025-08-16 21:47:44,297 - INFO - 진행률: 4/20 - 유효 문서: 4
2025-08-16 21:47:45,335 - INFO - 수집 완료: 갈등 해결 (451 chars)
2025-08-16 21:47:45,335 - INFO - 진행률: 5/20 - 유효 문서: 5
2025-08-16 21:47:45,433 - INFO - 수집 완료: 갈등 회피 (4951 chars)
2025-08-16 21:47:45,433 - INFO - 진행률: 6/20 - 유효 문서: 6
2025-08-16 21:47:45,519 - INFO - 수집 완료: 가장 (성격) (1937 chars)
2025-08-16 21:47:45,520 - INFO - 진행률: 7/20 - 유효 문서: 7
2025-08-16 21:47:46,540 - INFO - 수집 완료: 감정적 고립 (1796 chars)
2025-08-16 21:47:46,540 - INFO - 진행률: 8/20 - 유효 문서: 8
2025-08-16 21:47:47,119 - INFO - 수집 완료: 감정가 (심리학) (1720 chars)
2025-08-16 21:47:47,119 - INFO - 진행률: 9/20 - 유효 문서: 9
2025-08-16 21:47:47,331 - INFO - 수집 완료: 강박적 반복 (219 chars)
2025-08-16 21:47:47,332 - INFO - 진행률: 10/20 - 유효 문서: 10
2025-08-16 21:47:48,170 - WARNING - 내용이 너무 짧음: 개성 (성질) (52 chars)
2025-08-16 21:47:48,757 - INFO - 수집 완료: 결혼공포 (4713 chars)
2025-08-16 21:47:48,758 - INFO - 진행률: 12/20 - 유효 문서: 11
2025-08-16 21:47:49,372 - INFO - 수집 완료: 경주 사고 (3256 chars)
2025-08-16 21:47:49,372 - INFO - 진행률: 13/20 - 유효 문서: 12
2025-08-16 21:47:50,215 - INFO - 수집 완료: 경험적 회피 (3429 chars)
2025-08-16 21:47:50,220 - INFO - 진행률: 14/20 - 유효 문서: 13
2025-08-16 21:47:50,224 - INFO - 수집 완료: 고통 (심리학) (1023 chars)
2025-08-16 21:47:50,224 - INFO - 진행률: 15/20 - 유효 문서: 14
2025-08-16 21:47:51,003 - INFO - 수집 완료: 광대공포증 (357 chars)
2025-08-16 21:47:51,003 - INFO - 진행률: 16/20 - 유효 문서: 15
2025-08-16 21:47:51,674 - INFO - 수집 완료: 긍정적 정서성 (3593 chars)
2025-08-16 21:47:51,675 - INFO - 진행률: 17/20 - 유효 문서: 16
2025-08-16 21:47:52,262 - INFO - 수집 완료: 그릿 (8013 chars)
2025-08-16 21:47:52,262 - INFO - 진행률: 18/20 - 유효 문서: 17
2025-08-16 21:47:53,052 - INFO - 수집 완료: 기능적 고착 (7750 chars)
2025-08-16 21:47:53,052 - INFO - 진행률: 19/20 - 유효 문서: 18
2025-08-16 21:47:53,310 - INFO - 수집 완료: 기분부전장애 (910 chars)
2025-08-16 21:47:53,310 - INFO - 진행률: 20/20 - 유효 문서: 19
2025-08-16 21:47:53,311 - INFO - 데이터 저장 완료: data/society_psychology.jsonl (19 문서)
2025-08-16 21:47:53,442 - INFO - 커스텀 소스로 데이터 수집 시작: category = 환경
2025-08-16 21:47:53,442 - INFO - 카테고리에서 링크 수집 중: 환경
2025-08-16 21:47:55,158 - INFO - 카테고리에서 48개 링크 발견
2025-08-16 21:47:56,964 - INFO - 수집 완료: 92 내일은 늦으리 (437 chars)
2025-08-16 21:47:56,970 - INFO - 진행률: 1/20 - 유효 문서: 1
2025-08-16 21:47:56,978 - INFO - 수집 완료: 93 내일은 늦으리 (229 chars)
2025-08-16 21:47:56,978 - INFO - 진행률: 2/20 - 유효 문서: 2
2025-08-16 21:47:57,362 - WARNING - 내용이 너무 짧음: 환경 (0 chars)
2025-08-16 21:47:58,984 - INFO - 수집 완료: 가로수 (1101 chars)
2025-08-16 21:47:58,984 - INFO - 진행률: 4/20 - 유효 문서: 3
2025-08-16 21:47:59,291 - INFO - 수집 완료: For Tomorrow (캠페인) (1342 chars)
2025-08-16 21:47:59,292 - INFO - 진행률: 5/20 - 유효 문서: 4
2025-08-16 21:47:59,386 - INFO - 수집 완료: 95 내일은 늦으리 (226 chars)
2025-08-16 21:47:59,386 - INFO - 진행률: 6/20 - 유효 문서: 5
2025-08-16 21:48:00,448 - INFO - 수집 완료: 골프장 (3445 chars)
2025-08-16 21:48:00,448 - INFO - 진행률: 7/20 - 유효 문서: 6
2025-08-16 21:48:00,804 - INFO - 수집 완료: 갯녹음 (282 chars)
2025-08-16 21:48:00,804 - INFO - 진행률: 8/20 - 유효 문서: 7
2025-08-16 21:48:01,179 - INFO - 수집 완료: 그린 도트 (3315 chars)
2025-08-16 21:48:01,179 - INFO - 진행률: 9/20 - 유효 문서: 8
2025-08-16 21:48:02,239 - WARNING - 내용이 너무 짧음: 그린슈머 (148 chars)
2025-08-16 21:48:02,626 - INFO - 수집 완료: 그린스타트 창작동요제 (602 chars)
2025-08-16 21:48:02,626 - INFO - 진행률: 11/20 - 유효 문서: 9
2025-08-16 21:48:02,991 - INFO - 수집 완료: 극한환경 (759 chars)
2025-08-16 21:48:02,991 - INFO - 진행률: 12/20 - 유효 문서: 10
2025-08-16 21:48:03,873 - INFO - 수집 완료: 댐과 환경 (1265 chars)
2025-08-16 21:48:03,873 - INFO - 진행률: 13/20 - 유효 문서: 11
2025-08-16 21:48:04,331 - INFO - 수집 완료: 미생물막 (19111 chars)
2025-08-16 21:48:04,331 - INFO - 진행률: 14/20 - 유효 문서: 12
2025-08-16 21:48:04,609 - INFO - 수집 완료: 도시생태현황도 (1092 chars)
2025-08-16 21:48:04,610 - INFO - 진행률: 15/20 - 유효 문서: 13
2025-08-16 21:48:05,235 - INFO - 수집 완료: 비오톱 (532 chars)
2025-08-16 21:48:05,235 - INFO - 진행률: 16/20 - 유효 문서: 14
2025-08-16 21:48:05,996 - INFO - 수집 완료: 사막화 (1591 chars)
2025-08-16 21:48:05,996 - INFO - 진행률: 17/20 - 유효 문서: 15
2025-08-16 21:48:06,618 - INFO - 수집 완료: 생태발자국 (550 chars)
2025-08-16 21:48:06,618 - INFO - 진행률: 18/20 - 유효 문서: 16
2025-08-16 21:48:07,066 - INFO - 수집 완료: 생태형성 (353 chars)
2025-08-16 21:48:07,066 - INFO - 진행률: 19/20 - 유효 문서: 17
2025-08-16 21:48:07,617 - INFO - 수집 완료: 생화학적 산소 요구량 (1561 chars)
2025-08-16 21:48:07,617 - INFO - 진행률: 20/20 - 유효 문서: 18
2025-08-16 21:48:07,618 - INFO - 데이터 저장 완료: data/society_environment.jsonl (18 문서)
2025-08-16 21:48:07,750 - INFO - 커스텀 소스로 데이터 수집 시작: category = 축제
2025-08-16 21:48:07,750 - INFO - 카테고리에서 링크 수집 중: 축제
2025-08-16 21:48:08,260 - INFO - 카테고리에서 1개 링크 발견
2025-08-16 21:48:10,287 - INFO - 수집 완료: 축제 (5244 chars)
2025-08-16 21:48:10,288 - INFO - 진행률: 1/1 - 유효 문서: 1
2025-08-16 21:48:10,288 - INFO - 데이터 저장 완료: data/society_festivals.jsonl (1 문서)
2025-08-16 21:48:10,418 - INFO - 커스텀 소스로 데이터 수집 시작: category = 동물
2025-08-16 21:48:10,418 - INFO - 카테고리에서 링크 수집 중: 동물
2025-08-16 21:48:11,561 - INFO - 카테고리에서 5개 링크 발견
2025-08-16 21:48:12,765 - INFO - 수집 완료: 동물 (2398 chars)
2025-08-16 21:48:12,766 - INFO - 진행률: 1/5 - 유효 문서: 1
2025-08-16 21:48:13,558 - INFO - 수집 완료: 동물이동 (638 chars)
2025-08-16 21:48:13,558 - INFO - 진행률: 2/5 - 유효 문서: 2
2025-08-16 21:48:13,787 - INFO - 수집 완료: 좌우대칭동물 (786 chars)
2025-08-16 21:48:13,787 - INFO - 진행률: 3/5 - 유효 문서: 3
2025-08-16 21:48:14,123 - WARNING - 내용이 너무 짧음: 진정후생동물 (149 chars)
2025-08-16 21:48:15,374 - INFO - 수집 완료: 측생동물 (284 chars)
2025-08-16 21:48:15,374 - INFO - 진행률: 5/5 - 유효 문서: 4
2025-08-16 21:48:15,375 - INFO - 데이터 저장 완료: data/nature_animals.jsonl (4 문서)
2025-08-16 21:48:15,514 - INFO - 커스텀 소스로 데이터 수집 시작: category = 식물
2025-08-16 21:48:15,515 - INFO - 카테고리에서 링크 수집 중: 식물
2025-08-16 21:48:16,487 - INFO - 카테고리에서 15개 링크 발견
2025-08-16 21:48:18,481 - INFO - 수집 완료: 자귀나무속 (1043 chars)
2025-08-16 21:48:18,481 - INFO - 진행률: 1/15 - 유효 문서: 1
2025-08-16 21:48:18,719 - INFO - 수집 완료: 관다발식물 (292 chars)
2025-08-16 21:48:18,735 - INFO - 진행률: 2/15 - 유효 문서: 2
2025-08-16 21:48:18,810 - INFO - 수집 완료: 식물 (2827 chars)
2025-08-16 21:48:18,810 - INFO - 진행률: 3/15 - 유효 문서: 3
2025-08-16 21:48:20,557 - INFO - 수집 완료: 들꽃 (276 chars)
2025-08-16 21:48:20,557 - INFO - 진행률: 4/15 - 유효 문서: 4
2025-08-16 21:48:20,619 - INFO - 수집 완료: 반려식물 (814 chars)
2025-08-16 21:48:20,619 - INFO - 진행률: 5/15 - 유효 문서: 5
2025-08-16 21:48:20,871 - INFO - 수집 완료: 꽃 (나무) (246 chars)
2025-08-16 21:48:20,871 - INFO - 진행률: 6/15 - 유효 문서: 6
2025-08-16 21:48:22,372 - INFO - 수집 완료: 상록식물 (332 chars)
2025-08-16 21:48:22,372 - INFO - 진행률: 7/15 - 유효 문서: 7
2025-08-16 21:48:22,716 - INFO - 수집 완료: 식물의 진화 (15884 chars)
2025-08-16 21:48:22,716 - INFO - 진행률: 8/15 - 유효 문서: 8
2025-08-16 21:48:23,614 - INFO - 수집 완료: 알비지아(자귀나무 속) 종 목록 (464 chars)
2025-08-16 21:48:23,615 - INFO - 진행률: 9/15 - 유효 문서: 9
2025-08-16 21:48:24,054 - INFO - 수집 완료: 유배식물 (352 chars)
2025-08-16 21:48:24,054 - INFO - 진행률: 10/15 - 유효 문서: 10
2025-08-16 21:48:24,514 - INFO - 수집 완료: 일차생산량 (362 chars)
2025-08-16 21:48:24,514 - INFO - 진행률: 11/15 - 유효 문서: 11
2025-08-16 21:48:25,401 - INFO - 수집 완료: 조화 (인공물) (538 chars)
2025-08-16 21:48:25,401 - INFO - 진행률: 12/15 - 유효 문서: 12
2025-08-16 21:48:25,925 - INFO - 수집 완료: 종자식물 (228 chars)
2025-08-16 21:48:25,926 - INFO - 진행률: 13/15 - 유효 문서: 13
2025-08-16 21:48:26,832 - WARNING - 내용이 너무 짧음: 토종 식물 (151 chars)
2025-08-16 21:48:26,966 - WARNING - 내용이 너무 짧음: 진엽식물 (112 chars)
2025-08-16 21:48:26,967 - INFO - 데이터 저장 완료: data/nature_plants.jsonl (13 문서)
2025-08-16 21:48:27,109 - INFO - 커스텀 소스로 데이터 수집 시작: category = 한반도의_생물
2025-08-16 21:48:27,109 - INFO - 카테고리에서 링크 수집 중: 한반도의_생물
2025-08-16 21:48:27,740 - ERROR - 카테고리 링크 수집 실패: 404 Client Error: Not Found for url: https://ko.wikipedia.org/wiki/%EB%B6%84%EB%A5%98:%ED%95%9C%EB%B0%98%EB%8F%84%EC%9D%98_%EC%83%9D%EB%AC%BC
2025-08-16 21:48:27,740 - ERROR - 링크 수집 실패
2025-08-16 21:48:27,879 - INFO - 커스텀 소스로 데이터 수집 시작: category = 지질학
2025-08-16 21:48:27,879 - INFO - 카테고리에서 링크 수집 중: 지질학
2025-08-16 21:48:29,046 - INFO - 카테고리에서 69개 링크 발견
2025-08-16 21:48:30,795 - INFO - 수집 완료: AASHTO 분류법 (1004 chars)
2025-08-16 21:48:30,795 - INFO - 진행률: 1/25 - 유효 문서: 1
2025-08-16 21:48:31,119 - INFO - 수집 완료: 지질학 (3346 chars)
2025-08-16 21:48:31,119 - INFO - 진행률: 2/25 - 유효 문서: 2
2025-08-16 21:48:31,439 - INFO - 수집 완료: 건열 (408 chars)
2025-08-16 21:48:31,439 - INFO - 진행률: 3/25 - 유효 문서: 3
2025-08-16 21:48:32,441 - INFO - 수집 완료: 격변설 (6239 chars)
2025-08-16 21:48:32,442 - INFO - 진행률: 4/25 - 유효 문서: 4
2025-08-16 21:48:32,605 - WARNING - 내용이 너무 짧음: 고생물학 연대표 (0 chars)
2025-08-16 21:48:33,205 - INFO - 수집 완료: 경석 (8517 chars)
2025-08-16 21:48:33,205 - INFO - 진행률: 6/25 - 유효 문서: 5
2025-08-16 21:48:33,599 - INFO - 수집 완료: 공간군 (1579 chars)
2025-08-16 21:48:33,600 - INFO - 진행률: 7/25 - 유효 문서: 6
2025-08-16 21:48:34,437 - INFO - 수집 완료: 광상학 (605 chars)
2025-08-16 21:48:34,437 - INFO - 진행률: 8/25 - 유효 문서: 7
2025-08-16 21:48:35,040 - INFO - 수집 완료: 구조지질학 (895 chars)
2025-08-16 21:48:35,040 - INFO - 진행률: 9/25 - 유효 문서: 8
2025-08-16 21:48:35,401 - INFO - 수집 완료: 기성 광상 (222 chars)
2025-08-16 21:48:35,401 - INFO - 진행률: 10/25 - 유효 문서: 9
2025-08-16 21:48:35,579 - INFO - 수집 완료: 남정석 (3141 chars)
2025-08-16 21:48:35,579 - INFO - 진행률: 11/25 - 유효 문서: 10
2025-08-16 21:48:36,927 - WARNING - 내용이 너무 짧음: 라테라이트 (153 chars)
2025-08-16 21:48:37,046 - INFO - 수집 완료: 동일과정설 (1121 chars)
2025-08-16 21:48:37,046 - INFO - 진행률: 13/25 - 유효 문서: 11
2025-08-16 21:48:38,085 - INFO - 수집 완료: 마그마 (1858 chars)
2025-08-16 21:48:38,085 - INFO - 진행률: 14/25 - 유효 문서: 12
2025-08-16 21:48:38,635 - INFO - 수집 완료: 명개 (458 chars)
2025-08-16 21:48:38,636 - INFO - 진행률: 15/25 - 유효 문서: 13
2025-08-16 21:48:38,930 - INFO - 수집 완료: 대한지질도 (335 chars)
2025-08-16 21:48:38,930 - INFO - 진행률: 16/25 - 유효 문서: 14
2025-08-16 21:48:39,212 - WARNING - 내용이 너무 짧음: 미사 (토양학) (145 chars)
2025-08-16 21:48:40,033 - WARNING - 내용이 너무 짧음: 복각 (172 chars)
2025-08-16 21:48:40,834 - INFO - 수집 완료: 부분용융 (301 chars)
2025-08-16 21:48:40,835 - INFO - 진행률: 19/25 - 유효 문서: 15
2025-08-16 21:48:41,006 - INFO - 수집 완료: 범람 현무암 (1034 chars)
2025-08-16 21:48:41,006 - INFO - 진행률: 20/25 - 유효 문서: 16
2025-08-16 21:48:41,160 - INFO - 수집 완료: 부정합 (329 chars)
2025-08-16 21:48:41,160 - INFO - 진행률: 21/25 - 유효 문서: 17
2025-08-16 21:48:42,638 - INFO - 수집 완료: 빙식 작용 (1478 chars)
2025-08-16 21:48:42,638 - INFO - 진행률: 22/25 - 유효 문서: 18
2025-08-16 21:48:42,783 - WARNING - 내용이 너무 짧음: 사층리 (170 chars)
2025-08-16 21:48:42,795 - INFO - 수집 완료: 사방비코발트광 (990 chars)
2025-08-16 21:48:42,796 - INFO - 진행률: 24/25 - 유효 문서: 19
2025-08-16 21:48:44,072 - WARNING - 내용이 너무 짧음: 산꼭대기 (106 chars)
2025-08-16 21:48:44,073 - INFO - 데이터 저장 완료: data/nature_geology.jsonl (19 문서)
2025-08-16 21:48:44,210 - INFO - 커스텀 소스로 데이터 수집 시작: category = 기후
2025-08-16 21:48:44,210 - INFO - 카테고리에서 링크 수집 중: 기후
2025-08-16 21:48:45,454 - INFO - 카테고리에서 42개 링크 발견
2025-08-16 21:48:46,788 - INFO - 수집 완료: 미기후 (336 chars)
2025-08-16 21:48:46,788 - INFO - 진행률: 1/25 - 유효 문서: 1
2025-08-16 21:48:47,287 - INFO - 수집 완료: 고산 기후 (342 chars)
2025-08-16 21:48:47,287 - INFO - 진행률: 2/25 - 유효 문서: 2
2025-08-16 21:48:47,506 - INFO - 수집 완료: 기후 (4191 chars)
2025-08-16 21:48:47,506 - INFO - 진행률: 3/25 - 유효 문서: 3
2025-08-16 21:48:48,213 - INFO - 수집 완료: 고지 지중해성 기후 (382 chars)
2025-08-16 21:48:48,213 - INFO - 진행률: 4/25 - 유효 문서: 4
2025-08-16 21:48:48,653 - INFO - 수집 완료: 기후학 (523 chars)
2025-08-16 21:48:48,653 - INFO - 진행률: 5/25 - 유효 문서: 5
2025-08-16 21:48:49,465 - WARNING - 내용이 너무 짧음: 기후 구분 (136 chars)
2025-08-16 21:48:49,853 - INFO - 수집 완료: 냉대 기후 (1708 chars)
2025-08-16 21:48:49,853 - INFO - 진행률: 7/25 - 유효 문서: 6
2025-08-16 21:48:50,255 - INFO - 수집 완료: 냉대 동계 소우 기후 (1054 chars)
2025-08-16 21:48:50,255 - INFO - 진행률: 8/25 - 유효 문서: 7
2025-08-16 21:48:51,306 - WARNING - 내용이 너무 짧음: 다이메틸 설파이드 (96 chars)
2025-08-16 21:48:51,449 - INFO - 수집 완료: 냉대 습윤 기후 (966 chars)
2025-08-16 21:48:51,449 - INFO - 진행률: 10/25 - 유효 문서: 8
2025-08-16 21:48:52,076 - INFO - 수집 완료: 대륙성 기후 (2224 chars)
2025-08-16 21:48:52,076 - INFO - 진행률: 11/25 - 유효 문서: 9
2025-08-16 21:48:52,755 - INFO - 수집 완료: 도시 기후 (1382 chars)
2025-08-16 21:48:52,755 - INFO - 진행률: 12/25 - 유효 문서: 10
2025-08-16 21:48:52,772 - INFO - 수집 완료: 돌풍 (423 chars)
2025-08-16 21:48:52,772 - INFO - 진행률: 13/25 - 유효 문서: 11
2025-08-16 21:48:53,880 - INFO - 수집 완료: 북 그린란드 빙하 코어 프로젝트 (858 chars)
2025-08-16 21:48:53,880 - INFO - 진행률: 14/25 - 유효 문서: 12
2025-08-16 21:48:54,143 - INFO - 수집 완료: 밀란코비치 주기 (2930 chars)
2025-08-16 21:48:54,143 - INFO - 진행률: 15/25 - 유효 문서: 13
2025-08-16 21:48:54,273 - WARNING - 내용이 너무 짧음: 무상기일 (193 chars)
2025-08-16 21:48:55,468 - INFO - 수집 완료: 빙설 기후 (673 chars)
2025-08-16 21:48:55,469 - INFO - 진행률: 17/25 - 유효 문서: 14
2025-08-16 21:48:55,496 - INFO - 수집 완료: 사막 기후 (379 chars)
2025-08-16 21:48:55,496 - INFO - 진행률: 18/25 - 유효 문서: 15
2025-08-16 21:48:55,933 - INFO - 수집 완료: 사바나 기후 (823 chars)
2025-08-16 21:48:55,934 - INFO - 진행률: 19/25 - 유효 문서: 16
2025-08-16 21:48:56,899 - INFO - 수집 완료: 서안 해양성 기후 (1802 chars)
2025-08-16 21:48:56,899 - INFO - 진행률: 20/25 - 유효 문서: 17
2025-08-16 21:48:57,317 - INFO - 수집 완료: 순응 (649 chars)
2025-08-16 21:48:57,317 - INFO - 진행률: 21/25 - 유효 문서: 18
2025-08-16 21:48:57,974 - INFO - 수집 완료: 스텝 (지리) (984 chars)
2025-08-16 21:48:57,974 - INFO - 진행률: 22/25 - 유효 문서: 19
2025-08-16 21:48:58,354 - INFO - 수집 완료: 스텝 기후 (745 chars)
2025-08-16 21:48:58,354 - INFO - 진행률: 23/25 - 유효 문서: 20
2025-08-16 21:48:58,935 - INFO - 수집 완료: 습윤 대륙성 기후 (319 chars)
2025-08-16 21:48:58,935 - INFO - 진행률: 24/25 - 유효 문서: 21
2025-08-16 21:48:59,410 - INFO - 수집 완료: 아극 기후 (376 chars)
2025-08-16 21:48:59,410 - INFO - 진행률: 25/25 - 유효 문서: 22
2025-08-16 21:48:59,411 - INFO - 데이터 저장 완료: data/nature_climate.jsonl (22 문서)
2025-08-16 22:38:57,594 - INFO - 커스텀 소스로 데이터 수집 시작: category = 한국의_역사
2025-08-16 22:38:57,595 - INFO - 카테고리에서 링크 수집 중: 한국의_역사
2025-08-16 22:38:57,964 - INFO - 카테고리에서 193개 링크 발견
2025-08-16 22:38:59,259 - INFO - 수집 완료: 한국의 역사 (29825 chars)
2025-08-16 22:38:59,259 - INFO - 진행률: 1/30 - 유효 문서: 1
2025-08-16 22:38:59,286 - INFO - 수집 완료: 한국의 역사학 (16764 chars)
2025-08-16 22:38:59,286 - INFO - 진행률: 2/30 - 유효 문서: 2
2025-08-16 22:38:59,359 - WARNING - 내용이 너무 짧음: 한국사 연표 (60 chars)
2025-08-16 22:39:00,370 - INFO - 수집 완료: 간독 (607 chars)
2025-08-16 22:39:00,376 - INFO - 진행률: 4/30 - 유효 문서: 3
2025-08-16 22:39:00,382 - WARNING - 내용이 너무 짧음: 강지연 (194 chars)
2025-08-16 22:39:00,461 - INFO - 수집 완료: 견탐라사 (1490 chars)
2025-08-16 22:39:00,461 - INFO - 진행률: 6/30 - 유효 문서: 4
2025-08-16 22:39:01,468 - WARNING - 내용이 너무 짧음: 결혼도감 (168 chars)
2025-08-16 22:39:01,484 - INFO - 수집 완료: 경성 제2차 만세 운동 (1954 chars)
2025-08-16 22:39:01,485 - INFO - 진행률: 8/30 - 유효 문서: 5
2025-08-16 22:39:01,575 - INFO - 수집 완료: 경주 계림 (1692 chars)
2025-08-16 22:39:01,576 - INFO - 진행률: 9/30 - 유효 문서: 6
2025-08-16 22:39:02,570 - WARNING - 내용이 너무 짧음: 계루군왕 (157 chars)
2025-08-16 22:39:02,589 - INFO - 수집 완료: 경주 나정 (3604 chars)
2025-08-16 22:39:02,589 - INFO - 진행률: 11/30 - 유효 문서: 7
2025-08-16 22:39:02,681 - INFO - 수집 완료: 고려의 과학기술 (4491 chars)
2025-08-16 22:39:02,681 - INFO - 진행률: 12/30 - 유효 문서: 8
2025-08-16 22:39:03,673 - INFO - 수집 완료: 고려의 역사 (1093 chars)
2025-08-16 22:39:03,674 - INFO - 진행률: 13/30 - 유효 문서: 9
2025-08-16 22:39:03,697 - INFO - 수집 완료: 고리국 (2192 chars)
2025-08-16 22:39:03,697 - INFO - 진행률: 14/30 - 유효 문서: 10
2025-08-16 22:39:03,795 - INFO - 수집 완료: 고종 암약설 (5306 chars)
2025-08-16 22:39:03,795 - INFO - 진행률: 15/30 - 유효 문서: 11
2025-08-16 22:39:04,771 - INFO - 수집 완료: 곤룡포 (1035 chars)
2025-08-16 22:39:04,771 - INFO - 진행률: 16/30 - 유효 문서: 12
2025-08-16 22:39:04,823 - INFO - 수집 완료: 과거제 (6325 chars)
2025-08-16 22:39:04,823 - INFO - 진행률: 17/30 - 유효 문서: 13
2025-08-16 22:39:04,895 - INFO - 수집 완료: 관노 (496 chars)
2025-08-16 22:39:04,895 - INFO - 진행률: 18/30 - 유효 문서: 14
2025-08-16 22:39:05,856 - INFO - 수집 완료: 관비 (577 chars)
2025-08-16 22:39:05,857 - INFO - 진행률: 19/30 - 유효 문서: 15
2025-08-16 22:39:05,934 - INFO - 수집 완료: 관음포 전투 (7001 chars)
2025-08-16 22:39:05,934 - INFO - 진행률: 20/30 - 유효 문서: 16
2025-08-16 22:39:05,985 - INFO - 수집 완료: 관인 (역사) (266 chars)
2025-08-16 22:39:05,985 - INFO - 진행률: 21/30 - 유효 문서: 17
2025-08-16 22:39:06,965 - INFO - 수집 완료: 관찰사 (2128 chars)
2025-08-16 22:39:06,965 - INFO - 진행률: 22/30 - 유효 문서: 18
2025-08-16 22:39:07,055 - INFO - 수집 완료: 광주 학생 항일 운동 (6319 chars)
2025-08-16 22:39:07,055 - INFO - 진행률: 23/30 - 유효 문서: 19
2025-08-16 22:39:07,074 - INFO - 수집 완료: 구황실관리위원회 (249 chars)
2025-08-16 22:39:07,075 - INFO - 진행률: 24/30 - 유효 문서: 20
2025-08-16 22:39:08,051 - INFO - 수집 완료: 군부인 (204 chars)
2025-08-16 22:39:08,052 - INFO - 진행률: 25/30 - 유효 문서: 21
2025-08-16 22:39:08,162 - INFO - 수집 완료: 궁녀 (2528 chars)
2025-08-16 22:39:08,162 - INFO - 진행률: 26/30 - 유효 문서: 22
2025-08-16 22:39:08,178 - INFO - 수집 완료: 규벌 (411 chars)
2025-08-16 22:39:08,178 - INFO - 진행률: 27/30 - 유효 문서: 23
2025-08-16 22:39:09,153 - INFO - 수집 완료: 균전제 (956 chars)
2025-08-16 22:39:09,154 - INFO - 진행률: 28/30 - 유효 문서: 24
2025-08-16 22:39:09,264 - INFO - 수집 완료: 금경록 (2211 chars)
2025-08-16 22:39:09,265 - INFO - 진행률: 29/30 - 유효 문서: 25
2025-08-16 22:39:09,285 - INFO - 수집 완료: 기로소 (1184 chars)
2025-08-16 22:39:09,285 - INFO - 진행률: 30/30 - 유효 문서: 26
2025-08-16 22:39:09,287 - INFO - 데이터 저장 완료: data/history_korea.jsonl (26 문서)
2025-08-16 22:39:09,431 - INFO - 커스텀 소스로 데이터 수집 시작: category = 세계의_역사
2025-08-16 22:39:09,431 - INFO - 카테고리에서 링크 수집 중: 세계의_역사
2025-08-16 22:39:10,341 - ERROR - 카테고리 링크 수집 실패: 404 Client Error: Not Found for url: https://ko.wikipedia.org/wiki/%EB%B6%84%EB%A5%98:%EC%84%B8%EA%B3%84%EC%9D%98_%EC%97%AD%EC%82%AC
2025-08-16 22:39:10,341 - ERROR - 링크 수집 실패
2025-08-16 22:39:10,478 - INFO - 커스텀 소스로 데이터 수집 시작: category = 대한민국의_지리
2025-08-16 22:39:10,478 - INFO - 카테고리에서 링크 수집 중: 대한민국의_지리
2025-08-16 22:39:10,798 - INFO - 카테고리에서 13개 링크 발견
2025-08-16 22:39:12,102 - INFO - 수집 완료: 광주전남 (369 chars)
2025-08-16 22:39:12,133 - INFO - 진행률: 1/13 - 유효 문서: 1
2025-08-16 22:39:12,140 - INFO - 수집 완료: 구미국가산업단지 (2161 chars)
2025-08-16 22:39:12,145 - INFO - 진행률: 2/13 - 유효 문서: 2
2025-08-16 22:39:12,176 - INFO - 수집 완료: 대한민국의 지리 (1238 chars)
2025-08-16 22:39:12,177 - INFO - 진행률: 3/13 - 유효 문서: 3
2025-08-16 22:39:13,197 - INFO - 수집 완료: 대경권 (933 chars)
2025-08-16 22:39:13,197 - INFO - 진행률: 4/13 - 유효 문서: 4
2025-08-16 22:39:13,259 - WARNING - 내용이 너무 짧음: 대한민국의 극점 (166 chars)
2025-08-16 22:39:13,278 - INFO - 수집 완료: 대한민국의 기후 (1205 chars)
2025-08-16 22:39:13,278 - INFO - 진행률: 6/13 - 유효 문서: 5
2025-08-16 22:39:14,293 - WARNING - 내용이 너무 짧음: 미호 (62 chars)
2025-08-16 22:39:14,377 - INFO - 수집 완료: 부울경 (635 chars)
2025-08-16 22:39:14,378 - INFO - 진행률: 8/13 - 유효 문서: 6
2025-08-16 22:39:14,672 - INFO - 수집 완료: 부안군의 지질 (10323 chars)
2025-08-16 22:39:14,672 - INFO - 진행률: 9/13 - 유효 문서: 7
2025-08-16 22:39:15,395 - INFO - 수집 완료: 대한민국의 식생 (4036 chars)
2025-08-16 22:39:15,396 - INFO - 진행률: 10/13 - 유효 문서: 8
2025-08-16 22:39:15,523 - INFO - 수집 완료: 대한민국의 자원 (6595 chars)
2025-08-16 22:39:15,523 - INFO - 진행률: 11/13 - 유효 문서: 9
2025-08-16 22:39:15,756 - WARNING - 내용이 너무 짧음: 피아골 (131 chars)
2025-08-16 22:39:16,507 - INFO - 수집 완료: 한국 표준시 (674 chars)
2025-08-16 22:39:16,507 - INFO - 진행률: 13/13 - 유효 문서: 10
2025-08-16 22:39:16,508 - INFO - 데이터 저장 완료: data/geography_korea.jsonl (10 문서)
2025-08-16 22:39:16,658 - INFO - 커스텀 소스로 데이터 수집 시작: category = 아시아의_지리
2025-08-16 22:39:16,658 - INFO - 카테고리에서 링크 수집 중: 아시아의_지리
2025-08-16 22:39:16,967 - INFO - 카테고리에서 10개 링크 발견
2025-08-16 22:39:18,089 - INFO - 수집 완료: 아시아의 지리 (5924 chars)
2025-08-16 22:39:18,089 - INFO - 진행률: 1/10 - 유효 문서: 1
2025-08-16 22:39:18,314 - INFO - 수집 완료: 베링 육교 (430 chars)
2025-08-16 22:39:18,314 - INFO - 진행률: 2/10 - 유효 문서: 2
2025-08-16 22:39:18,341 - INFO - 수집 완료: 레반트 (1612 chars)
2025-08-16 22:39:18,341 - INFO - 진행률: 3/10 - 유효 문서: 3
2025-08-16 22:39:19,216 - WARNING - 내용이 너무 짧음: 순다 열도 (81 chars)
2025-08-16 22:39:19,521 - INFO - 수집 완료: 시베리아 (2543 chars)
2025-08-16 22:39:19,531 - INFO - 수집 완료: 아프로·유라시아 (370 chars)
2025-08-16 22:39:19,531 - INFO - 진행률: 5/10 - 유효 문서: 4
2025-08-16 22:39:19,531 - INFO - 진행률: 6/10 - 유효 문서: 5
2025-08-16 22:39:20,329 - INFO - 수집 완료: 오스트랄라시아 지중해 (435 chars)
2025-08-16 22:39:20,329 - INFO - 진행률: 7/10 - 유효 문서: 6
2025-08-16 22:39:20,641 - INFO - 수집 완료: 폰토스-카스피 스텝 (359 chars)
2025-08-16 22:39:20,642 - INFO - 진행률: 8/10 - 유효 문서: 7
2025-08-16 22:39:20,829 - INFO - 수집 완료: 태평양 (12908 chars)
2025-08-16 22:39:20,830 - INFO - 진행률: 9/10 - 유효 문서: 8
2025-08-16 22:39:21,457 - INFO - 수집 완료: 환태평양 조산대 (4205 chars)
2025-08-16 22:39:21,458 - INFO - 진행률: 10/10 - 유효 문서: 9
2025-08-16 22:39:21,459 - INFO - 데이터 저장 완료: data/geography_asia.jsonl (9 문서)
2025-08-16 22:39:21,606 - INFO - 커스텀 소스로 데이터 수집 시작: category = 한국_전쟁
2025-08-16 22:39:21,607 - INFO - 카테고리에서 링크 수집 중: 한국_전쟁
2025-08-16 22:39:22,169 - INFO - 카테고리에서 0개 링크 발견
2025-08-16 22:39:22,169 - ERROR - 링크 수집 실패
2025-08-16 22:39:22,299 - INFO - 커스텀 소스로 데이터 수집 시작: category = 일제강점기
2025-08-16 22:39:22,299 - INFO - 카테고리에서 링크 수집 중: 일제강점기
2025-08-16 22:39:22,586 - INFO - 카테고리에서 85개 링크 발견
2025-08-16 22:39:23,944 - INFO - 수집 완료: 1644부대 (743 chars)
2025-08-16 22:39:23,959 - INFO - 수집 완료: 일제강점기 (43039 chars)
2025-08-16 22:39:23,960 - INFO - 진행률: 1/30 - 유효 문서: 1
2025-08-16 22:39:23,960 - INFO - 진행률: 2/30 - 유효 문서: 2
2025-08-16 22:39:24,156 - INFO - 수집 완료: 1936년 지리산 쌍계사 지진 (1570 chars)
2025-08-16 22:39:24,156 - INFO - 진행률: 3/30 - 유효 문서: 3
2025-08-16 22:39:25,146 - INFO - 수집 완료: 6·10 만세 운동 (1166 chars)
2025-08-16 22:39:25,151 - INFO - 진행률: 4/30 - 유효 문서: 4
2025-08-16 22:39:25,152 - INFO - 수집 완료: 3·1 운동 (14129 chars)
2025-08-16 22:39:25,152 - INFO - 진행률: 5/30 - 유효 문서: 5
2025-08-16 22:39:25,255 - WARNING - 내용이 너무 짧음: 감수포장 (68 chars)
2025-08-16 22:39:26,256 - INFO - 수집 완료: 고려장 (1239 chars)
2025-08-16 22:39:26,256 - INFO - 진행률: 7/30 - 유효 문서: 6
2025-08-16 22:39:26,370 - INFO - 수집 완료: 광복절 (1472 chars)
2025-08-16 22:39:26,370 - INFO - 진행률: 8/30 - 유효 문서: 7
2025-08-16 22:39:26,457 - INFO - 수집 완료: 결핵 (14826 chars)
2025-08-16 22:39:26,457 - INFO - 진행률: 9/30 - 유효 문서: 8
2025-08-16 22:39:27,365 - INFO - 수집 완료: 국가총동원법 (613 chars)
2025-08-16 22:39:27,365 - INFO - 진행률: 10/30 - 유효 문서: 9
2025-08-16 22:39:27,463 - INFO - 수집 완료: 궁성요배 (461 chars)
2025-08-16 22:39:27,463 - INFO - 진행률: 11/30 - 유효 문서: 10
2025-08-16 22:39:27,555 - WARNING - 내용이 너무 짧음: 김상호 (1862년) (150 chars)
2025-08-16 22:39:28,468 - INFO - 수집 완료: 남해 3·1독립운동 (5325 chars)
2025-08-16 22:39:28,468 - INFO - 진행률: 13/30 - 유효 문서: 11
2025-08-16 22:39:28,570 - INFO - 수집 완료: 내선일체 (700 chars)
2025-08-16 22:39:28,570 - INFO - 진행률: 14/30 - 유효 문서: 12
2025-08-16 22:39:28,675 - INFO - 수집 완료: 대구읍성 (5766 chars)
2025-08-16 22:39:28,675 - INFO - 진행률: 15/30 - 유효 문서: 13
2025-08-16 22:39:29,558 - INFO - 수집 완료: 대한독립의군부 (415 chars)
2025-08-16 22:39:29,558 - INFO - 진행률: 16/30 - 유효 문서: 14
2025-08-16 22:39:29,877 - INFO - 수집 완료: 대한제국 황실 (3892 chars)
2025-08-16 22:39:29,878 - INFO - 진행률: 17/30 - 유효 문서: 15
2025-08-16 22:39:29,975 - INFO - 수집 완료: 대한민국 임시정부 (49219 chars)
2025-08-16 22:39:29,975 - INFO - 진행률: 18/30 - 유효 문서: 16
2025-08-16 22:39:30,671 - INFO - 수집 완료: 동의단지회 (284 chars)
2025-08-16 22:39:30,671 - INFO - 진행률: 19/30 - 유효 문서: 17
2025-08-16 22:39:30,995 - INFO - 수집 완료: 동제사 (2196 chars)
2025-08-16 22:39:30,996 - INFO - 진행률: 20/30 - 유효 문서: 18
2025-08-16 22:39:31,097 - INFO - 수집 완료: 면리제 (1956 chars)
2025-08-16 22:39:31,097 - INFO - 진행률: 21/30 - 유효 문서: 19
2025-08-16 22:39:31,767 - WARNING - 내용이 너무 짧음: 무단 통치 (99 chars)
2025-08-16 22:39:32,091 - INFO - 수집 완료: 무오법정사 항일운동발상지 (1733 chars)
2025-08-16 22:39:32,091 - INFO - 진행률: 23/30 - 유효 문서: 20
2025-08-16 22:39:32,190 - INFO - 수집 완료: 문자보급운동 (1343 chars)
2025-08-16 22:39:32,190 - INFO - 진행률: 24/30 - 유효 문서: 21
2025-08-16 22:39:32,872 - INFO - 수집 완료: 문화 통치 (2036 chars)
2025-08-16 22:39:32,873 - INFO - 진행률: 25/30 - 유효 문서: 22
2025-08-16 22:39:33,186 - INFO - 수집 완료: 미쓰야 협약 (588 chars)
2025-08-16 22:39:33,187 - INFO - 진행률: 26/30 - 유효 문서: 23
2025-08-16 22:39:33,298 - INFO - 수집 완료: 민족대표 33인 (888 chars)
2025-08-16 22:39:33,298 - INFO - 진행률: 27/30 - 유효 문서: 24
2025-08-16 22:39:33,979 - WARNING - 내용이 너무 짧음: 민족말살통치 (141 chars)
2025-08-16 22:39:34,285 - INFO - 수집 완료: 백의민족 (605 chars)
2025-08-16 22:39:34,286 - INFO - 진행률: 29/30 - 유효 문서: 25
2025-08-16 22:39:34,412 - INFO - 수집 완료: 북로군정서 (1199 chars)
2025-08-16 22:39:34,412 - INFO - 진행률: 30/30 - 유효 문서: 26
2025-08-16 22:39:34,415 - INFO - 데이터 저장 완료: data/history_colonial_era.jsonl (26 문서)
2025-08-16 22:39:34,553 - INFO - 커스텀 소스로 데이터 수집 시작: category = 조선
2025-08-16 22:39:34,553 - INFO - 카테고리에서 링크 수집 중: 조선
2025-08-16 22:39:34,845 - INFO - 카테고리에서 84개 링크 발견
2025-08-16 22:39:36,104 - INFO - 수집 완료: 경루 (352 chars)
2025-08-16 22:39:36,109 - INFO - 진행률: 1/30 - 유효 문서: 1
2025-08-16 22:39:36,166 - INFO - 수집 완료: 1부 6조 (663 chars)
2025-08-16 22:39:36,171 - INFO - 진행률: 2/30 - 유효 문서: 2
2025-08-16 22:39:36,192 - INFO - 수집 완료: 조선 (18253 chars)
2025-08-16 22:39:36,192 - INFO - 진행률: 3/30 - 유효 문서: 3
2025-08-16 22:39:37,197 - INFO - 수집 완료: 공도 정책 (285 chars)
2025-08-16 22:39:37,197 - INFO - 진행률: 4/30 - 유효 문서: 4
2025-08-16 22:39:37,264 - INFO - 수집 완료: 공명첩 (773 chars)
2025-08-16 22:39:37,264 - INFO - 진행률: 5/30 - 유효 문서: 5
2025-08-16 22:39:37,287 - WARNING - 내용이 너무 짧음: 공장안 (75 chars)
2025-08-16 22:39:38,291 - INFO - 수집 완료: 관인 (역사) (266 chars)
2025-08-16 22:39:38,292 - INFO - 진행률: 7/30 - 유효 문서: 6
2025-08-16 22:39:38,355 - INFO - 수집 완료: 교방 (280 chars)
2025-08-16 22:39:38,355 - INFO - 진행률: 8/30 - 유효 문서: 7
2025-08-16 22:39:38,385 - INFO - 수집 완료: 교정청 (498 chars)
2025-08-16 22:39:38,385 - INFO - 진행률: 9/30 - 유효 문서: 8
2025-08-16 22:39:39,397 - INFO - 수집 완료: 귀후서 (698 chars)
2025-08-16 22:39:39,398 - INFO - 진행률: 10/30 - 유효 문서: 9
2025-08-16 22:39:39,447 - INFO - 수집 완료: 기적 (명단) (208 chars)
2025-08-16 22:39:39,447 - INFO - 진행률: 11/30 - 유효 문서: 10
2025-08-16 22:39:39,507 - INFO - 수집 완료: 김희 (1729년) (294 chars)
2025-08-16 22:39:39,508 - INFO - 진행률: 12/30 - 유효 문서: 11
2025-08-16 22:39:40,506 - INFO - 수집 완료: 내수사 (1701 chars)
2025-08-16 22:39:40,507 - INFO - 진행률: 13/30 - 유효 문서: 12
2025-08-16 22:39:40,538 - WARNING - 내용이 너무 짧음: 노비면천첩 (88 chars)
2025-08-16 22:39:40,604 - INFO - 수집 완료: 대간 (657 chars)
2025-08-16 22:39:40,604 - INFO - 진행률: 15/30 - 유효 문서: 13
2025-08-16 22:39:41,603 - INFO - 수집 완료: 대원군 (357 chars)
2025-08-16 22:39:41,603 - INFO - 진행률: 16/30 - 유효 문서: 14
2025-08-16 22:39:41,633 - INFO - 수집 완료: 대윤 소윤 (510 chars)
2025-08-16 22:39:41,634 - INFO - 진행률: 17/30 - 유효 문서: 15
2025-08-16 22:39:41,709 - INFO - 수집 완료: 대제학 (1587 chars)
2025-08-16 22:39:41,709 - INFO - 진행률: 18/30 - 유효 문서: 16
2025-08-16 22:39:42,703 - INFO - 수집 완료: 대한기독교청년회연맹 (954 chars)
2025-08-16 22:39:42,703 - INFO - 진행률: 19/30 - 유효 문서: 17
2025-08-16 22:39:42,744 - INFO - 수집 완료: 덕흥대원군묘 (1165 chars)
2025-08-16 22:39:42,744 - INFO - 진행률: 20/30 - 유효 문서: 18
2025-08-16 22:39:42,798 - INFO - 수집 완료: 덕흥사 (610 chars)
2025-08-16 22:39:42,798 - INFO - 진행률: 21/30 - 유효 문서: 19
2025-08-16 22:39:43,806 - INFO - 수집 완료: 도모지 (310 chars)
2025-08-16 22:39:43,806 - INFO - 진행률: 22/30 - 유효 문서: 20
2025-08-16 22:39:43,833 - INFO - 수집 완료: 도제조 (209 chars)
2025-08-16 22:39:43,833 - INFO - 진행률: 23/30 - 유효 문서: 21
2025-08-16 22:39:43,895 - WARNING - 내용이 너무 짧음: 동궁 (63 chars)
2025-08-16 22:39:44,913 - INFO - 수집 완료: 동몽선습 (1198 chars)
2025-08-16 22:39:44,913 - INFO - 진행률: 25/30 - 유효 문서: 22
2025-08-16 22:39:44,924 - WARNING - 내용이 너무 짧음: 두문동 (192 chars)
2025-08-16 22:39:45,006 - INFO - 수집 완료: 면리제 (1956 chars)
2025-08-16 22:39:45,006 - INFO - 진행률: 27/30 - 유효 문서: 23
2025-08-16 22:39:46,019 - INFO - 수집 완료: 모화관 (3903 chars)
2025-08-16 22:39:46,019 - INFO - 진행률: 28/30 - 유효 문서: 24
2025-08-16 22:39:46,031 - INFO - 수집 완료: 무예청 (345 chars)
2025-08-16 22:39:46,031 - INFO - 진행률: 29/30 - 유효 문서: 25
2025-08-16 22:39:46,107 - INFO - 수집 완료: 문관석 (496 chars)
2025-08-16 22:39:46,107 - INFO - 진행률: 30/30 - 유효 문서: 26
2025-08-16 22:39:46,109 - INFO - 데이터 저장 완료: data/history_joseon.jsonl (26 문서)
2025-08-16 22:39:46,260 - INFO - 커스텀 소스로 데이터 수집 시작: category = 고려
2025-08-16 22:39:46,260 - INFO - 카테고리에서 링크 수집 중: 고려
2025-08-16 22:39:46,532 - INFO - 카테고리에서 41개 링크 발견
2025-08-16 22:39:47,812 - WARNING - 내용이 너무 짧음: 결혼도감 (168 chars)
2025-08-16 22:39:47,813 - WARNING - 내용이 너무 짧음: 계림유사 (171 chars)
2025-08-16 22:39:47,836 - INFO - 수집 완료: 고려 (37142 chars)
2025-08-16 22:39:47,836 - INFO - 진행률: 3/30 - 유효 문서: 1
2025-08-16 22:39:48,921 - INFO - 수집 완료: 고려수절신 (1423 chars)
2025-08-16 22:39:48,922 - INFO - 진행률: 4/30 - 유효 문서: 2
2025-08-16 22:39:48,936 - INFO - 수집 완료: 고려박물관 (318 chars)
2025-08-16 22:39:48,936 - INFO - 진행률: 5/30 - 유효 문서: 3
2025-08-16 22:39:49,100 - INFO - 수집 완료: 고려사 (3162 chars)
2025-08-16 22:39:49,100 - INFO - 진행률: 6/30 - 유효 문서: 4
2025-08-16 22:39:50,014 - WARNING - 내용이 너무 짧음: 고려역사선양회 (144 chars)
2025-08-16 22:39:50,059 - INFO - 수집 완료: 호적 (3061 chars)
2025-08-16 22:39:50,059 - INFO - 진행률: 8/30 - 유효 문서: 5
2025-08-16 22:39:50,202 - WARNING - 내용이 너무 짧음: 공장안 (75 chars)
2025-08-16 22:39:51,116 - INFO - 수집 완료: 교방 (280 chars)
2025-08-16 22:39:51,116 - INFO - 진행률: 10/30 - 유효 문서: 6
2025-08-16 22:39:51,160 - INFO - 수집 완료: 귀주성 전투 (473 chars)
2025-08-16 22:39:51,160 - INFO - 진행률: 11/30 - 유효 문서: 7
2025-08-16 22:39:51,294 - INFO - 수집 완료: 금자광록대부 (313 chars)
2025-08-16 22:39:51,294 - INFO - 진행률: 12/30 - 유효 문서: 8
2025-08-16 22:39:52,208 - INFO - 수집 완료: 기적 (명단) (208 chars)
2025-08-16 22:39:52,208 - INFO - 진행률: 13/30 - 유효 문서: 9
2025-08-16 22:39:52,268 - INFO - 수집 완료: 대간 (657 chars)
2025-08-16 22:39:52,268 - INFO - 진행률: 14/30 - 유효 문서: 10
2025-08-16 22:39:52,437 - INFO - 수집 완료: 동국통감 (2323 chars)
2025-08-16 22:39:52,438 - INFO - 진행률: 15/30 - 유효 문서: 11
2025-08-16 22:39:53,311 - WARNING - 내용이 너무 짧음: 두문동 (192 chars)
2025-08-16 22:39:53,363 - INFO - 수집 완료: 백련사 고려사 (523 chars)
2025-08-16 22:39:53,363 - INFO - 진행률: 17/30 - 유효 문서: 12
2025-08-16 22:39:53,549 - INFO - 수집 완료: 보 (재단) (343 chars)
2025-08-16 22:39:53,549 - INFO - 진행률: 18/30 - 유효 문서: 13
2025-08-16 22:39:54,404 - INFO - 수집 완료: 사온서 (403 chars)
2025-08-16 22:39:54,405 - INFO - 진행률: 19/30 - 유효 문서: 14
2025-08-16 22:39:54,462 - INFO - 수집 완료: 삼소 (고려) (266 chars)
2025-08-16 22:39:54,462 - INFO - 진행률: 20/30 - 유효 문서: 15
2025-08-16 22:39:54,655 - INFO - 수집 완료: 상궁 (662 chars)
2025-08-16 22:39:54,656 - INFO - 진행률: 21/30 - 유효 문서: 16
2025-08-16 22:39:55,510 - INFO - 수집 완료: 성서탈적 (732 chars)
2025-08-16 22:39:55,510 - INFO - 진행률: 22/30 - 유효 문서: 17
2025-08-16 22:39:55,559 - INFO - 수집 완료: 시전 (882 chars)
2025-08-16 22:39:55,560 - INFO - 진행률: 23/30 - 유효 문서: 18
2025-08-16 22:39:55,756 - INFO - 수집 완료: 심왕 (1033 chars)
2025-08-16 22:39:55,756 - INFO - 진행률: 24/30 - 유효 문서: 19
2025-08-16 22:39:56,631 - INFO - 수집 완료: 아지발도 (11404 chars)
2025-08-16 22:39:56,631 - INFO - 진행률: 25/30 - 유효 문서: 20
2025-08-16 22:39:56,664 - INFO - 수집 완료: 양안 (문서) (650 chars)
2025-08-16 22:39:56,664 - INFO - 진행률: 26/30 - 유효 문서: 21
2025-08-16 22:39:56,861 - INFO - 수집 완료: 오수개 (612 chars)
2025-08-16 22:39:56,861 - INFO - 진행률: 27/30 - 유효 문서: 22
2025-08-16 22:39:57,763 - INFO - 수집 완료: 이돈수 (1765 chars)
2025-08-16 22:39:57,768 - INFO - 진행률: 28/30 - 유효 문서: 23
2025-08-16 22:39:57,790 - INFO - 수집 완료: 원나라의 일본 원정 (2202 chars)
2025-08-16 22:39:57,790 - INFO - 진행률: 29/30 - 유효 문서: 24
2025-08-16 22:39:57,958 - INFO - 수집 완료: 장생고 (227 chars)
2025-08-16 22:39:57,959 - INFO - 진행률: 30/30 - 유효 문서: 25
2025-08-16 22:39:57,961 - INFO - 데이터 저장 완료: data/history_goryeo.jsonl (25 문서)
2025-08-16 22:39:58,114 - INFO - 커스텀 소스로 데이터 수집 시작: category = 서울의_역사
2025-08-16 22:39:58,114 - INFO - 카테고리에서 링크 수집 중: 서울의_역사
2025-08-16 22:39:58,896 - ERROR - 카테고리 링크 수집 실패: 404 Client Error: Not Found for url: https://ko.wikipedia.org/wiki/%EB%B6%84%EB%A5%98:%EC%84%9C%EC%9A%B8%EC%9D%98_%EC%97%AD%EC%82%AC
2025-08-16 22:39:58,896 - ERROR - 링크 수집 실패
2025-08-16 22:39:59,034 - INFO - 커스텀 소스로 데이터 수집 시작: category = 과학
2025-08-16 22:39:59,034 - INFO - 카테고리에서 링크 수집 중: 과학
2025-08-16 22:39:59,345 - INFO - 카테고리에서 2개 링크 발견
2025-08-16 22:40:00,498 - INFO - 수집 완료: 과학 (4746 chars)
2025-08-16 22:40:00,498 - INFO - 진행률: 1/2 - 유효 문서: 1
2025-08-16 22:40:00,630 - INFO - 수집 완료: 기초과학 (596 chars)
2025-08-16 22:40:00,630 - INFO - 진행률: 2/2 - 유효 문서: 2
2025-08-16 22:40:00,631 - INFO - 데이터 저장 완료: data/science_general.jsonl (2 문서)
2025-08-16 22:40:00,770 - INFO - 커스텀 소스로 데이터 수집 시작: category = 물리학
2025-08-16 22:40:00,770 - INFO - 카테고리에서 링크 수집 중: 물리학
2025-08-16 22:40:01,123 - INFO - 카테고리에서 18개 링크 발견
2025-08-16 22:40:02,325 - INFO - 수집 완료: 물리학 (8479 chars)
2025-08-16 22:40:02,325 - INFO - 진행률: 1/18 - 유효 문서: 1
2025-08-16 22:40:02,544 - INFO - 수집 완료: 고전역학 (4836 chars)
2025-08-16 22:40:02,544 - INFO - 진행률: 2/18 - 유효 문서: 2
2025-08-16 22:40:02,729 - INFO - 수집 완료: 고속 푸리에 변환 (17140 chars)
2025-08-16 22:40:02,729 - INFO - 진행률: 3/18 - 유효 문서: 3
2025-08-16 22:40:03,453 - INFO - 수집 완료: 과정철학 (480 chars)
2025-08-16 22:40:03,454 - INFO - 진행률: 4/18 - 유효 문서: 4
2025-08-16 22:40:03,664 - INFO - 수집 완료: 광학 (1923 chars)
2025-08-16 22:40:03,664 - INFO - 진행률: 5/18 - 유효 문서: 5
2025-08-16 22:40:03,849 - INFO - 수집 완료: 마찰열 (225 chars)
2025-08-16 22:40:03,849 - INFO - 진행률: 6/18 - 유효 문서: 6
2025-08-16 22:40:04,544 - INFO - 수집 완료: 비선형 동역학 (493 chars)
2025-08-16 22:40:04,544 - INFO - 진행률: 7/18 - 유효 문서: 7
2025-08-16 22:40:04,778 - INFO - 수집 완료: 생물리학 (739 chars)
2025-08-16 22:40:04,778 - INFO - 진행률: 8/18 - 유효 문서: 8
2025-08-16 22:40:04,993 - INFO - 수집 완료: 소인수 알고리즘 (2533 chars)
2025-08-16 22:40:04,993 - INFO - 진행률: 9/18 - 유효 문서: 9
2025-08-16 22:40:05,654 - INFO - 수집 완료: 수리물리학 (2396 chars)
2025-08-16 22:40:05,655 - INFO - 진행률: 10/18 - 유효 문서: 10
2025-08-16 22:40:05,935 - INFO - 수집 완료: 양자역학 (5806 chars)
2025-08-16 22:40:05,935 - INFO - 진행률: 11/18 - 유효 문서: 11
2025-08-16 22:40:06,101 - INFO - 수집 완료: 응집물질물리학 (1025 chars)
2025-08-16 22:40:06,102 - INFO - 진행률: 12/18 - 유효 문서: 12
2025-08-16 22:40:06,747 - INFO - 수집 완료: 이론천체물리학 (482 chars)
2025-08-16 22:40:06,747 - INFO - 진행률: 13/18 - 유효 문서: 13
2025-08-16 22:40:07,076 - INFO - 수집 완료: 전자기학 (5111 chars)
2025-08-16 22:40:07,076 - INFO - 진행률: 14/18 - 유효 문서: 14
2025-08-16 22:40:07,223 - INFO - 수집 완료: 지구물리학 (975 chars)
2025-08-16 22:40:07,223 - INFO - 진행률: 15/18 - 유효 문서: 15
2025-08-16 22:40:07,845 - INFO - 수집 완료: 통계물리학 (442 chars)
2025-08-16 22:40:07,845 - INFO - 진행률: 16/18 - 유효 문서: 16
2025-08-16 22:40:08,226 - INFO - 수집 완료: 통계역학 (3846 chars)
2025-08-16 22:40:08,226 - INFO - 진행률: 17/18 - 유효 문서: 17
2025-08-16 22:40:08,357 - INFO - 수집 완료: 핵물리학 (7306 chars)
2025-08-16 22:40:08,357 - INFO - 진행률: 18/18 - 유효 문서: 18
2025-08-16 22:40:08,359 - INFO - 데이터 저장 완료: data/science_physics.jsonl (18 문서)
2025-08-16 22:40:08,497 - INFO - 커스텀 소스로 데이터 수집 시작: category = 화학
2025-08-16 22:40:08,497 - INFO - 카테고리에서 링크 수집 중: 화학
2025-08-16 22:40:08,880 - INFO - 카테고리에서 31개 링크 발견
2025-08-16 22:40:10,067 - INFO - 수집 완료: 화학 (7394 chars)
2025-08-16 22:40:10,068 - INFO - 진행률: 1/25 - 유효 문서: 1
2025-08-16 22:40:10,157 - WARNING - 내용이 너무 짧음: 간접면역형광항체법 (122 chars)
2025-08-16 22:40:10,200 - INFO - 수집 완료: 결정화학 (237 chars)
2025-08-16 22:40:10,200 - INFO - 진행률: 3/25 - 유효 문서: 2
2025-08-16 22:40:11,169 - WARNING - 내용이 너무 짧음: 고상선과 액상선 (182 chars)
2025-08-16 22:40:11,291 - WARNING - 내용이 너무 짧음: 구조화학 (100 chars)
2025-08-16 22:40:11,302 - WARNING - 내용이 너무 짧음: 기계화학 (126 chars)
2025-08-16 22:40:12,289 - INFO - 수집 완료: 녹색 화학 (427 chars)
2025-08-16 22:40:12,289 - INFO - 진행률: 7/25 - 유효 문서: 3
2025-08-16 22:40:12,389 - WARNING - 내용이 너무 짧음: 동족 (화학) (176 chars)
2025-08-16 22:40:12,412 - WARNING - 내용이 너무 짧음: 라임티타니아계 (85 chars)
2025-08-16 22:40:13,414 - INFO - 수집 완료: 마찰발광 (477 chars)
2025-08-16 22:40:13,415 - INFO - 진행률: 10/25 - 유효 문서: 4
2025-08-16 22:40:13,486 - WARNING - 내용이 너무 짧음: 면역확산 (108 chars)
2025-08-16 22:40:13,539 - INFO - 수집 완료: 미량화학 (362 chars)
2025-08-16 22:40:13,539 - INFO - 진행률: 12/25 - 유효 문서: 5
2025-08-16 22:40:14,540 - INFO - 수집 완료: 비밀화학 (344 chars)
2025-08-16 22:40:14,540 - INFO - 진행률: 13/25 - 유효 문서: 6
2025-08-16 22:40:14,594 - INFO - 수집 완료: 생물물리화학 (728 chars)
2025-08-16 22:40:14,594 - INFO - 진행률: 14/25 - 유효 문서: 7
2025-08-16 22:40:14,688 - INFO - 수집 완료: 솔베이 회의 (1019 chars)
2025-08-16 22:40:14,689 - INFO - 진행률: 15/25 - 유효 문서: 8
2025-08-16 22:40:15,673 - INFO - 수집 완료: 암흑 산소 (710 chars)
2025-08-16 22:40:15,673 - INFO - 진행률: 16/25 - 유효 문서: 9
2025-08-16 22:40:15,801 - INFO - 수집 완료: 원자 (9304 chars)
2025-08-16 22:40:15,801 - INFO - 진행률: 17/25 - 유효 문서: 10
2025-08-16 22:40:15,812 - WARNING - 내용이 너무 짧음: 전해수 (124 chars)
2025-08-16 22:40:16,847 - INFO - 수집 완료: 천연물 (4095 chars)
2025-08-16 22:40:16,847 - INFO - 진행률: 19/25 - 유효 문서: 11
2025-08-16 22:40:16,911 - WARNING - 내용이 너무 짧음: 천연물화학 (95 chars)
2025-08-16 22:40:16,952 - INFO - 수집 완료: 초분자화학 (573 chars)
2025-08-16 22:40:16,952 - INFO - 진행률: 21/25 - 유효 문서: 12
2025-08-16 22:40:17,997 - INFO - 수집 완료: 합금 (911 chars)
2025-08-16 22:40:17,997 - INFO - 진행률: 22/25 - 유효 문서: 13
2025-08-16 22:40:18,019 - INFO - 수집 완료: 핵화학 (815 chars)
2025-08-16 22:40:18,019 - INFO - 진행률: 23/25 - 유효 문서: 14
2025-08-16 22:40:18,055 - INFO - 수집 완료: 화학 라이브러리 (244 chars)
2025-08-16 22:40:18,056 - INFO - 진행률: 24/25 - 유효 문서: 15
2025-08-16 22:40:19,114 - INFO - 수집 완료: 화학공업 (2659 chars)
2025-08-16 22:40:19,114 - INFO - 진행률: 25/25 - 유효 문서: 16
2025-08-16 22:40:19,115 - INFO - 데이터 저장 완료: data/science_chemistry.jsonl (16 문서)
2025-08-16 22:40:19,256 - INFO - 커스텀 소스로 데이터 수집 시작: category = 생물학
2025-08-16 22:40:19,256 - INFO - 카테고리에서 링크 수집 중: 생물학
2025-08-16 22:40:19,617 - INFO - 카테고리에서 128개 링크 발견
2025-08-16 22:40:20,869 - WARNING - 내용이 너무 짧음: ARDRA (180 chars)
2025-08-16 22:40:20,968 - WARNING - 내용이 너무 짧음: 생물학 용어 (0 chars)
2025-08-16 22:40:20,970 - INFO - 수집 완료: 생물학 (12589 chars)
2025-08-16 22:40:20,970 - INFO - 진행률: 3/25 - 유효 문서: 1
2025-08-16 22:40:21,991 - INFO - 수집 완료: Mir-200 (933 chars)
2025-08-16 22:40:21,991 - INFO - 진행률: 4/25 - 유효 문서: 2
2025-08-16 22:40:22,093 - INFO - 수집 완료: SNAI1 (359 chars)
2025-08-16 22:40:22,098 - INFO - 진행률: 5/25 - 유효 문서: 3
2025-08-16 22:40:22,131 - INFO - 수집 완료: ZEB2 (200 chars)
2025-08-16 22:40:22,131 - INFO - 진행률: 6/25 - 유효 문서: 4
2025-08-16 22:40:23,091 - WARNING - 내용이 너무 짧음: 가교 (화학) (162 chars)
2025-08-16 22:40:23,201 - INFO - 수집 완료: 간극연접 (478 chars)
2025-08-16 22:40:23,202 - INFO - 진행률: 8/25 - 유효 문서: 5
2025-08-16 22:40:23,228 - WARNING - 내용이 너무 짧음: 갑각 (140 chars)
2025-08-16 22:40:24,180 - WARNING - 내용이 너무 짧음: 개체 (생물) (168 chars)
2025-08-16 22:40:24,292 - INFO - 수집 완료: 겹눈 (225 chars)
2025-08-16 22:40:24,292 - INFO - 진행률: 11/25 - 유효 문서: 6
2025-08-16 22:40:24,334 - INFO - 수집 완료: 경쟁 (생물학) (1409 chars)
2025-08-16 22:40:24,334 - INFO - 진행률: 12/25 - 유효 문서: 7
2025-08-16 22:40:25,276 - WARNING - 내용이 너무 짧음: 계산기내 (187 chars)
2025-08-16 22:40:25,407 - INFO - 수집 완료: 계통수 (261 chars)
2025-08-16 22:40:25,407 - INFO - 진행률: 14/25 - 유효 문서: 8
2025-08-16 22:40:25,434 - INFO - 수집 완료: 고리형 뉴클레오타이드 개폐 이온 통로 (345 chars)
2025-08-16 22:40:25,434 - INFO - 진행률: 15/25 - 유효 문서: 9
2025-08-16 22:40:26,374 - INFO - 수집 완료: 고립로핵 (475 chars)
2025-08-16 22:40:26,374 - INFO - 진행률: 16/25 - 유효 문서: 10
2025-08-16 22:40:26,535 - WARNING - 내용이 너무 짧음: 고생물학 연대표 (0 chars)
2025-08-16 22:40:26,568 - INFO - 수집 완료: 곤충학 (1654 chars)
2025-08-16 22:40:26,568 - INFO - 진행률: 18/25 - 유효 문서: 11
2025-08-16 22:40:27,472 - INFO - 수집 완료: 군유전체학 (694 chars)
2025-08-16 22:40:27,472 - INFO - 진행률: 19/25 - 유효 문서: 12
2025-08-16 22:40:27,640 - INFO - 수집 완료: 균근 (1445 chars)
2025-08-16 22:40:27,640 - INFO - 진행률: 20/25 - 유효 문서: 13
2025-08-16 22:40:27,655 - WARNING - 내용이 너무 짧음: 기억세포 (119 chars)
2025-08-16 22:40:28,603 - INFO - 수집 완료: 기형학 (9917 chars)
2025-08-16 22:40:28,603 - INFO - 진행률: 22/25 - 유효 문서: 14
2025-08-16 22:40:28,731 - INFO - 수집 완료: 길이상수 (578 chars)
2025-08-16 22:40:28,731 - INFO - 진행률: 23/25 - 유효 문서: 15
2025-08-16 22:40:28,746 - INFO - 수집 완료: 길항작용 (642 chars)
2025-08-16 22:40:28,747 - INFO - 진행률: 24/25 - 유효 문서: 16
2025-08-16 22:40:29,692 - INFO - 수집 완료: 나비목 분류 체계 (3901 chars)
2025-08-16 22:40:29,692 - INFO - 진행률: 25/25 - 유효 문서: 17
2025-08-16 22:40:29,694 - INFO - 데이터 저장 완료: data/science_biology.jsonl (17 문서)
2025-08-16 22:40:29,841 - INFO - 커스텀 소스로 데이터 수집 시작: category = 지구과학
2025-08-16 22:40:29,841 - INFO - 카테고리에서 링크 수집 중: 지구과학
2025-08-16 22:40:30,222 - INFO - 카테고리에서 50개 링크 발견
2025-08-16 22:40:31,448 - INFO - 수집 완료: 지구 (9353 chars)
2025-08-16 22:40:31,449 - INFO - 진행률: 1/25 - 유효 문서: 1
2025-08-16 22:40:31,535 - INFO - 수집 완료: LLSVP (522 chars)
2025-08-16 22:40:31,536 - INFO - 진행률: 2/25 - 유효 문서: 2
2025-08-16 22:40:31,560 - INFO - 수집 완료: 지구과학 (356 chars)
2025-08-16 22:40:31,560 - INFO - 진행률: 3/25 - 유효 문서: 3
2025-08-16 22:40:32,597 - INFO - 수집 완료: 거대충돌 가설 (1581 chars)
2025-08-16 22:40:32,598 - INFO - 진행률: 4/25 - 유효 문서: 4
2025-08-16 22:40:32,657 - INFO - 수집 완료: 결정 구조 (1849 chars)
2025-08-16 22:40:32,663 - INFO - 진행률: 5/25 - 유효 문서: 5
2025-08-16 22:40:32,668 - INFO - 수집 완료: 고제3기의 기후 변화 (1561 chars)
2025-08-16 22:40:32,668 - INFO - 진행률: 6/25 - 유효 문서: 6
2025-08-16 22:40:33,730 - INFO - 수집 완료: 공간군 (1579 chars)
2025-08-16 22:40:33,730 - INFO - 진행률: 7/25 - 유효 문서: 7
2025-08-16 22:40:33,768 - INFO - 수집 완료: 국제수문지질학회 (287 chars)
2025-08-16 22:40:33,768 - INFO - 진행률: 8/25 - 유효 문서: 8
2025-08-16 22:40:33,783 - INFO - 수집 완료: 국제극지년 (256 chars)
2025-08-16 22:40:33,783 - INFO - 진행률: 9/25 - 유효 문서: 9
2025-08-16 22:40:34,834 - INFO - 수집 완료: 국제수문학회 (260 chars)
2025-08-16 22:40:34,834 - INFO - 진행률: 10/25 - 유효 문서: 10
2025-08-16 22:40:34,879 - INFO - 수집 완료: 기후 공학 (488 chars)
2025-08-16 22:40:34,879 - INFO - 진행률: 11/25 - 유효 문서: 11
2025-08-16 22:40:34,906 - INFO - 수집 완료: 기후계 (5505 chars)
2025-08-16 22:40:34,906 - INFO - 진행률: 12/25 - 유효 문서: 12
2025-08-16 22:40:35,949 - INFO - 수집 완료: 기후학 (523 chars)
2025-08-16 22:40:35,949 - INFO - 진행률: 13/25 - 유효 문서: 13
2025-08-16 22:40:36,051 - INFO - 수집 완료: 대기 (1932 chars)
2025-08-16 22:40:36,051 - INFO - 진행률: 14/25 - 유효 문서: 14
2025-08-16 22:40:36,159 - INFO - 수집 완료: 단층 (14960 chars)
2025-08-16 22:40:36,159 - INFO - 진행률: 15/25 - 유효 문서: 15
2025-08-16 22:40:37,060 - INFO - 수집 완료: 대류 (866 chars)
2025-08-16 22:40:37,060 - INFO - 진행률: 16/25 - 유효 문서: 16
2025-08-16 22:40:37,169 - INFO - 수집 완료: 도시 열섬 (2812 chars)
2025-08-16 22:40:37,169 - INFO - 진행률: 17/25 - 유효 문서: 17
2025-08-16 22:40:37,260 - INFO - 수집 완료: 동굴학 (249 chars)
2025-08-16 22:40:37,261 - INFO - 진행률: 18/25 - 유효 문서: 18
2025-08-16 22:40:38,164 - INFO - 수집 완료: 마그마 (1858 chars)
2025-08-16 22:40:38,164 - INFO - 진행률: 19/25 - 유효 문서: 19
2025-08-16 22:40:38,262 - INFO - 수집 완료: 미기후 (336 chars)
2025-08-16 22:40:38,263 - INFO - 진행률: 20/25 - 유효 문서: 20
2025-08-16 22:40:38,466 - INFO - 수집 완료: 미생물막 (19111 chars)
2025-08-16 22:40:38,467 - INFO - 진행률: 21/25 - 유효 문서: 21
2025-08-16 22:40:39,266 - INFO - 수집 완료: 밴 앨런대 (2865 chars)
2025-08-16 22:40:39,266 - INFO - 진행률: 22/25 - 유효 문서: 22
2025-08-16 22:40:39,357 - WARNING - 내용이 너무 짧음: 복각 (172 chars)
2025-08-16 22:40:39,558 - INFO - 수집 완료: 북 그린란드 빙하 코어 프로젝트 (858 chars)
2025-08-16 22:40:39,558 - INFO - 진행률: 24/25 - 유효 문서: 23
2025-08-16 22:40:40,358 - WARNING - 내용이 너무 짧음: 북극진동 (166 chars)
2025-08-16 22:40:40,360 - INFO - 데이터 저장 완료: data/science_earth.jsonl (23 문서)
2025-08-16 22:40:40,513 - INFO - 커스텀 소스로 데이터 수집 시작: category = 컴퓨터_과학
2025-08-16 22:40:40,513 - INFO - 카테고리에서 링크 수집 중: 컴퓨터_과학
2025-08-16 22:40:40,812 - INFO - 카테고리에서 16개 링크 발견
2025-08-16 22:40:41,899 - INFO - 수집 완료: .run (makeself) (580 chars)
2025-08-16 22:40:41,899 - INFO - 진행률: 1/16 - 유효 문서: 1
2025-08-16 22:40:42,065 - INFO - 수집 완료: BioAPI (567 chars)
2025-08-16 22:40:42,066 - INFO - 진행률: 2/16 - 유효 문서: 2
2025-08-16 22:40:42,383 - INFO - 수집 완료: 컴퓨터 과학 (8229 chars)
2025-08-16 22:40:42,383 - INFO - 진행률: 3/16 - 유효 문서: 3
2025-08-16 22:40:42,993 - INFO - 수집 완료: OAEP (691 chars)
2025-08-16 22:40:42,993 - INFO - 진행률: 4/16 - 유효 문서: 4
2025-08-16 22:40:43,189 - INFO - 수집 완료: 계산기하학 (2600 chars)
2025-08-16 22:40:43,189 - INFO - 진행률: 5/16 - 유효 문서: 5
2025-08-16 22:40:43,487 - INFO - 수집 완료: 계산물리학 (1326 chars)
2025-08-16 22:40:43,487 - INFO - 진행률: 6/16 - 유효 문서: 6
2025-08-16 22:40:44,104 - INFO - 수집 완료: 국제 정보 올림피아드 (1199 chars)
2025-08-16 22:40:44,104 - INFO - 진행률: 7/16 - 유효 문서: 7
2025-08-16 22:40:44,313 - INFO - 수집 완료: 논리 연산 (1022 chars)
2025-08-16 22:40:44,313 - INFO - 진행률: 8/16 - 유효 문서: 8
2025-08-16 22:40:44,577 - INFO - 수집 완료: 논리식 (365 chars)
2025-08-16 22:40:44,578 - INFO - 진행률: 9/16 - 유효 문서: 9
2025-08-16 22:40:45,215 - INFO - 수집 완료: 디벨로퍼 릴레이션 (2545 chars)
2025-08-16 22:40:45,215 - INFO - 진행률: 10/16 - 유효 문서: 10
2025-08-16 22:40:45,399 - INFO - 수집 완료: 세계모델 (203 chars)
2025-08-16 22:40:45,399 - INFO - 진행률: 11/16 - 유효 문서: 11
2025-08-16 22:40:45,690 - INFO - 수집 완료: 수학적 최적화 (829 chars)
2025-08-16 22:40:45,691 - INFO - 진행률: 12/16 - 유효 문서: 12
2025-08-16 22:40:46,307 - INFO - 수집 완료: 인터랙티비티 (294 chars)
2025-08-16 22:40:46,307 - INFO - 진행률: 13/16 - 유효 문서: 13
2025-08-16 22:40:46,522 - INFO - 수집 완료: 전기전자공학자협회 (909 chars)
2025-08-16 22:40:46,522 - INFO - 진행률: 14/16 - 유효 문서: 14
2025-08-16 22:40:46,796 - INFO - 수집 완료: 증명 보조기 (548 chars)
2025-08-16 22:40:46,796 - INFO - 진행률: 15/16 - 유효 문서: 15
2025-08-16 22:40:47,400 - INFO - 수집 완료: 플로이드의 삼각형 (293 chars)
2025-08-16 22:40:47,400 - INFO - 진행률: 16/16 - 유효 문서: 16
2025-08-16 22:40:47,401 - INFO - 데이터 저장 완료: data/tech_computer_science.jsonl (16 문서)
2025-08-16 22:40:47,550 - INFO - 커스텀 소스로 데이터 수집 시작: category = 인공지능
2025-08-16 22:40:47,550 - INFO - 카테고리에서 링크 수집 중: 인공지능
2025-08-16 22:40:47,849 - INFO - 카테고리에서 151개 링크 발견
2025-08-16 22:40:48,959 - WARNING - 내용이 너무 짧음: 기계 학습 알고리즘 목록 (0 chars)
2025-08-16 22:40:49,216 - INFO - 수집 완료: 인공지능의 개요 (216 chars)
2025-08-16 22:40:49,217 - INFO - 진행률: 2/25 - 유효 문서: 1
2025-08-16 22:40:49,315 - INFO - 수집 완료: 인공지능 (25466 chars)
2025-08-16 22:40:49,315 - INFO - 진행률: 3/25 - 유효 문서: 2
2025-08-16 22:40:50,049 - WARNING - 내용이 너무 짧음: 인공지능을 위한 프로그래밍 언어 목록 (0 chars)
2025-08-16 22:40:50,302 - INFO - 수집 완료: AI 리터러시 (1758 chars)
2025-08-16 22:40:50,302 - INFO - 진행률: 5/25 - 유효 문서: 3
2025-08-16 22:40:50,404 - INFO - 수집 완료: AI 붐 (586 chars)
2025-08-16 22:40:50,405 - INFO - 진행률: 6/25 - 유효 문서: 4
2025-08-16 22:40:51,159 - INFO - 수집 완료: AI 안전 (4018 chars)
2025-08-16 22:40:51,160 - INFO - 진행률: 7/25 - 유효 문서: 5
2025-08-16 22:40:51,389 - INFO - 수집 완료: AI 워싱 (665 chars)
2025-08-16 22:40:51,389 - INFO - 진행률: 8/25 - 유효 문서: 6
2025-08-16 22:40:51,498 - INFO - 수집 완료: AI 정렬 (1221 chars)
2025-08-16 22:40:51,498 - INFO - 진행률: 9/25 - 유효 문서: 7
2025-08-16 22:40:52,244 - INFO - 수집 완료: AI-완전 (617 chars)
2025-08-16 22:40:52,245 - INFO - 진행률: 10/25 - 유효 문서: 8
2025-08-16 22:40:52,487 - INFO - 수집 완료: AIOps (1729 chars)
2025-08-16 22:40:52,487 - INFO - 진행률: 11/25 - 유효 문서: 9
2025-08-16 22:40:52,586 - INFO - 수집 완료: Auto-GPT (812 chars)
2025-08-16 22:40:52,586 - INFO - 진행률: 12/25 - 유효 문서: 10
2025-08-16 22:40:53,361 - INFO - 수집 완료: CAPTCHA (6529 chars)
2025-08-16 22:40:53,361 - INFO - 진행률: 13/25 - 유효 문서: 11
2025-08-16 22:40:53,568 - INFO - 수집 완료: DABUS (702 chars)
2025-08-16 22:40:53,568 - INFO - 진행률: 14/25 - 유효 문서: 12
2025-08-16 22:40:53,673 - INFO - 수집 완료: ELIZA (305 chars)
2025-08-16 22:40:53,673 - INFO - 진행률: 15/25 - 유효 문서: 13
2025-08-16 22:40:54,450 - INFO - 수집 완료: Is This What We Want? (662 chars)
2025-08-16 22:40:54,451 - INFO - 진행률: 16/25 - 유효 문서: 14
2025-08-16 22:40:54,682 - INFO - 수집 완료: MNIST 데이터베이스 (575 chars)
2025-08-16 22:40:54,683 - INFO - 진행률: 17/25 - 유효 문서: 15
2025-08-16 22:40:54,780 - INFO - 수집 완료: S 보이스 (327 chars)
2025-08-16 22:40:54,780 - INFO - 진행률: 18/25 - 유효 문서: 16
2025-08-16 22:40:55,565 - INFO - 수집 완료: Siri (620 chars)
2025-08-16 22:40:55,566 - INFO - 진행률: 19/25 - 유효 문서: 17
2025-08-16 22:40:55,804 - INFO - 수집 완료: 갤럭시 AI (5073 chars)
2025-08-16 22:40:55,804 - INFO - 진행률: 20/25 - 유효 문서: 18
2025-08-16 22:40:55,914 - INFO - 수집 완료: 게임 이론 (5679 chars)
2025-08-16 22:40:55,914 - INFO - 진행률: 21/25 - 유효 문서: 19
2025-08-16 22:40:56,650 - INFO - 수집 완료: 계산 지능 (977 chars)
2025-08-16 22:40:56,650 - INFO - 진행률: 22/25 - 유효 문서: 20
2025-08-16 22:40:56,896 - INFO - 수집 완료: 계층 제어 시스템 (1992 chars)
2025-08-16 22:40:56,896 - INFO - 진행률: 23/25 - 유효 문서: 21
2025-08-16 22:40:56,998 - INFO - 수집 완료: 광학 마크 인식 (394 chars)
2025-08-16 22:40:56,999 - INFO - 진행률: 24/25 - 유효 문서: 22
2025-08-16 22:40:57,750 - INFO - 수집 완료: 괴델 기계 (2712 chars)
2025-08-16 22:40:57,751 - INFO - 진행률: 25/25 - 유효 문서: 23
2025-08-16 22:40:57,752 - INFO - 데이터 저장 완료: data/tech_ai.jsonl (23 문서)
2025-08-16 22:40:57,901 - INFO - 커스텀 소스로 데이터 수집 시작: category = 대한민국의_기술
2025-08-16 22:40:57,901 - INFO - 카테고리에서 링크 수집 중: 대한민국의_기술
2025-08-16 22:40:58,487 - ERROR - 카테고리 링크 수집 실패: 404 Client Error: Not Found for url: https://ko.wikipedia.org/wiki/%EB%B6%84%EB%A5%98:%EB%8C%80%ED%95%9C%EB%AF%BC%EA%B5%AD%EC%9D%98_%EA%B8%B0%EC%88%A0
2025-08-16 22:40:58,487 - ERROR - 링크 수집 실패
2025-08-16 22:40:58,619 - INFO - 커스텀 소스로 데이터 수집 시작: category = 우주_기술
2025-08-16 22:40:58,620 - INFO - 카테고리에서 링크 수집 중: 우주_기술
2025-08-16 22:40:58,959 - INFO - 카테고리에서 3개 링크 발견
2025-08-16 22:41:00,092 - INFO - 수집 완료: 대기권 진입 (1000 chars)
2025-08-16 22:41:00,093 - INFO - 진행률: 1/3 - 유효 문서: 1
2025-08-16 22:41:00,254 - WARNING - 내용이 너무 짧음: 우주 기술 (141 chars)
2025-08-16 22:41:00,308 - INFO - 수집 완료: 우주법 (961 chars)
2025-08-16 22:41:00,308 - INFO - 진행률: 3/3 - 유효 문서: 2
2025-08-16 22:41:00,309 - INFO - 데이터 저장 완료: data/tech_space.jsonl (2 문서)
2025-08-16 22:41:00,447 - INFO - 커스텀 소스로 데이터 수집 시작: category = 의학
2025-08-16 22:41:00,447 - INFO - 카테고리에서 링크 수집 중: 의학
2025-08-16 22:41:00,796 - INFO - 카테고리에서 17개 링크 발견
2025-08-16 22:41:01,907 - INFO - 수집 완료: 의예과 (2959 chars)
2025-08-16 22:41:01,907 - INFO - 진행률: 1/17 - 유효 문서: 1
2025-08-16 22:41:02,139 - INFO - 수집 완료: 의학 (3522 chars)
2025-08-16 22:41:02,140 - INFO - 진행률: 2/17 - 유효 문서: 2
2025-08-16 22:41:02,167 - INFO - 수집 완료: 지구보건 (1683 chars)
2025-08-16 22:41:02,167 - INFO - 진행률: 3/17 - 유효 문서: 3
2025-08-16 22:41:03,028 - INFO - 수집 완료: GH 마크 (293 chars)
2025-08-16 22:41:03,028 - INFO - 진행률: 4/17 - 유효 문서: 4
2025-08-16 22:41:03,256 - INFO - 수집 완료: USMLE (2340 chars)
2025-08-16 22:41:03,257 - INFO - 진행률: 5/17 - 유효 문서: 5
2025-08-16 22:41:03,270 - WARNING - 내용이 너무 짧음: 가락굽힘근 (93 chars)
2025-08-16 22:41:04,139 - INFO - 수집 완료: 리처드 조던 개틀링 (3658 chars)
2025-08-16 22:41:04,139 - INFO - 진행률: 7/17 - 유효 문서: 6
2025-08-16 22:41:04,342 - INFO - 수집 완료: 고압의학 (239 chars)
2025-08-16 22:41:04,343 - INFO - 진행률: 8/17 - 유효 문서: 7
2025-08-16 22:41:04,395 - INFO - 수집 완료: 단백뇨 (468 chars)
2025-08-16 22:41:04,395 - INFO - 진행률: 9/17 - 유효 문서: 8
2025-08-16 22:41:05,243 - INFO - 수집 완료: 돌주름창자 (257 chars)
2025-08-16 22:41:05,243 - INFO - 진행률: 10/17 - 유효 문서: 9
2025-08-16 22:41:05,448 - INFO - 수집 완료: 리스본 선언 (468 chars)
2025-08-16 22:41:05,449 - INFO - 진행률: 11/17 - 유효 문서: 10
2025-08-16 22:41:05,483 - INFO - 수집 완료: 반의학 (1780 chars)
2025-08-16 22:41:05,483 - INFO - 진행률: 12/17 - 유효 문서: 11
2025-08-16 22:41:06,338 - WARNING - 내용이 너무 짧음: 알부민뇨 (81 chars)
2025-08-16 22:41:06,556 - WARNING - 내용이 너무 짧음: 영상기록 병원 24시 (69 chars)
2025-08-16 22:41:06,598 - INFO - 수집 완료: 유비쿼터스 간호 (3000 chars)
2025-08-16 22:41:06,599 - INFO - 진행률: 15/17 - 유효 문서: 12
2025-08-16 22:41:07,455 - INFO - 수집 완료: 의·치의학교육입문검사 (1323 chars)
2025-08-16 22:41:07,455 - INFO - 진행률: 16/17 - 유효 문서: 13
2025-08-16 22:41:07,662 - INFO - 수집 완료: 의학교과서 (228 chars)
2025-08-16 22:41:07,662 - INFO - 진행률: 17/17 - 유효 문서: 14
2025-08-16 22:41:07,663 - INFO - 데이터 저장 완료: data/science_medicine.jsonl (14 문서)
2025-08-16 22:41:07,810 - INFO - 커스텀 소스로 데이터 수집 시작: category = 한국_문화
2025-08-16 22:41:07,810 - INFO - 카테고리에서 링크 수집 중: 한국_문화
2025-08-16 22:41:08,767 - ERROR - 카테고리 링크 수집 실패: 404 Client Error: Not Found for url: https://ko.wikipedia.org/wiki/%EB%B6%84%EB%A5%98:%ED%95%9C%EA%B5%AD_%EB%AC%B8%ED%99%94
2025-08-16 22:41:08,768 - ERROR - 링크 수집 실패
2025-08-16 22:41:08,901 - INFO - 커스텀 소스로 데이터 수집 시작: category = 미술
2025-08-16 22:41:08,901 - INFO - 카테고리에서 링크 수집 중: 미술
2025-08-16 22:41:09,177 - INFO - 카테고리에서 32개 링크 발견
2025-08-16 22:41:10,338 - INFO - 수집 완료: 미술 (18905 chars)
2025-08-16 22:41:10,338 - INFO - 진행률: 1/20 - 유효 문서: 1
2025-08-16 22:41:10,451 - INFO - 수집 완료: 뉴 에포크 노테이션 페인팅 (991 chars)
2025-08-16 22:41:10,451 - INFO - 진행률: 2/20 - 유효 문서: 2
2025-08-16 22:41:10,524 - INFO - 수집 완료: 구체예술 (2165 chars)
2025-08-16 22:41:10,524 - INFO - 진행률: 3/20 - 유효 문서: 3
2025-08-16 22:41:11,451 - INFO - 수집 완료: 단색화 열풍 (217 chars)
2025-08-16 22:41:11,452 - INFO - 진행률: 4/20 - 유효 문서: 4
2025-08-16 22:41:11,602 - INFO - 수집 완료: 대한민국의 미술시장 (9311 chars)
2025-08-16 22:41:11,602 - INFO - 진행률: 5/20 - 유효 문서: 5
2025-08-16 22:41:11,641 - INFO - 수집 완료: 아델라이드 라비유기아르 (2516 chars)
2025-08-16 22:41:11,641 - INFO - 진행률: 6/20 - 유효 문서: 6
2025-08-16 22:41:12,553 - INFO - 수집 완료: 레디메이드 (509 chars)
2025-08-16 22:41:12,553 - INFO - 진행률: 7/20 - 유효 문서: 7
2025-08-16 22:41:12,758 - INFO - 수집 완료: 르네상스 미술 (9463 chars)
2025-08-16 22:41:12,759 - INFO - 진행률: 8/20 - 유효 문서: 8
2025-08-16 22:41:12,778 - INFO - 수집 완료: 모자이크 (1328 chars)
2025-08-16 22:41:12,779 - INFO - 진행률: 9/20 - 유효 문서: 9
2025-08-16 22:41:13,703 - INFO - 수집 완료: 미술시장 (8275 chars)
2025-08-16 22:41:13,703 - INFO - 진행률: 10/20 - 유효 문서: 10
2025-08-16 22:41:13,865 - INFO - 수집 완료: 미술품 유퉁 (312 chars)
2025-08-16 22:41:13,866 - INFO - 진행률: 11/20 - 유효 문서: 11
2025-08-16 22:41:13,877 - INFO - 수집 완료: 미술품 유통 (537 chars)
2025-08-16 22:41:13,877 - INFO - 진행률: 12/20 - 유효 문서: 12
2025-08-16 22:41:14,831 - INFO - 수집 완료: 붓 (1457 chars)
2025-08-16 22:41:14,832 - INFO - 진행률: 13/20 - 유효 문서: 13
2025-08-16 22:41:14,982 - INFO - 수집 완료: 붓펜 (741 chars)
2025-08-16 22:41:14,983 - INFO - 진행률: 14/20 - 유효 문서: 14
2025-08-16 22:41:15,008 - INFO - 수집 완료: 성희승 (7008 chars)
2025-08-16 22:41:15,008 - INFO - 진행률: 15/20 - 유효 문서: 15
2025-08-16 22:41:15,920 - WARNING - 내용이 너무 짧음: 순수미술 (198 chars)
2025-08-16 22:41:16,077 - INFO - 수집 완료: 시누아즈리 (292 chars)
2025-08-16 22:41:16,077 - INFO - 진행률: 17/20 - 유효 문서: 16
2025-08-16 22:41:16,125 - INFO - 수집 완료: 아트 바젤 (288 chars)
2025-08-16 22:41:16,125 - INFO - 진행률: 18/20 - 유효 문서: 17
2025-08-16 22:41:17,036 - INFO - 수집 완료: 아트페어 (1713 chars)
2025-08-16 22:41:17,036 - INFO - 진행률: 19/20 - 유효 문서: 18
2025-08-16 22:41:17,214 - INFO - 수집 완료: 앵포르멜 (570 chars)
2025-08-16 22:41:17,214 - INFO - 진행률: 20/20 - 유효 문서: 19
2025-08-16 22:41:17,215 - INFO - 데이터 저장 완료: data/art_general.jsonl (19 문서)
2025-08-16 22:41:17,360 - INFO - 커스텀 소스로 데이터 수집 시작: category = 음악
2025-08-16 22:41:17,360 - INFO - 카테고리에서 링크 수집 중: 음악
2025-08-16 22:41:17,747 - INFO - 카테고리에서 2개 링크 발견
2025-08-16 22:41:18,925 - INFO - 수집 완료: 음악 (1100 chars)
2025-08-16 22:41:18,926 - INFO - 진행률: 1/2 - 유효 문서: 1
2025-08-16 22:41:19,044 - INFO - 수집 완료: 허구의 음악 (2811 chars)
2025-08-16 22:41:19,044 - INFO - 진행률: 2/2 - 유효 문서: 2
2025-08-16 22:41:19,045 - INFO - 데이터 저장 완료: data/art_music.jsonl (2 문서)
2025-08-16 22:41:19,186 - INFO - 커스텀 소스로 데이터 수집 시작: category = 영화
2025-08-16 22:41:19,186 - INFO - 카테고리에서 링크 수집 중: 영화
2025-08-16 22:41:19,553 - INFO - 카테고리에서 2개 링크 발견
2025-08-16 22:41:20,719 - INFO - 수집 완료: 영화 (5476 chars)
2025-08-16 22:41:20,719 - INFO - 진행률: 1/2 - 유효 문서: 1
2025-08-16 22:41:20,829 - INFO - 수집 완료: 영화학 (1341 chars)
2025-08-16 22:41:20,829 - INFO - 진행률: 2/2 - 유효 문서: 2
2025-08-16 22:41:20,830 - INFO - 데이터 저장 완료: data/art_film.jsonl (2 문서)
2025-08-16 22:41:20,967 - INFO - 커스텀 소스로 데이터 수집 시작: category = 문학
2025-08-16 22:41:20,967 - INFO - 카테고리에서 링크 수집 중: 문학
2025-08-16 22:41:21,281 - INFO - 카테고리에서 49개 링크 발견
2025-08-16 22:41:22,421 - INFO - 수집 완료: 문학 (2083 chars)
2025-08-16 22:41:22,422 - INFO - 진행률: 1/20 - 유효 문서: 1
2025-08-16 22:41:22,560 - WARNING - 내용이 너무 짧음: 감성 (58 chars)
2025-08-16 22:41:22,584 - INFO - 수집 완료: 문학사 (1202 chars)
2025-08-16 22:41:22,584 - INFO - 진행률: 3/20 - 유효 문서: 2
2025-08-16 22:41:23,513 - INFO - 수집 완료: 개념문학 (629 chars)
2025-08-16 22:41:23,513 - INFO - 진행률: 4/20 - 유효 문서: 3
2025-08-16 22:41:23,680 - INFO - 수집 완료: 고찰 논문 (3007 chars)
2025-08-16 22:41:23,681 - INFO - 진행률: 5/20 - 유효 문서: 4
2025-08-16 22:41:23,714 - INFO - 수집 완료: 공감 (589 chars)
2025-08-16 22:41:23,715 - INFO - 진행률: 6/20 - 유효 문서: 5
2025-08-16 22:41:24,634 - INFO - 수집 완료: 교훈 (331 chars)
2025-08-16 22:41:24,635 - INFO - 진행률: 7/20 - 유효 문서: 6
2025-08-16 22:41:24,783 - INFO - 수집 완료: 구성 (4750 chars)
2025-08-16 22:41:24,783 - INFO - 진행률: 8/20 - 유효 문서: 7
2025-08-16 22:41:24,802 - WARNING - 내용이 너무 짧음: 나와 너 (169 chars)
2025-08-16 22:41:25,725 - INFO - 수집 완료: 대구 (수사법) (262 chars)
2025-08-16 22:41:25,725 - INFO - 진행률: 10/20 - 유효 문서: 8
2025-08-16 22:41:25,872 - WARNING - 내용이 너무 짧음: 대중문학 (170 chars)
2025-08-16 22:41:25,893 - INFO - 수집 완료: 대중역사 (509 chars)
2025-08-16 22:41:25,893 - INFO - 진행률: 12/20 - 유효 문서: 9
2025-08-16 22:41:26,811 - WARNING - 내용이 너무 짧음: 등단 (78 chars)
2025-08-16 22:41:26,967 - INFO - 수집 완료: 문어 (언어) (437 chars)
2025-08-16 22:41:26,967 - INFO - 진행률: 14/20 - 유효 문서: 10
2025-08-16 22:41:27,012 - INFO - 수집 완료: 문학 장르 (2970 chars)
2025-08-16 22:41:27,013 - INFO - 진행률: 15/20 - 유효 문서: 11
2025-08-16 22:41:27,897 - WARNING - 내용이 너무 짧음: 반전문학 (85 chars)
2025-08-16 22:41:28,060 - INFO - 수집 완료: 방백 (대사) (536 chars)
2025-08-16 22:41:28,060 - INFO - 진행률: 17/20 - 유효 문서: 12
2025-08-16 22:41:28,101 - WARNING - 내용이 너무 짧음: 번안 (127 chars)
2025-08-16 22:41:28,985 - INFO - 수집 완료: 벵골 문학 (692 chars)
2025-08-16 22:41:28,985 - INFO - 진행률: 19/20 - 유효 문서: 13
2025-08-16 22:41:29,155 - INFO - 수집 완료: 복선 (문학) (314 chars)
2025-08-16 22:41:29,155 - INFO - 진행률: 20/20 - 유효 문서: 14
2025-08-16 22:41:29,156 - INFO - 데이터 저장 완료: data/art_literature.jsonl (14 문서)
2025-08-16 22:41:29,310 - INFO - 커스텀 소스로 데이터 수집 시작: category = 건축
2025-08-16 22:41:29,310 - INFO - 카테고리에서 링크 수집 중: 건축
2025-08-16 22:41:29,622 - INFO - 카테고리에서 56개 링크 발견
2025-08-16 22:41:30,819 - INFO - 수집 완료: 건축 (8800 chars)
2025-08-16 22:41:30,819 - INFO - 진행률: 1/20 - 유효 문서: 1
2025-08-16 22:41:30,841 - WARNING - 내용이 너무 짧음: 건축면적 (110 chars)
2025-08-16 22:41:30,908 - INFO - 수집 완료: 건축사진 (721 chars)
2025-08-16 22:41:30,908 - INFO - 진행률: 3/20 - 유효 문서: 2
2025-08-16 22:41:31,923 - INFO - 수집 완료: 건폐율 (539 chars)
2025-08-16 22:41:31,923 - INFO - 진행률: 4/20 - 유효 문서: 3
2025-08-16 22:41:31,964 - INFO - 수집 완료: 골재 (2146 chars)
2025-08-16 22:41:31,964 - INFO - 진행률: 5/20 - 유효 문서: 4
2025-08-16 22:41:32,003 - INFO - 수집 완료: 공개공지 (531 chars)
2025-08-16 22:41:32,003 - INFO - 진행률: 6/20 - 유효 문서: 5
2025-08-16 22:41:33,016 - INFO - 수집 완료: 공사 (일) (615 chars)
2025-08-16 22:41:33,016 - INFO - 진행률: 7/20 - 유효 문서: 6
2025-08-16 22:41:33,068 - INFO - 수집 완료: 공시지가 (876 chars)
2025-08-16 22:41:33,069 - INFO - 진행률: 8/20 - 유효 문서: 7
2025-08-16 22:41:33,100 - WARNING - 내용이 너무 짧음: 국민낭만주의 양식 (150 chars)
2025-08-16 22:41:34,108 - INFO - 수집 완료: 그린리모델링 (1216 chars)
2025-08-16 22:41:34,108 - INFO - 진행률: 10/20 - 유효 문서: 8
2025-08-16 22:41:34,179 - INFO - 수집 완료: 기와 (286 chars)
2025-08-16 22:41:34,180 - INFO - 진행률: 11/20 - 유효 문서: 9
2025-08-16 22:41:34,196 - INFO - 수집 완료: 길찾기 (716 chars)
2025-08-16 22:41:34,196 - INFO - 진행률: 12/20 - 유효 문서: 10
2025-08-16 22:41:35,201 - INFO - 수집 완료: 난연재료 (677 chars)
2025-08-16 22:41:35,202 - INFO - 진행률: 13/20 - 유효 문서: 11
2025-08-16 22:41:35,290 - INFO - 수집 완료: 노출콘크리트 공법 (1513 chars)
2025-08-16 22:41:35,290 - INFO - 진행률: 14/20 - 유효 문서: 12
2025-08-16 22:41:35,304 - INFO - 수집 완료: 대지 (터) (249 chars)
2025-08-16 22:41:35,304 - INFO - 진행률: 15/20 - 유효 문서: 13
2025-08-16 22:41:36,293 - WARNING - 내용이 너무 짧음: 대지면적 (56 chars)
2025-08-16 22:41:36,389 - INFO - 수집 완료: 대한건축학회 (288 chars)
2025-08-16 22:41:36,389 - INFO - 진행률: 17/20 - 유효 문서: 14
2025-08-16 22:41:36,405 - INFO - 수집 완료: 동바리 (398 chars)
2025-08-16 22:41:36,405 - INFO - 진행률: 18/20 - 유효 문서: 15
2025-08-16 22:41:37,422 - INFO - 수집 완료: 르모듈러 (8092 chars)
2025-08-16 22:41:37,422 - INFO - 진행률: 19/20 - 유효 문서: 16
2025-08-16 22:41:37,486 - INFO - 수집 완료: 마이너스 옵션 제도 (293 chars)
2025-08-16 22:41:37,486 - INFO - 진행률: 20/20 - 유효 문서: 17
2025-08-16 22:41:37,487 - INFO - 데이터 저장 완료: data/art_architecture.jsonl (17 문서)
2025-08-16 22:41:37,633 - INFO - 커스텀 소스로 데이터 수집 시작: category = K-pop
2025-08-16 22:41:37,633 - INFO - 카테고리에서 링크 수집 중: K-pop
2025-08-16 22:41:37,954 - INFO - 카테고리에서 15개 링크 발견
2025-08-16 22:41:39,188 - INFO - 수집 완료: K-pop (14050 chars)
2025-08-16 22:41:39,188 - INFO - 진행률: 1/15 - 유효 문서: 1
2025-08-16 22:41:39,368 - INFO - 수집 완료: ARTBEAT (3309 chars)
2025-08-16 22:41:39,368 - INFO - 진행률: 2/15 - 유효 문서: 2
2025-08-16 22:41:39,537 - WARNING - 내용이 너무 짧음: 2025년 대한민국 음악 (53 chars)
2025-08-16 22:41:40,456 - INFO - 수집 완료: K-pop의 영향과 인기 (21961 chars)
2025-08-16 22:41:40,456 - INFO - 진행률: 4/15 - 유효 문서: 3
2025-08-16 22:41:40,483 - INFO - 수집 완료: K팝 커버댄스 페스티벌 (1069 chars)
2025-08-16 22:41:40,483 - INFO - 진행률: 5/15 - 유효 문서: 4
2025-08-16 22:41:40,688 - INFO - 수집 완료: K팝의 성적 대상화와 성적 착취 (11238 chars)
2025-08-16 22:41:40,688 - INFO - 진행률: 6/15 - 유효 문서: 5
2025-08-16 22:41:41,555 - INFO - 수집 완료: 노예 계약 (220 chars)
2025-08-16 22:41:41,555 - INFO - 진행률: 7/15 - 유효 문서: 6
2025-08-16 22:41:41,605 - INFO - 수집 완료: 랜덤 플레이 댄스 (1411 chars)
2025-08-16 22:41:41,605 - INFO - 진행률: 8/15 - 유효 문서: 7
2025-08-16 22:41:41,808 - INFO - 수집 완료: 사생팬 (232 chars)
2025-08-16 22:41:41,808 - INFO - 진행률: 9/15 - 유효 문서: 8
2025-08-16 22:41:42,683 - WARNING - 내용이 너무 짧음: 삿포로 눈축제 K-POP 페스티벌 (99 chars)
2025-08-16 22:41:42,713 - WARNING - 내용이 너무 짧음: 쌀 화환 (138 chars)
2025-08-16 22:41:42,911 - INFO - 수집 완료: 클래프컴퍼니 (910 chars)
2025-08-16 22:41:42,912 - INFO - 진행률: 12/15 - 유효 문서: 9
2025-08-16 22:41:43,805 - INFO - 수집 완료: 트럭 시위 (2808 chars)
2025-08-16 22:41:43,805 - INFO - 진행률: 13/15 - 유효 문서: 10
2025-08-16 22:41:43,848 - INFO - 수집 완료: 팬 활동주의 (4993 chars)
2025-08-16 22:41:43,848 - INFO - 진행률: 14/15 - 유효 문서: 11
2025-08-16 22:41:44,039 - INFO - 수집 완료: 홀로그램 콘서트 (3574 chars)
2025-08-16 22:41:44,039 - INFO - 진행률: 15/15 - 유효 문서: 12
2025-08-16 22:41:44,041 - INFO - 데이터 저장 완료: data/culture_kpop.jsonl (12 문서)
2025-08-16 22:41:44,189 - INFO - 커스텀 소스로 데이터 수집 시작: category = 한국_요리
2025-08-16 22:41:44,189 - INFO - 카테고리에서 링크 수집 중: 한국_요리
2025-08-16 22:41:44,495 - INFO - 카테고리에서 160개 링크 발견
2025-08-16 22:41:45,587 - WARNING - 내용이 너무 짧음: 가보 (음식) (67 chars)
2025-08-16 22:41:45,714 - WARNING - 내용이 너무 짧음: 간장치킨 (57 chars)
2025-08-16 22:41:45,909 - INFO - 수집 완료: 한국 요리 (9349 chars)
2025-08-16 22:41:45,909 - INFO - 진행률: 3/20 - 유효 문서: 1
2025-08-16 22:41:46,682 - INFO - 수집 완료: 감식초 (2546 chars)
2025-08-16 22:41:46,682 - INFO - 진행률: 4/20 - 유효 문서: 2
2025-08-16 22:41:46,802 - WARNING - 내용이 너무 짧음: 감태지 (0 chars)
2025-08-16 22:41:47,007 - INFO - 수집 완료: 갯기름나물 (2222 chars)
2025-08-16 22:41:47,007 - INFO - 진행률: 6/20 - 유효 문서: 3
2025-08-16 22:41:47,768 - INFO - 수집 완료: 겨자장 (298 chars)
2025-08-16 22:41:47,769 - INFO - 진행률: 7/20 - 유효 문서: 4
2025-08-16 22:41:47,897 - INFO - 수집 완료: 경단 (248 chars)
2025-08-16 22:41:47,897 - INFO - 진행률: 8/20 - 유효 문서: 5
2025-08-16 22:41:48,093 - INFO - 수집 완료: 계란말이 (227 chars)
2025-08-16 22:41:48,094 - INFO - 진행률: 9/20 - 유효 문서: 6
2025-08-16 22:41:48,856 - INFO - 수집 완료: 계란찜 (452 chars)
2025-08-16 22:41:48,857 - INFO - 진행률: 10/20 - 유효 문서: 7
2025-08-16 22:41:48,982 - INFO - 수집 완료: 고구마당면 (209 chars)
2025-08-16 22:41:48,983 - INFO - 진행률: 11/20 - 유효 문서: 8
2025-08-16 22:41:49,185 - WARNING - 내용이 너무 짧음: 고명 (182 chars)
2025-08-16 22:41:49,943 - WARNING - 내용이 너무 짧음: 고추장불고기 (163 chars)
2025-08-16 22:41:50,072 - INFO - 수집 완료: 고춧가루 (537 chars)
2025-08-16 22:41:50,073 - INFO - 진행률: 14/20 - 유효 문서: 9
2025-08-16 22:41:50,271 - WARNING - 내용이 너무 짧음: 골뱅이무침 (109 chars)
2025-08-16 22:41:51,029 - INFO - 수집 완료: 곶감쌈 (238 chars)
2025-08-16 22:41:51,029 - INFO - 진행률: 16/20 - 유효 문서: 10
2025-08-16 22:41:51,167 - INFO - 수집 완료: 과메기 (991 chars)
2025-08-16 22:41:51,167 - INFO - 진행률: 17/20 - 유효 문서: 11
2025-08-16 22:41:51,351 - INFO - 수집 완료: 교자상 (252 chars)
2025-08-16 22:41:51,351 - INFO - 진행률: 18/20 - 유효 문서: 12
2025-08-16 22:41:52,127 - INFO - 수집 완료: 구이 (446 chars)
2025-08-16 22:41:52,128 - INFO - 진행률: 19/20 - 유효 문서: 13
2025-08-16 22:41:52,269 - INFO - 수집 완료: 김 (음식) (2812 chars)
2025-08-16 22:41:52,269 - INFO - 진행률: 20/20 - 유효 문서: 14
2025-08-16 22:41:52,270 - INFO - 데이터 저장 완료: data/culture_korean_food.jsonl (14 문서)
2025-08-16 22:41:52,418 - INFO - 커스텀 소스로 데이터 수집 시작: category = 종교
2025-08-16 22:41:52,418 - INFO - 카테고리에서 링크 수집 중: 종교
2025-08-16 22:41:52,824 - INFO - 카테고리에서 21개 링크 발견
2025-08-16 22:41:54,024 - INFO - 수집 완료: 종교 (7985 chars)
2025-08-16 22:41:54,025 - INFO - 진행률: 1/20 - 유효 문서: 1
2025-08-16 22:41:54,143 - INFO - 수집 완료: 교리 (1428 chars)
2025-08-16 22:41:54,144 - INFO - 진행률: 2/20 - 유효 문서: 2
2025-08-16 22:41:54,227 - INFO - 수집 완료: 다신교 (388 chars)
2025-08-16 22:41:54,228 - INFO - 진행률: 3/20 - 유효 문서: 3
2025-08-16 22:41:55,136 - INFO - 수집 완료: 단재론 (404 chars)
2025-08-16 22:41:55,136 - INFO - 진행률: 4/20 - 유효 문서: 4
2025-08-16 22:41:55,330 - INFO - 수집 완료: 대마와 종교 (9739 chars)
2025-08-16 22:41:55,331 - INFO - 진행률: 5/20 - 유효 문서: 5
2025-08-16 22:41:55,347 - INFO - 수집 완료: 도모에 (625 chars)
2025-08-16 22:41:55,347 - INFO - 진행률: 6/20 - 유효 문서: 6
2025-08-16 22:41:56,246 - INFO - 수집 완료: 무신론과 종교 (206 chars)
2025-08-16 22:41:56,246 - INFO - 진행률: 7/20 - 유효 문서: 7
2025-08-16 22:41:56,441 - WARNING - 내용이 너무 짧음: 민족 종교 (111 chars)
2025-08-16 22:41:56,453 - INFO - 수집 완료: 반그리스화 (367 chars)
2025-08-16 22:41:56,453 - INFO - 진행률: 9/20 - 유효 문서: 8
2025-08-16 22:41:57,356 - INFO - 수집 완료: 비교신학 (3766 chars)
2025-08-16 22:41:57,356 - INFO - 진행률: 10/20 - 유효 문서: 9
2025-08-16 22:41:57,561 - WARNING - 내용이 너무 짧음: 신격 (131 chars)
2025-08-16 22:41:57,607 - INFO - 수집 완료: 세계관 (3957 chars)
2025-08-16 22:41:57,608 - INFO - 진행률: 12/20 - 유효 문서: 10
2025-08-16 22:41:58,473 - WARNING - 내용이 너무 짧음: 신성 (종교) (0 chars)
2025-08-16 22:41:58,708 - INFO - 수집 완료: 예배 (1740 chars)
2025-08-16 22:41:58,708 - INFO - 진행률: 14/20 - 유효 문서: 11
2025-08-16 22:41:58,726 - WARNING - 내용이 너무 짧음: 우상숭배 (112 chars)
2025-08-16 22:41:59,590 - INFO - 수집 완료: 제단 (267 chars)
2025-08-16 22:41:59,590 - INFO - 진행률: 16/20 - 유효 문서: 12
2025-08-16 22:41:59,823 - INFO - 수집 완료: 조상숭배 (584 chars)
2025-08-16 22:41:59,824 - INFO - 진행률: 17/20 - 유효 문서: 13
2025-08-16 22:41:59,851 - INFO - 수집 완료: 종교적 교훈 (444 chars)
2025-08-16 22:41:59,852 - INFO - 진행률: 18/20 - 유효 문서: 14
2025-08-16 22:42:00,728 - WARNING - 내용이 너무 짧음: 종교철학 (191 chars)
2025-08-16 22:42:00,924 - WARNING - 내용이 너무 짧음: 철학적 신학 (153 chars)
2025-08-16 22:42:00,926 - INFO - 데이터 저장 완료: data/culture_religion.jsonl (14 문서)
2025-08-16 22:42:01,064 - INFO - 커스텀 소스로 데이터 수집 시작: category = 신화
2025-08-16 22:42:01,064 - INFO - 카테고리에서 링크 수집 중: 신화
2025-08-16 22:42:01,345 - INFO - 카테고리에서 33개 링크 발견
2025-08-16 22:42:02,471 - INFO - 수집 완료: 신화 (1612 chars)
2025-08-16 22:42:02,471 - INFO - 진행률: 1/20 - 유효 문서: 1
2025-08-16 22:42:02,699 - INFO - 수집 완료: 건국 신화 (1894 chars)
2025-08-16 22:42:02,700 - INFO - 진행률: 2/20 - 유효 문서: 2
2025-08-16 22:42:02,718 - INFO - 수집 완료: 가나안 종교 (2132 chars)
2025-08-16 22:42:02,718 - INFO - 진행률: 3/20 - 유효 문서: 3
2025-08-16 22:42:03,612 - INFO - 수집 완료: 경문왕 (1775 chars)
2025-08-16 22:42:03,612 - INFO - 진행률: 4/20 - 유효 문서: 4
2025-08-16 22:42:03,897 - INFO - 수집 완료: 노르드 신화 (5794 chars)
2025-08-16 22:42:03,897 - INFO - 진행률: 5/20 - 유효 문서: 5
2025-08-16 22:42:03,993 - INFO - 수집 완료: 길가메시 (14492 chars)
2025-08-16 22:42:03,993 - INFO - 진행률: 6/20 - 유효 문서: 6
2025-08-16 22:42:04,774 - INFO - 수집 완료: 닌우르타 (9048 chars)
2025-08-16 22:42:04,774 - INFO - 진행률: 7/20 - 유효 문서: 7
2025-08-16 22:42:05,011 - INFO - 수집 완료: 달기 (2984 chars)
2025-08-16 22:42:05,011 - INFO - 진행률: 8/20 - 유효 문서: 8
2025-08-16 22:42:05,096 - WARNING - 내용이 너무 짧음: 데곰 (120 chars)
2025-08-16 22:42:05,883 - WARNING - 내용이 너무 짧음: 델링그 (170 chars)
2025-08-16 22:42:06,110 - WARNING - 내용이 너무 짧음: 디에우스 (133 chars)
2025-08-16 22:42:06,222 - INFO - 수집 완료: 멜기세덱 (2748 chars)
2025-08-16 22:42:06,222 - INFO - 진행률: 12/20 - 유효 문서: 9
2025-08-16 22:42:07,005 - INFO - 수집 완료: 모냐이 (792 chars)
2025-08-16 22:42:07,005 - INFO - 진행률: 13/20 - 유효 문서: 10
2025-08-16 22:42:07,241 - INFO - 수집 완료: 민족 신화 (767 chars)
2025-08-16 22:42:07,241 - INFO - 진행률: 14/20 - 유효 문서: 11
2025-08-16 22:42:07,354 - INFO - 수집 완료: 서동요 (2654 chars)
2025-08-16 22:42:07,354 - INFO - 진행률: 15/20 - 유효 문서: 12
2025-08-16 22:42:08,128 - INFO - 수집 완료: 선도산성모 (1605 chars)
2025-08-16 22:42:08,128 - INFO - 진행률: 16/20 - 유효 문서: 13
2025-08-16 22:42:08,388 - INFO - 수집 완료: 성이성 (4127 chars)
2025-08-16 22:42:08,388 - INFO - 진행률: 17/20 - 유효 문서: 14
2025-08-16 22:42:08,453 - INFO - 수집 완료: 소백손 (585 chars)
2025-08-16 22:42:08,453 - INFO - 진행률: 18/20 - 유효 문서: 15
2025-08-16 22:42:09,228 - INFO - 수집 완료: 수라파드마 (1336 chars)
2025-08-16 22:42:09,228 - INFO - 진행률: 19/20 - 유효 문서: 16
2025-08-16 22:42:09,491 - INFO - 수집 완료: 시무르그 (358 chars)
2025-08-16 22:42:09,491 - INFO - 진행률: 20/20 - 유효 문서: 17
2025-08-16 22:42:09,492 - INFO - 데이터 저장 완료: data/culture_mythology.jsonl (17 문서)
2025-08-16 22:42:09,637 - INFO - 커스텀 소스로 데이터 수집 시작: search = 대한민국 정치
2025-08-16 22:42:09,638 - INFO - 검색어로 링크 수집 중: 대한민국 정치
2025-08-16 22:42:10,565 - INFO - 검색에서 15개 링크 발견
2025-08-16 22:42:11,804 - INFO - 수집 완료: 대한민국의 정치 (7911 chars)
2025-08-16 22:42:11,805 - INFO - 진행률: 1/15 - 유효 문서: 1
2025-08-16 22:42:11,960 - INFO - 수집 완료: 대한민국 대통령 목록 (1790 chars)
2025-08-16 22:42:11,961 - INFO - 진행률: 2/15 - 유효 문서: 2
2025-08-16 22:42:12,238 - INFO - 수집 완료: 대한민국 (51422 chars)
2025-08-16 22:42:12,238 - INFO - 진행률: 3/15 - 유효 문서: 3
2025-08-16 22:42:12,977 - INFO - 수집 완료: 대한민국 국회 (3576 chars)
2025-08-16 22:42:12,977 - INFO - 진행률: 4/15 - 유효 문서: 4
2025-08-16 22:42:13,100 - INFO - 수집 완료: 대한민국의 중앙행정기관 (2960 chars)
2025-08-16 22:42:13,100 - INFO - 진행률: 5/15 - 유효 문서: 5
2025-08-16 22:42:13,371 - INFO - 수집 완료: 대한민국 대통령 (8059 chars)
2025-08-16 22:42:13,371 - INFO - 진행률: 6/15 - 유효 문서: 6
2025-08-16 22:42:14,237 - INFO - 수집 완료: 대한민국 제20대 대통령 선거 (2203 chars)
2025-08-16 22:42:14,237 - INFO - 진행률: 7/15 - 유효 문서: 7
2025-08-16 22:42:14,364 - INFO - 수집 완료: 대한민국 제21대 대통령 선거 (4994 chars)
2025-08-16 22:42:14,364 - INFO - 진행률: 8/15 - 유효 문서: 8
2025-08-16 22:42:14,593 - INFO - 수집 완료: 대한민국 제22대 국회의원 선거 (5263 chars)
2025-08-16 22:42:14,593 - INFO - 진행률: 9/15 - 유효 문서: 9
2025-08-16 22:42:15,355 - INFO - 수집 완료: 대한민국 헌법 (11345 chars)
2025-08-16 22:42:15,355 - INFO - 진행률: 10/15 - 유효 문서: 10
2025-08-16 22:42:15,450 - WARNING - 내용이 너무 짧음: 대한민국의 의전서열 (129 chars)
2025-08-16 22:42:15,708 - INFO - 수집 완료: 대한민국의 국기 (6197 chars)
2025-08-16 22:42:15,709 - INFO - 진행률: 12/15 - 유효 문서: 11
2025-08-16 22:42:16,448 - INFO - 수집 완료: 대한민국 헌법 전문 (994 chars)
2025-08-16 22:42:16,448 - INFO - 진행률: 13/15 - 유효 문서: 12
2025-08-16 22:42:16,559 - INFO - 수집 완료: 수도권 (대한민국) (1836 chars)
2025-08-16 22:42:16,560 - INFO - 진행률: 14/15 - 유효 문서: 13
2025-08-16 22:42:16,861 - INFO - 수집 완료: 대한민국 국무총리 (1165 chars)
2025-08-16 22:42:16,861 - INFO - 진행률: 15/15 - 유효 문서: 14
2025-08-16 22:42:16,863 - INFO - 데이터 저장 완료: data/politics_korea.jsonl (14 문서)
2025-08-16 22:42:17,002 - INFO - 커스텀 소스로 데이터 수집 시작: category = 경제학
2025-08-16 22:42:17,002 - INFO - 카테고리에서 링크 수집 중: 경제학
2025-08-16 22:42:17,312 - INFO - 카테고리에서 18개 링크 발견
2025-08-16 22:42:18,499 - INFO - 수집 완료: 경제학 (10234 chars)
2025-08-16 22:42:18,499 - INFO - 진행률: 1/15 - 유효 문서: 1
2025-08-16 22:42:18,532 - INFO - 수집 완료: 경영 전략가 (271 chars)
2025-08-16 22:42:18,532 - INFO - 진행률: 2/15 - 유효 문서: 2
2025-08-16 22:42:18,739 - INFO - 수집 완료: 게임 이론 (5679 chars)
2025-08-16 22:42:18,739 - INFO - 진행률: 3/15 - 유효 문서: 3
2025-08-16 22:42:19,654 - INFO - 수집 완료: 과소비 (4075 chars)
2025-08-16 22:42:19,655 - INFO - 진행률: 4/15 - 유효 문서: 4
2025-08-16 22:42:19,683 - INFO - 수집 완료: 국제수지 (9067 chars)
2025-08-16 22:42:19,683 - INFO - 진행률: 5/15 - 유효 문서: 5
2025-08-16 22:42:19,825 - INFO - 수집 완료: 도넛경제학 (413 chars)
2025-08-16 22:42:19,825 - INFO - 진행률: 6/15 - 유효 문서: 6
2025-08-16 22:42:20,766 - INFO - 수집 완료: 법경제학 (602 chars)
2025-08-16 22:42:20,766 - INFO - 진행률: 7/15 - 유효 문서: 7
2025-08-16 22:42:20,792 - INFO - 수집 완료: 복잡계 경제학 (536 chars)
2025-08-16 22:42:20,792 - INFO - 진행률: 8/15 - 유효 문서: 8
2025-08-16 22:42:20,951 - INFO - 수집 완료: 불확실성 (1229 chars)
2025-08-16 22:42:20,951 - INFO - 진행률: 9/15 - 유효 문서: 9
2025-08-16 22:42:21,874 - WARNING - 내용이 너무 짧음: 산입 (0 chars)
2025-08-16 22:42:21,926 - INFO - 수집 완료: 비뚤어진 인센티브 (952 chars)
2025-08-16 22:42:21,926 - INFO - 진행률: 11/15 - 유효 문서: 10
2025-08-16 22:42:22,056 - WARNING - 내용이 너무 짧음: 우울한 학문 (197 chars)
2025-08-16 22:42:23,001 - INFO - 수집 완료: 전략컨설팅 (6539 chars)
2025-08-16 22:42:23,001 - INFO - 진행률: 13/15 - 유효 문서: 11
2025-08-16 22:42:23,011 - INFO - 수집 완료: 편익 (225 chars)
2025-08-16 22:42:23,011 - INFO - 진행률: 14/15 - 유효 문서: 12
2025-08-16 22:42:23,142 - INFO - 수집 완료: 한국경제발전학회 (262 chars)
2025-08-16 22:42:23,142 - INFO - 진행률: 15/15 - 유효 문서: 13
2025-08-16 22:42:23,144 - INFO - 데이터 저장 완료: data/economy_economics.jsonl (13 문서)
2025-08-16 22:42:23,309 - INFO - 커스텀 소스로 데이터 수집 시작: category = 대한민국의_경제
2025-08-16 22:42:23,309 - INFO - 카테고리에서 링크 수집 중: 대한민국의_경제
2025-08-16 22:42:23,596 - INFO - 카테고리에서 61개 링크 발견
2025-08-16 22:42:24,825 - INFO - 수집 완료: 대한민국의 경제 (17221 chars)
2025-08-16 22:42:24,825 - INFO - 진행률: 1/15 - 유효 문서: 1
2025-08-16 22:42:24,869 - INFO - 수집 완료: 3백공업 (709 chars)
2025-08-16 22:42:24,870 - INFO - 진행률: 2/15 - 유효 문서: 2
2025-08-16 22:42:24,894 - INFO - 수집 완료: 6·27 부동산 대책 (597 chars)
2025-08-16 22:42:24,894 - INFO - 진행률: 3/15 - 유효 문서: 3
2025-08-16 22:42:25,922 - INFO - 수집 완료: 747공약 (328 chars)
2025-08-16 22:42:25,922 - INFO - 진행률: 4/15 - 유효 문서: 4
2025-08-16 22:42:25,988 - WARNING - 내용이 너무 짧음: ₩ (70 chars)
2025-08-16 22:42:25,999 - WARNING - 내용이 너무 짧음: K-OTC (75 chars)
2025-08-16 22:42:27,047 - INFO - 수집 완료: 가마우지 경제 (840 chars)
2025-08-16 22:42:27,047 - INFO - 진행률: 7/15 - 유효 문서: 5
2025-08-16 22:42:27,109 - INFO - 수집 완료: 개성공업지구 (7193 chars)
2025-08-16 22:42:27,109 - INFO - 진행률: 8/15 - 유효 문서: 6
2025-08-16 22:42:27,125 - INFO - 수집 완료: 경제특구 (273 chars)
2025-08-16 22:42:27,125 - INFO - 진행률: 9/15 - 유효 문서: 7
2025-08-16 22:42:28,137 - INFO - 수집 완료: 공공기관 부채 (378 chars)
2025-08-16 22:42:28,137 - INFO - 진행률: 10/15 - 유효 문서: 8
2025-08-16 22:42:28,229 - INFO - 수집 완료: 대한민국 공정거래위원회 (5256 chars)
2025-08-16 22:42:28,229 - INFO - 진행률: 11/15 - 유효 문서: 9
2025-08-16 22:42:28,256 - WARNING - 내용이 너무 짧음: 대한민국의 국가산업단지 목록 (86 chars)
2025-08-16 22:42:29,250 - WARNING - 내용이 너무 짧음: 국민검사청구제도 (134 chars)
2025-08-16 22:42:29,313 - INFO - 수집 완료: 금융소득종합과세 (922 chars)
2025-08-16 22:42:29,313 - INFO - 진행률: 14/15 - 유효 문서: 10
2025-08-16 22:42:29,391 - INFO - 수집 완료: 금융실명제 (2178 chars)
2025-08-16 22:42:29,391 - INFO - 진행률: 15/15 - 유효 문서: 11
2025-08-16 22:42:29,392 - INFO - 데이터 저장 완료: data/economy_korea.jsonl (11 문서)
2025-08-16 22:42:29,539 - INFO - 커스텀 소스로 데이터 수집 시작: category = 법
2025-08-16 22:42:29,539 - INFO - 카테고리에서 링크 수집 중: 법
2025-08-16 22:42:29,853 - INFO - 카테고리에서 102개 링크 발견
2025-08-16 22:42:31,011 - INFO - 수집 완료: 법 (10811 chars)
2025-08-16 22:42:31,011 - INFO - 진행률: 1/15 - 유효 문서: 1
2025-08-16 22:42:31,089 - INFO - 수집 완료: 가사소송 (331 chars)
2025-08-16 22:42:31,089 - INFO - 진행률: 2/15 - 유효 문서: 2
2025-08-16 22:42:31,166 - INFO - 수집 완료: 1713년 국사조칙 (312 chars)
2025-08-16 22:42:31,166 - INFO - 진행률: 3/15 - 유효 문서: 3
2025-08-16 22:42:32,111 - WARNING - 내용이 너무 짧음: 경과조치청구권 (98 chars)
2025-08-16 22:42:32,183 - WARNING - 내용이 너무 짧음: 경비계엄 (159 chars)
2025-08-16 22:42:32,280 - INFO - 수집 완료: 계고 (법) (414 chars)
2025-08-16 22:42:32,280 - INFO - 진행률: 6/15 - 유효 문서: 4
2025-08-16 22:42:33,218 - INFO - 수집 완료: 계약명의신탁 (1279 chars)
2025-08-16 22:42:33,218 - INFO - 진행률: 7/15 - 유효 문서: 5
2025-08-16 22:42:33,306 - WARNING - 내용이 너무 짧음: 계약체결불능 (54 chars)
2025-08-16 22:42:33,383 - WARNING - 내용이 너무 짧음: 계획존속청구권 (197 chars)
2025-08-16 22:42:34,323 - WARNING - 내용이 너무 짧음: 고리대금 (0 chars)
2025-08-16 22:42:34,459 - INFO - 수집 완료: 공통 기준 (1415 chars)
2025-08-16 22:42:34,460 - INFO - 진행률: 11/15 - 유효 문서: 6
2025-08-16 22:42:34,482 - INFO - 수집 완료: 공포일 (404 chars)
2025-08-16 22:42:34,482 - INFO - 진행률: 12/15 - 유효 문서: 7
2025-08-16 22:42:35,472 - INFO - 수집 완료: 관습법 (4582 chars)
2025-08-16 22:42:35,472 - INFO - 진행률: 13/15 - 유효 문서: 8
2025-08-16 22:42:35,552 - WARNING - 내용이 너무 짧음: 구속영장실질심사제 (150 chars)
2025-08-16 22:42:35,585 - INFO - 수집 완료: 구속적부심사 (516 chars)
2025-08-16 22:42:35,585 - INFO - 진행률: 15/15 - 유효 문서: 9
2025-08-16 22:42:35,586 - INFO - 데이터 저장 완료: data/society_law.jsonl (9 문서)
2025-08-16 22:42:35,731 - INFO - 커스텀 소스로 데이터 수집 시작: category = 국제_관계
2025-08-16 22:42:35,731 - INFO - 카테고리에서 링크 수집 중: 국제_관계
2025-08-16 22:42:36,077 - INFO - 카테고리에서 100개 링크 발견
2025-08-16 22:42:37,217 - INFO - 수집 완료: 국제 관계 (2936 chars)
2025-08-16 22:42:37,217 - INFO - 진행률: 1/15 - 유효 문서: 1
2025-08-16 22:42:37,306 - INFO - 수집 완료: 강국 (971 chars)
2025-08-16 22:42:37,306 - INFO - 진행률: 2/15 - 유효 문서: 2
2025-08-16 22:42:37,414 - WARNING - 내용이 너무 짧음: 1조 달러 클럽 (105 chars)
2025-08-16 22:42:38,333 - INFO - 수집 완료: 강대국 (1870 chars)
2025-08-16 22:42:38,333 - INFO - 진행률: 4/15 - 유효 문서: 3
2025-08-16 22:42:38,415 - INFO - 수집 완료: 강대국의 최소 (224 chars)
2025-08-16 22:42:38,415 - INFO - 진행률: 5/15 - 유효 문서: 4
2025-08-16 22:42:38,517 - INFO - 수집 완료: 개발원조 (570 chars)
2025-08-16 22:42:38,517 - INFO - 진행률: 6/15 - 유효 문서: 5
2025-08-16 22:42:39,431 - INFO - 수집 완료: 공해의 자유 (448 chars)
2025-08-16 22:42:39,432 - INFO - 진행률: 7/15 - 유효 문서: 6
2025-08-16 22:42:39,562 - INFO - 수집 완료: 국가 역량 종합 지수 (511 chars)
2025-08-16 22:42:39,562 - INFO - 진행률: 8/15 - 유효 문서: 7
2025-08-16 22:42:39,634 - INFO - 수집 완료: 국가승인 (4390 chars)
2025-08-16 22:42:39,634 - INFO - 진행률: 9/15 - 유효 문서: 8
2025-08-16 22:42:40,524 - INFO - 수집 완료: 국력 (599 chars)
2025-08-16 22:42:40,524 - INFO - 진행률: 10/15 - 유효 문서: 9
2025-08-16 22:42:40,675 - INFO - 수집 완료: 국빈 방문 (3499 chars)
2025-08-16 22:42:40,675 - INFO - 진행률: 11/15 - 유효 문서: 10
2025-08-16 22:42:40,883 - INFO - 수집 완료: 국제 관계 (1919년-1939년) (30022 chars)
2025-08-16 22:42:40,883 - INFO - 진행률: 12/15 - 유효 문서: 11
2025-08-16 22:42:41,607 - INFO - 수집 완료: 국제 레짐 (429 chars)
2025-08-16 22:42:41,607 - INFO - 진행률: 13/15 - 유효 문서: 12
2025-08-16 22:42:41,758 - WARNING - 내용이 너무 짧음: 국제 분쟁 (73 chars)
2025-08-16 22:42:41,992 - INFO - 수집 완료: 국제 의회 연맹 (635 chars)
2025-08-16 22:42:41,992 - INFO - 진행률: 15/15 - 유효 문서: 13
2025-08-16 22:42:41,993 - INFO - 데이터 저장 완료: data/politics_international.jsonl (13 문서)
2025-08-16 22:42:42,131 - INFO - 커스텀 소스로 데이터 수집 시작: category = 대한민국의_정당
2025-08-16 22:42:42,131 - INFO - 카테고리에서 링크 수집 중: 대한민국의_정당
2025-08-16 22:42:42,405 - INFO - 카테고리에서 57개 링크 발견
2025-08-16 22:42:43,543 - WARNING - 내용이 너무 짧음: 대한민국의 정당 목록 (187 chars)
2025-08-16 22:42:43,743 - INFO - 수집 완료: 대한민국 정당법 (366 chars)
2025-08-16 22:42:43,743 - INFO - 진행률: 2/15 - 유효 문서: 1
2025-08-16 22:42:43,903 - INFO - 수집 완료: 대한민국의 정당 역사 (7085 chars)
2025-08-16 22:42:43,903 - INFO - 진행률: 3/15 - 유효 문서: 2
2025-08-16 22:42:44,650 - INFO - 수집 완료: 대한민국의 종교정당 (1649 chars)
2025-08-16 22:42:44,650 - INFO - 진행률: 4/15 - 유효 문서: 3
2025-08-16 22:42:45,007 - INFO - 수집 완료: 대한민국의 민주당계 정당 (16523 chars)
2025-08-16 22:42:45,007 - INFO - 진행률: 5/15 - 유효 문서: 4
2025-08-16 22:42:45,145 - INFO - 수집 완료: 대한민국의 보수정당 (5919 chars)
2025-08-16 22:42:45,145 - INFO - 진행률: 6/15 - 유효 문서: 5
2025-08-16 22:42:45,754 - WARNING - 내용이 너무 짧음: K정치혁신연합당 (182 chars)
2025-08-16 22:42:46,126 - INFO - 수집 완료: 가나반공정당코리아 (231 chars)
2025-08-16 22:42:46,126 - INFO - 진행률: 8/15 - 유효 문서: 6
2025-08-16 22:42:46,252 - WARNING - 내용이 너무 짧음: 가락당 (188 chars)
2025-08-16 22:42:46,914 - INFO - 수집 완료: 개혁신당 (1312 chars)
2025-08-16 22:42:46,915 - INFO - 진행률: 10/15 - 유효 문서: 7
2025-08-16 22:42:47,230 - INFO - 수집 완료: 고려민주당 (1380 chars)
2025-08-16 22:42:47,231 - INFO - 진행률: 11/15 - 유효 문서: 8
2025-08-16 22:42:47,370 - INFO - 수집 완료: 국가혁명당 (1465 chars)
2025-08-16 22:42:47,370 - INFO - 진행률: 12/15 - 유효 문서: 9
2025-08-16 22:42:48,016 - INFO - 수집 완료: 국민당 (1945년) (724 chars)
2025-08-16 22:42:48,016 - INFO - 진행률: 13/15 - 유효 문서: 10
2025-08-16 22:42:48,341 - INFO - 수집 완료: 국민대통합당 (2015년) (441 chars)
2025-08-16 22:42:48,341 - INFO - 진행률: 14/15 - 유효 문서: 11
2025-08-16 22:42:48,484 - WARNING - 내용이 너무 짧음: 국민연합 (대한민국) (152 chars)
2025-08-16 22:42:48,485 - INFO - 데이터 저장 완료: data/politics_korean_parties.jsonl (11 문서)
2025-08-16 22:42:48,642 - INFO - 커스텀 소스로 데이터 수집 시작: category = 사회학
2025-08-16 22:42:48,642 - INFO - 카테고리에서 링크 수집 중: 사회학
2025-08-16 22:42:49,014 - INFO - 카테고리에서 106개 링크 발견
2025-08-16 22:42:50,224 - INFO - 수집 완료: 사회학 (14045 chars)
2025-08-16 22:42:50,224 - INFO - 진행률: 1/15 - 유효 문서: 1
2025-08-16 22:42:50,260 - INFO - 수집 완료: 3세대가족 (261 chars)
2025-08-16 22:42:50,261 - INFO - 진행률: 2/15 - 유효 문서: 2
2025-08-16 22:42:50,326 - INFO - 수집 완료: Antilocution (1737 chars)
2025-08-16 22:42:50,326 - INFO - 진행률: 3/15 - 유효 문서: 3
2025-08-16 22:42:51,333 - INFO - 수집 완료: 갈등 해결 (451 chars)
2025-08-16 22:42:51,334 - INFO - 진행률: 4/15 - 유효 문서: 4
2025-08-16 22:42:51,412 - INFO - 수집 완료: 갈등 회피 (4951 chars)
2025-08-16 22:42:51,412 - INFO - 진행률: 5/15 - 유효 문서: 5
2025-08-16 22:42:51,472 - INFO - 수집 완료: 감정 노동 (7019 chars)
2025-08-16 22:42:51,472 - INFO - 진행률: 6/15 - 유효 문서: 6
2025-08-16 22:42:52,440 - INFO - 수집 완료: 감정적 고립 (1796 chars)
2025-08-16 22:42:52,440 - INFO - 진행률: 7/15 - 유효 문서: 7
2025-08-16 22:42:52,527 - INFO - 수집 완료: 거버넌스 (1302 chars)
2025-08-16 22:42:52,527 - INFO - 진행률: 8/15 - 유효 문서: 8
2025-08-16 22:42:52,598 - INFO - 수집 완료: 계급 사회 (1624 chars)
2025-08-16 22:42:52,598 - INFO - 진행률: 9/15 - 유효 문서: 9
2025-08-16 22:42:53,605 - INFO - 수집 완료: 계급협조론 (1607 chars)
2025-08-16 22:42:53,606 - INFO - 진행률: 10/15 - 유효 문서: 10
2025-08-16 22:42:53,643 - INFO - 수집 완료: 공동사회와 이익사회 (902 chars)
2025-08-16 22:42:53,643 - INFO - 진행률: 11/15 - 유효 문서: 11
2025-08-16 22:42:53,804 - INFO - 수집 완료: 공유지의 비극 (14355 chars)
2025-08-16 22:42:53,804 - INFO - 진행률: 12/15 - 유효 문서: 12
2025-08-16 22:42:54,745 - INFO - 수집 완료: 과학사회학 (13428 chars)
2025-08-16 22:42:54,745 - INFO - 진행률: 13/15 - 유효 문서: 13
2025-08-16 22:42:54,799 - INFO - 수집 완료: 과학지식사회학 (9447 chars)
2025-08-16 22:42:54,799 - INFO - 진행률: 14/15 - 유효 문서: 14
2025-08-16 22:42:54,941 - INFO - 수집 완료: 교육사회학 (725 chars)
2025-08-16 22:42:54,941 - INFO - 진행률: 15/15 - 유효 문서: 15
2025-08-16 22:42:54,943 - INFO - 데이터 저장 완료: data/society_sociology.jsonl (15 문서)
2025-08-16 22:42:55,081 - INFO - 커스텀 소스로 데이터 수집 시작: category = 금융
2025-08-16 22:42:55,081 - INFO - 카테고리에서 링크 수집 중: 금융
2025-08-16 22:42:55,452 - INFO - 카테고리에서 135개 링크 발견
2025-08-16 22:42:56,558 - WARNING - 내용이 너무 짧음: 가치주 (177 chars)
2025-08-16 22:42:56,696 - INFO - 수집 완료: 간접투자상품 (295 chars)
2025-08-16 22:42:56,696 - INFO - 진행률: 2/15 - 유효 문서: 1
2025-08-16 22:42:56,815 - INFO - 수집 완료: 금융 (2463 chars)
2025-08-16 22:42:56,815 - INFO - 진행률: 3/15 - 유효 문서: 2
2025-08-16 22:42:57,679 - WARNING - 내용이 너무 짧음: 개인 금융 (89 chars)
2025-08-16 22:42:57,827 - INFO - 수집 완료: 개인종합자산관리계좌 (497 chars)
2025-08-16 22:42:57,828 - INFO - 진행률: 5/15 - 유효 문서: 3
2025-08-16 22:42:57,946 - WARNING - 내용이 너무 짧음: 고리대금 (0 chars)
2025-08-16 22:42:58,793 - INFO - 수집 완료: 고정비율 (331 chars)
2025-08-16 22:42:58,793 - INFO - 진행률: 7/15 - 유효 문서: 4
2025-08-16 22:42:58,935 - WARNING - 내용이 너무 짧음: 골드뱅킹 (54 chars)
2025-08-16 22:42:59,067 - INFO - 수집 완료: 공개 회사 (809 chars)
2025-08-16 22:42:59,067 - INFO - 진행률: 9/15 - 유효 문서: 5
2025-08-16 22:42:59,929 - INFO - 수집 완료: 공개매수 (1640 chars)
2025-08-16 22:42:59,929 - INFO - 진행률: 10/15 - 유효 문서: 6
2025-08-16 22:43:00,079 - INFO - 수집 완료: 공매도 (1968 chars)
2025-08-16 22:43:00,079 - INFO - 진행률: 11/15 - 유효 문서: 7
2025-08-16 22:43:00,185 - INFO - 수집 완료: 구속성 예금 (1330 chars)
2025-08-16 22:43:00,185 - INFO - 진행률: 12/15 - 유효 문서: 8
2025-08-16 22:43:01,035 - WARNING - 내용이 너무 짧음: 구제융자 (103 chars)
2025-08-16 22:43:01,198 - INFO - 수집 완료: 국제가치평가사 (1359 chars)
2025-08-16 22:43:01,198 - INFO - 진행률: 14/15 - 유효 문서: 9
2025-08-16 22:43:01,295 - WARNING - 내용이 너무 짧음: 국제공인투자분석사 (189 chars)
2025-08-16 22:43:01,296 - INFO - 데이터 저장 완료: data/economy_finance.jsonl (9 문서)
2025-08-16 22:43:01,437 - INFO - 커스텀 소스로 데이터 수집 시작: category = 한국의_인물
2025-08-16 22:43:01,437 - INFO - 카테고리에서 링크 수집 중: 한국의_인물
2025-08-16 22:43:02,357 - ERROR - 카테고리 링크 수집 실패: 404 Client Error: Not Found for url: https://ko.wikipedia.org/wiki/%EB%B6%84%EB%A5%98:%ED%95%9C%EA%B5%AD%EC%9D%98_%EC%9D%B8%EB%AC%BC
2025-08-16 22:43:02,357 - ERROR - 링크 수집 실패
2025-08-16 22:43:02,491 - INFO - 커스텀 소스로 데이터 수집 시작: category = 철학
2025-08-16 22:43:02,491 - INFO - 카테고리에서 링크 수집 중: 철학
2025-08-16 22:43:02,847 - INFO - 카테고리에서 98개 링크 발견
2025-08-16 22:43:04,046 - INFO - 수집 완료: 철학 (3195 chars)
2025-08-16 22:43:04,046 - INFO - 진행률: 1/20 - 유효 문서: 1
2025-08-16 22:43:04,114 - INFO - 수집 완료: Fides quaerens intellectum (551 chars)
2025-08-16 22:43:04,114 - INFO - 진행률: 2/20 - 유효 문서: 2
2025-08-16 22:43:04,195 - INFO - 수집 완료: ThetaHealing (770 chars)
2025-08-16 22:43:04,195 - INFO - 진행률: 3/20 - 유효 문서: 3
2025-08-16 22:43:05,170 - INFO - 수집 완료: 가치중립 (1118 chars)
2025-08-16 22:43:05,170 - INFO - 진행률: 4/20 - 유효 문서: 4
2025-08-16 22:43:05,232 - WARNING - 내용이 너무 짧음: 감각론 (148 chars)
2025-08-16 22:43:05,336 - INFO - 수집 완료: 개념 (463 chars)
2025-08-16 22:43:05,336 - INFO - 진행률: 6/20 - 유효 문서: 5
2025-08-16 22:43:06,273 - WARNING - 내용이 너무 짧음: 개념실재론 (127 chars)
2025-08-16 22:43:06,362 - INFO - 수집 완료: 개연론 (422 chars)
2025-08-16 22:43:06,362 - INFO - 진행률: 8/20 - 유효 문서: 6
2025-08-16 22:43:06,489 - INFO - 수집 완료: 결정론 (2757 chars)
2025-08-16 22:43:06,489 - INFO - 진행률: 9/20 - 유효 문서: 7
2025-08-16 22:43:07,376 - INFO - 수집 완료: 결합술 (270 chars)
2025-08-16 22:43:07,377 - INFO - 진행률: 10/20 - 유효 문서: 8
2025-08-16 22:43:07,471 - INFO - 수집 완료: 공공철학 (3346 chars)
2025-08-16 22:43:07,471 - INFO - 진행률: 11/20 - 유효 문서: 9
2025-08-16 22:43:07,602 - INFO - 수집 완료: 과정신학 (269 chars)
2025-08-16 22:43:07,602 - INFO - 진행률: 12/20 - 유효 문서: 10
2025-08-16 22:43:08,510 - INFO - 수집 완료: 과정철학 (480 chars)
2025-08-16 22:43:08,510 - INFO - 진행률: 13/20 - 유효 문서: 11
2025-08-16 22:43:08,632 - INFO - 수집 완료: 과학과 종교의 관계 (4209 chars)
2025-08-16 22:43:08,632 - INFO - 진행률: 14/20 - 유효 문서: 12
2025-08-16 22:43:08,730 - INFO - 수집 완료: 관념 (401 chars)
2025-08-16 22:43:08,730 - INFO - 진행률: 15/20 - 유효 문서: 13
2025-08-16 22:43:09,629 - INFO - 수집 완료: 교훈 (331 chars)
2025-08-16 22:43:09,630 - INFO - 진행률: 16/20 - 유효 문서: 14
2025-08-16 22:43:09,733 - WARNING - 내용이 너무 짧음: 나와 너 (169 chars)
2025-08-16 22:43:09,848 - WARNING - 내용이 너무 짧음: 내재 (0 chars)
2025-08-16 22:43:10,734 - INFO - 수집 완료: 노마디즘 (436 chars)
2025-08-16 22:43:10,735 - INFO - 진행률: 19/20 - 유효 문서: 15
2025-08-16 22:43:10,873 - INFO - 수집 완료: 논리주의 (294 chars)
2025-08-16 22:43:10,873 - INFO - 진행률: 20/20 - 유효 문서: 16
2025-08-16 22:43:10,874 - INFO - 데이터 저장 완료: data/society_philosophy.jsonl (16 문서)
2025-08-16 22:43:11,014 - INFO - 커스텀 소스로 데이터 수집 시작: category = 교육
2025-08-16 22:43:11,014 - INFO - 카테고리에서 링크 수집 중: 교육
2025-08-16 22:43:11,369 - INFO - 카테고리에서 76개 링크 발견
2025-08-16 22:43:12,576 - INFO - 수집 완료: 교육 (11928 chars)
2025-08-16 22:43:12,576 - INFO - 진행률: 1/20 - 유효 문서: 1
2025-08-16 22:43:12,635 - WARNING - 내용이 너무 짧음: ALU 사고기법 (124 chars)
2025-08-16 22:43:12,678 - INFO - 수집 완료: AllviA (1248 chars)
2025-08-16 22:43:12,679 - INFO - 진행률: 3/20 - 유효 문서: 2
2025-08-16 22:43:13,714 - WARNING - 내용이 너무 짧음: 감수성 훈련 (193 chars)
2025-08-16 22:43:13,751 - INFO - 수집 완료: 강좌 (360 chars)
2025-08-16 22:43:13,751 - INFO - 진행률: 5/20 - 유효 문서: 3
2025-08-16 22:43:13,788 - INFO - 수집 완료: 계기 교육 (207 chars)
2025-08-16 22:43:13,788 - INFO - 진행률: 6/20 - 유효 문서: 4
2025-08-16 22:43:14,829 - INFO - 수집 완료: 과외 (3951 chars)
2025-08-16 22:43:14,829 - INFO - 진행률: 7/20 - 유효 문서: 5
2025-08-16 22:43:14,854 - INFO - 수집 완료: 과정 중심 평가 (252 chars)
2025-08-16 22:43:14,854 - INFO - 진행률: 8/20 - 유효 문서: 6
2025-08-16 22:43:14,888 - INFO - 수집 완료: 교도소 교육 (812 chars)
2025-08-16 22:43:14,888 - INFO - 진행률: 9/20 - 유효 문서: 7
2025-08-16 22:43:15,925 - INFO - 수집 완료: 교사론 (아우구스티누스) (820 chars)
2025-08-16 22:43:15,925 - INFO - 진행률: 10/20 - 유효 문서: 8
2025-08-16 22:43:15,964 - INFO - 수집 완료: 교사의 권위 (2554 chars)
2025-08-16 22:43:15,964 - INFO - 진행률: 11/20 - 유효 문서: 9
2025-08-16 22:43:16,005 - INFO - 수집 완료: 교사의 윤리 (3798 chars)
2025-08-16 22:43:16,005 - INFO - 진행률: 12/20 - 유효 문서: 10
2025-08-16 22:43:17,030 - INFO - 수집 완료: 교사의 자질 (2900 chars)
2025-08-16 22:43:17,031 - INFO - 진행률: 13/20 - 유효 문서: 11
2025-08-16 22:43:17,085 - INFO - 수집 완료: 교수 설계 (1868 chars)
2025-08-16 22:43:17,085 - INFO - 진행률: 14/20 - 유효 문서: 12
2025-08-16 22:43:17,112 - INFO - 수집 완료: 교실 (780 chars)
2025-08-16 22:43:17,112 - INFO - 진행률: 15/20 - 유효 문서: 13
2025-08-16 22:43:18,125 - INFO - 수집 완료: 교원능력개발평가 (690 chars)
2025-08-16 22:43:18,125 - INFO - 진행률: 16/20 - 유효 문서: 14
2025-08-16 22:43:18,194 - INFO - 수집 완료: 극기 훈련 (1463 chars)
2025-08-16 22:43:18,194 - INFO - 진행률: 17/20 - 유효 문서: 15
2025-08-16 22:43:18,225 - INFO - 수집 완료: 교육 이론 (4530 chars)
2025-08-16 22:43:18,226 - INFO - 진행률: 18/20 - 유효 문서: 16
2025-08-16 22:43:19,224 - INFO - 수집 완료: 교육공무직원 (1109 chars)
2025-08-16 22:43:19,224 - INFO - 진행률: 19/20 - 유효 문서: 17
2025-08-16 22:43:19,327 - INFO - 수집 완료: 교육기관 (235 chars)
2025-08-16 22:43:19,327 - INFO - 진행률: 20/20 - 유효 문서: 18
2025-08-16 22:43:19,329 - INFO - 데이터 저장 완료: data/society_education.jsonl (18 문서)
2025-08-16 22:43:19,479 - INFO - 커스텀 소스로 데이터 수집 시작: category = 스포츠
2025-08-16 22:43:19,479 - INFO - 카테고리에서 링크 수집 중: 스포츠
2025-08-16 22:43:19,833 - INFO - 카테고리에서 10개 링크 발견
2025-08-16 22:43:20,931 - INFO - 수집 완료: 소셜 스포츠 (911 chars)
2025-08-16 22:43:20,932 - INFO - 진행률: 1/10 - 유효 문서: 1
2025-08-16 22:43:21,175 - INFO - 수집 완료: 계주 (4456 chars)
2025-08-16 22:43:21,175 - INFO - 진행률: 2/10 - 유효 문서: 2
2025-08-16 22:43:21,239 - INFO - 수집 완료: 스포츠 (6374 chars)
2025-08-16 22:43:21,239 - INFO - 진행률: 3/10 - 유효 문서: 3
2025-08-16 22:43:22,041 - INFO - 수집 완료: 관중석 (518 chars)
2025-08-16 22:43:22,042 - INFO - 진행률: 4/10 - 유효 문서: 4
2025-08-16 22:43:22,294 - INFO - 수집 완료: 레저스포츠의 유형 (1318 chars)
2025-08-16 22:43:22,294 - INFO - 진행률: 5/10 - 유효 문서: 5
2025-08-16 22:43:22,335 - INFO - 수집 완료: 사무국 (스포츠) (481 chars)
2025-08-16 22:43:22,336 - INFO - 진행률: 6/10 - 유효 문서: 6
2025-08-16 22:43:23,142 - INFO - 수집 완료: 세미프로페셔널 스포츠 (280 chars)
2025-08-16 22:43:23,142 - INFO - 진행률: 7/10 - 유효 문서: 7
2025-08-16 22:43:23,395 - INFO - 수집 완료: 스노보드 빅 에어 (304 chars)
2025-08-16 22:43:23,395 - INFO - 진행률: 8/10 - 유효 문서: 8
2025-08-16 22:43:23,451 - INFO - 수집 완료: 운동협응 (1001 chars)
2025-08-16 22:43:23,451 - INFO - 진행률: 9/10 - 유효 문서: 9
2025-08-16 22:43:24,270 - INFO - 수집 완료: 잔디 경기 (1186 chars)
2025-08-16 22:43:24,270 - INFO - 진행률: 10/10 - 유효 문서: 10
2025-08-16 22:43:24,271 - INFO - 데이터 저장 완료: data/society_sports.jsonl (10 문서)
2025-08-16 22:43:24,409 - INFO - 커스텀 소스로 데이터 수집 시작: category = 대한민국의_사회
2025-08-16 22:43:24,409 - INFO - 카테고리에서 링크 수집 중: 대한민국의_사회
2025-08-16 22:43:24,752 - INFO - 카테고리에서 33개 링크 발견
2025-08-16 22:43:25,874 - INFO - 수집 완료: N포세대 (1420 chars)
2025-08-16 22:43:25,874 - INFO - 진행률: 1/20 - 유효 문서: 1
2025-08-16 22:43:26,027 - INFO - 수집 완료: 86세대 (758 chars)
2025-08-16 22:43:26,027 - INFO - 진행률: 2/20 - 유효 문서: 2
2025-08-16 22:43:26,501 - INFO - 수집 완료: 국가정보원 여론 조작 사건 (80226 chars)
2025-08-16 22:43:26,501 - INFO - 진행률: 3/20 - 유효 문서: 3
2025-08-16 22:43:26,973 - INFO - 수집 완료: 국민정서법 (373 chars)
2025-08-16 22:43:26,973 - INFO - 진행률: 4/20 - 유효 문서: 4
2025-08-16 22:43:27,129 - INFO - 수집 완료: 꼰대 (448 chars)
2025-08-16 22:43:27,129 - INFO - 진행률: 5/20 - 유효 문서: 5
2025-08-16 22:43:27,609 - INFO - 수집 완료: 노키즈존 (2722 chars)
2025-08-16 22:43:27,610 - INFO - 진행률: 6/20 - 유효 문서: 6
2025-08-16 22:43:28,085 - INFO - 수집 완료: 대한민국으로의 이민 (2783 chars)
2025-08-16 22:43:28,086 - INFO - 진행률: 7/20 - 유효 문서: 7
2025-08-16 22:43:28,238 - INFO - 수집 완료: 대한민국의 대마초 (2400 chars)
2025-08-16 22:43:28,238 - INFO - 진행률: 8/20 - 유효 문서: 8
2025-08-16 22:43:28,752 - INFO - 수집 완료: 대한민국의 성 (5182 chars)
2025-08-16 22:43:28,752 - INFO - 진행률: 9/20 - 유효 문서: 9
2025-08-16 22:43:29,200 - INFO - 수집 완료: 대한민국의 예절 (4992 chars)
2025-08-16 22:43:29,200 - INFO - 진행률: 10/20 - 유효 문서: 10
2025-08-16 22:43:29,381 - INFO - 수집 완료: 대한민국의 자살 (6466 chars)
2025-08-16 22:43:29,381 - INFO - 진행률: 11/20 - 유효 문서: 11
2025-08-16 22:43:29,893 - INFO - 수집 완료: 대한민국의 흡연 (7849 chars)
2025-08-16 22:43:29,894 - INFO - 진행률: 12/20 - 유효 문서: 12
2025-08-16 22:43:30,299 - INFO - 수집 완료: 레드 콤플렉스 (952 chars)
2025-08-16 22:43:30,299 - INFO - 진행률: 13/20 - 유효 문서: 13
2025-08-16 22:43:30,480 - INFO - 수집 완료: 무연사회 (1866 chars)
2025-08-16 22:43:30,481 - INFO - 진행률: 14/20 - 유효 문서: 14
2025-08-16 22:43:30,992 - INFO - 수집 완료: 민주화 (풍자) (230 chars)
2025-08-16 22:43:30,992 - INFO - 진행률: 15/20 - 유효 문서: 15
2025-08-16 22:43:31,398 - INFO - 수집 완료: 박근혜 정부 관제시위 의혹 (1399 chars)
2025-08-16 22:43:31,398 - INFO - 진행률: 16/20 - 유효 문서: 16
2025-08-16 22:43:31,601 - INFO - 수집 완료: 대한민국의 법 (1943 chars)
2025-08-16 22:43:31,602 - INFO - 진행률: 17/20 - 유효 문서: 17
2025-08-16 22:43:32,090 - INFO - 수집 완료: 보릿고개 (579 chars)
2025-08-16 22:43:32,090 - INFO - 진행률: 18/20 - 유효 문서: 18
2025-08-16 22:43:32,494 - INFO - 수집 완료: 보슬아치 (364 chars)
2025-08-16 22:43:32,494 - INFO - 진행률: 19/20 - 유효 문서: 19
2025-08-16 22:43:32,696 - INFO - 수집 완료: 비수급 빈곤층 (524 chars)
2025-08-16 22:43:32,696 - INFO - 진행률: 20/20 - 유효 문서: 20
2025-08-16 22:43:32,698 - INFO - 데이터 저장 완료: data/society_korea.jsonl (20 문서)
2025-08-16 22:43:32,843 - INFO - 커스텀 소스로 데이터 수집 시작: category = 언어학
2025-08-16 22:43:32,843 - INFO - 카테고리에서 링크 수집 중: 언어학
2025-08-16 22:43:33,168 - INFO - 카테고리에서 121개 링크 발견
2025-08-16 22:43:34,320 - INFO - 수집 완료: 언어학 (2021 chars)
2025-08-16 22:43:34,320 - INFO - 진행률: 1/20 - 유효 문서: 1
2025-08-16 22:43:34,459 - WARNING - 내용이 너무 짧음: IAST (102 chars)
2025-08-16 22:43:34,517 - INFO - 수집 완료: 형태 분석 (3834 chars)
2025-08-16 22:43:34,517 - INFO - 진행률: 3/20 - 유효 문서: 2
2025-08-16 22:43:35,499 - INFO - 수집 완료: X-바 이론 (4774 chars)
2025-08-16 22:43:35,499 - INFO - 진행률: 4/20 - 유효 문서: 3
2025-08-16 22:43:35,602 - INFO - 수집 완료: 개념 (463 chars)
2025-08-16 22:43:35,603 - INFO - 진행률: 5/20 - 유효 문서: 4
2025-08-16 22:43:35,618 - INFO - 수집 완료: 개별언어학 (214 chars)
2025-08-16 22:43:35,618 - INFO - 진행률: 6/20 - 유효 문서: 5
2025-08-16 22:43:36,588 - INFO - 수집 완료: 거꾸로 연결해서 말하기 (1048 chars)
2025-08-16 22:43:36,588 - INFO - 진행률: 7/20 - 유효 문서: 6
2025-08-16 22:43:36,763 - INFO - 수집 완료: 거짓짝 (1122 chars)
2025-08-16 22:43:36,768 - INFO - 수집 완료: 공백어휘 (3697 chars)
2025-08-16 22:43:36,768 - INFO - 진행률: 8/20 - 유효 문서: 7
2025-08-16 22:43:36,768 - INFO - 진행률: 9/20 - 유효 문서: 8
2025-08-16 22:43:37,703 - INFO - 수집 완료: 공시태와 통시태 (714 chars)
2025-08-16 22:43:37,704 - INFO - 진행률: 10/20 - 유효 문서: 9
2025-08-16 22:43:37,857 - INFO - 수집 완료: 그래머톨러지 (380 chars)
2025-08-16 22:43:37,857 - INFO - 진행률: 11/20 - 유효 문서: 10
2025-08-16 22:43:37,878 - WARNING - 내용이 너무 짧음: 국제 토착어의 해 (102 chars)
2025-08-16 22:43:38,809 - INFO - 수집 완료: 근접어 (346 chars)
2025-08-16 22:43:38,809 - INFO - 진행률: 13/20 - 유효 문서: 11
2025-08-16 22:43:38,967 - INFO - 수집 완료: 내포 (977 chars)
2025-08-16 22:43:38,967 - INFO - 진행률: 14/20 - 유효 문서: 12
2025-08-16 22:43:39,010 - INFO - 수집 완료: 네덜란드 고어 격변화 (9369 chars)
2025-08-16 22:43:39,011 - INFO - 진행률: 15/20 - 유효 문서: 13
2025-08-16 22:43:40,013 - INFO - 수집 완료: 네덜란드어 문법 (25872 chars)
2025-08-16 22:43:40,014 - INFO - 진행률: 16/20 - 유효 문서: 14
2025-08-16 22:43:40,083 - INFO - 수집 완료: 논항 (8968 chars)
2025-08-16 22:43:40,083 - INFO - 진행률: 17/20 - 유효 문서: 15
2025-08-16 22:43:40,150 - INFO - 수집 완료: 능격동사 (4451 chars)
2025-08-16 22:43:40,150 - INFO - 진행률: 18/20 - 유효 문서: 16
2025-08-16 22:43:41,126 - INFO - 수집 완료: 능동태 (356 chars)
2025-08-16 22:43:41,126 - INFO - 진행률: 19/20 - 유효 문서: 17
2025-08-16 22:43:41,183 - INFO - 수집 완료: 담화 표지 (283 chars)
2025-08-16 22:43:41,184 - INFO - 진행률: 20/20 - 유효 문서: 18
2025-08-16 22:43:41,185 - INFO - 데이터 저장 완료: data/society_linguistics.jsonl (18 문서)
2025-08-16 22:43:41,322 - INFO - 커스텀 소스로 데이터 수집 시작: category = 심리학
2025-08-16 22:43:41,322 - INFO - 카테고리에서 링크 수집 중: 심리학
2025-08-16 22:43:41,683 - INFO - 카테고리에서 112개 링크 발견
2025-08-16 22:43:42,892 - INFO - 수집 완료: 심리학 (9810 chars)
2025-08-16 22:43:42,892 - INFO - 진행률: 1/20 - 유효 문서: 1
2025-08-16 22:43:42,960 - INFO - 수집 완료: 16가지 성격 유형 (247 chars)
2025-08-16 22:43:42,960 - INFO - 진행률: 2/20 - 유효 문서: 2
2025-08-16 22:43:43,020 - INFO - 수집 완료: 심리언어학 (1946 chars)
2025-08-16 22:43:43,020 - INFO - 진행률: 3/20 - 유효 문서: 3
2025-08-16 22:43:43,998 - INFO - 수집 완료: 3세대가족 (261 chars)
2025-08-16 22:43:43,998 - INFO - 진행률: 4/20 - 유효 문서: 4
2025-08-16 22:43:44,093 - INFO - 수집 완료: 가장 (성격) (1937 chars)
2025-08-16 22:43:44,093 - INFO - 진행률: 5/20 - 유효 문서: 5
2025-08-16 22:43:44,126 - INFO - 수집 완료: 갈등 해결 (451 chars)
2025-08-16 22:43:44,126 - INFO - 진행률: 6/20 - 유효 문서: 6
2025-08-16 22:43:45,127 - INFO - 수집 완료: 갈등 회피 (4951 chars)
2025-08-16 22:43:45,128 - INFO - 진행률: 7/20 - 유효 문서: 7
2025-08-16 22:43:45,216 - INFO - 수집 완료: 감정가 (심리학) (1720 chars)
2025-08-16 22:43:45,216 - INFO - 진행률: 8/20 - 유효 문서: 8
2025-08-16 22:43:45,233 - INFO - 수집 완료: 감정적 고립 (1796 chars)
2025-08-16 22:43:45,234 - INFO - 진행률: 9/20 - 유효 문서: 9
2025-08-16 22:43:46,225 - INFO - 수집 완료: 강박적 반복 (219 chars)
2025-08-16 22:43:46,226 - INFO - 진행률: 10/20 - 유효 문서: 10
2025-08-16 22:43:46,324 - WARNING - 내용이 너무 짧음: 개성 (성질) (52 chars)
2025-08-16 22:43:46,383 - INFO - 수집 완료: 결혼공포 (4713 chars)
2025-08-16 22:43:46,383 - INFO - 진행률: 12/20 - 유효 문서: 11
2025-08-16 22:43:47,361 - INFO - 수집 완료: 경주 사고 (3256 chars)
2025-08-16 22:43:47,361 - INFO - 진행률: 13/20 - 유효 문서: 12
2025-08-16 22:43:47,454 - INFO - 수집 완료: 경험적 회피 (3429 chars)
2025-08-16 22:43:47,454 - INFO - 진행률: 14/20 - 유효 문서: 13
2025-08-16 22:43:47,504 - INFO - 수집 완료: 고통 (심리학) (1023 chars)
2025-08-16 22:43:47,504 - INFO - 진행률: 15/20 - 유효 문서: 14
2025-08-16 22:43:48,482 - INFO - 수집 완료: 광대공포증 (357 chars)
2025-08-16 22:43:48,482 - INFO - 진행률: 16/20 - 유효 문서: 15
2025-08-16 22:43:48,597 - INFO - 수집 완료: 그릿 (8013 chars)
2025-08-16 22:43:48,597 - INFO - 진행률: 17/20 - 유효 문서: 16
2025-08-16 22:43:48,647 - INFO - 수집 완료: 긍정적 정서성 (3593 chars)
2025-08-16 22:43:48,648 - INFO - 진행률: 18/20 - 유효 문서: 17
2025-08-16 22:43:49,635 - INFO - 수집 완료: 기능적 고착 (7750 chars)
2025-08-16 22:43:49,635 - INFO - 진행률: 19/20 - 유효 문서: 18
2025-08-16 22:43:49,712 - INFO - 수집 완료: 기분부전장애 (910 chars)
2025-08-16 22:43:49,712 - INFO - 진행률: 20/20 - 유효 문서: 19
2025-08-16 22:43:49,713 - INFO - 데이터 저장 완료: data/society_psychology.jsonl (19 문서)
2025-08-16 22:43:49,852 - INFO - 커스텀 소스로 데이터 수집 시작: category = 환경
2025-08-16 22:43:49,852 - INFO - 카테고리에서 링크 수집 중: 환경
2025-08-16 22:43:50,197 - INFO - 카테고리에서 48개 링크 발견
2025-08-16 22:43:51,306 - WARNING - 내용이 너무 짧음: 환경 (0 chars)
2025-08-16 22:43:51,506 - INFO - 수집 완료: 92 내일은 늦으리 (437 chars)
2025-08-16 22:43:51,506 - INFO - 진행률: 2/20 - 유효 문서: 1
2025-08-16 22:43:51,533 - INFO - 수집 완료: 93 내일은 늦으리 (229 chars)
2025-08-16 22:43:51,534 - INFO - 진행률: 3/20 - 유효 문서: 2
2025-08-16 22:43:52,436 - INFO - 수집 완료: 95 내일은 늦으리 (226 chars)
2025-08-16 22:43:52,436 - INFO - 진행률: 4/20 - 유효 문서: 3
2025-08-16 22:43:52,633 - INFO - 수집 완료: For Tomorrow (캠페인) (1342 chars)
2025-08-16 22:43:52,633 - INFO - 진행률: 5/20 - 유효 문서: 4
2025-08-16 22:43:52,648 - INFO - 수집 완료: 가로수 (1101 chars)
2025-08-16 22:43:52,648 - INFO - 진행률: 6/20 - 유효 문서: 5
2025-08-16 22:43:53,540 - INFO - 수집 완료: 갯녹음 (282 chars)
2025-08-16 22:43:53,540 - INFO - 진행률: 7/20 - 유효 문서: 6
2025-08-16 22:43:53,756 - INFO - 수집 완료: 골프장 (3445 chars)
2025-08-16 22:43:53,756 - INFO - 진행률: 8/20 - 유효 문서: 7
2025-08-16 22:43:53,770 - INFO - 수집 완료: 그린 도트 (3315 chars)
2025-08-16 22:43:53,770 - INFO - 진행률: 9/20 - 유효 문서: 8
2025-08-16 22:43:54,646 - WARNING - 내용이 너무 짧음: 그린슈머 (148 chars)
2025-08-16 22:43:54,866 - INFO - 수집 완료: 극한환경 (759 chars)
2025-08-16 22:43:54,867 - INFO - 진행률: 11/20 - 유효 문서: 9
2025-08-16 22:43:54,888 - INFO - 수집 완료: 그린스타트 창작동요제 (602 chars)
2025-08-16 22:43:54,888 - INFO - 진행률: 12/20 - 유효 문서: 10
2025-08-16 22:43:55,765 - INFO - 수집 완료: 댐과 환경 (1265 chars)
2025-08-16 22:43:55,765 - INFO - 진행률: 13/20 - 유효 문서: 11
2025-08-16 22:43:55,980 - INFO - 수집 완료: 도시생태현황도 (1092 chars)
2025-08-16 22:43:55,980 - INFO - 진행률: 14/20 - 유효 문서: 12
2025-08-16 22:43:56,144 - INFO - 수집 완료: 미생물막 (19111 chars)
2025-08-16 22:43:56,144 - INFO - 진행률: 15/20 - 유효 문서: 13
2025-08-16 22:43:56,854 - INFO - 수집 완료: 비오톱 (532 chars)
2025-08-16 22:43:56,854 - INFO - 진행률: 16/20 - 유효 문서: 14
2025-08-16 22:43:57,097 - INFO - 수집 완료: 사막화 (1591 chars)
2025-08-16 22:43:57,097 - INFO - 진행률: 17/20 - 유효 문서: 15
2025-08-16 22:43:57,243 - INFO - 수집 완료: 생태발자국 (550 chars)
2025-08-16 22:43:57,244 - INFO - 진행률: 18/20 - 유효 문서: 16
2025-08-16 22:43:57,934 - INFO - 수집 완료: 생태형성 (353 chars)
2025-08-16 22:43:57,934 - INFO - 진행률: 19/20 - 유효 문서: 17
2025-08-16 22:43:58,194 - INFO - 수집 완료: 생화학적 산소 요구량 (1561 chars)
2025-08-16 22:43:58,194 - INFO - 진행률: 20/20 - 유효 문서: 18
2025-08-16 22:43:58,196 - INFO - 데이터 저장 완료: data/society_environment.jsonl (18 문서)
2025-08-16 22:43:58,342 - INFO - 커스텀 소스로 데이터 수집 시작: category = 축제
2025-08-16 22:43:58,342 - INFO - 카테고리에서 링크 수집 중: 축제
2025-08-16 22:43:58,636 - INFO - 카테고리에서 1개 링크 발견
2025-08-16 22:43:59,764 - INFO - 수집 완료: 축제 (5244 chars)
2025-08-16 22:43:59,764 - INFO - 진행률: 1/1 - 유효 문서: 1
2025-08-16 22:43:59,765 - INFO - 데이터 저장 완료: data/society_festivals.jsonl (1 문서)
2025-08-16 22:43:59,902 - INFO - 커스텀 소스로 데이터 수집 시작: category = 동물
2025-08-16 22:43:59,902 - INFO - 카테고리에서 링크 수집 중: 동물
2025-08-16 22:44:00,263 - INFO - 카테고리에서 5개 링크 발견
2025-08-16 22:44:01,464 - INFO - 수집 완료: 동물 (2398 chars)
2025-08-16 22:44:01,464 - INFO - 진행률: 1/5 - 유효 문서: 1
2025-08-16 22:44:01,583 - INFO - 수집 완료: 동물이동 (638 chars)
2025-08-16 22:44:01,583 - INFO - 진행률: 2/5 - 유효 문서: 2
2025-08-16 22:44:01,652 - INFO - 수집 완료: 좌우대칭동물 (786 chars)
2025-08-16 22:44:01,652 - INFO - 진행률: 3/5 - 유효 문서: 3
2025-08-16 22:44:02,606 - WARNING - 내용이 너무 짧음: 진정후생동물 (149 chars)
2025-08-16 22:44:02,728 - INFO - 수집 완료: 측생동물 (284 chars)
2025-08-16 22:44:02,728 - INFO - 진행률: 5/5 - 유효 문서: 4
2025-08-16 22:44:02,728 - INFO - 데이터 저장 완료: data/nature_animals.jsonl (4 문서)
2025-08-16 22:44:02,868 - INFO - 커스텀 소스로 데이터 수집 시작: category = 식물
2025-08-16 22:44:02,868 - INFO - 카테고리에서 링크 수집 중: 식물
2025-08-16 22:44:03,221 - INFO - 카테고리에서 15개 링크 발견
2025-08-16 22:44:04,424 - INFO - 수집 완료: 식물 (2827 chars)
2025-08-16 22:44:04,424 - INFO - 진행률: 1/15 - 유효 문서: 1
2025-08-16 22:44:04,530 - INFO - 수집 완료: 관다발식물 (292 chars)
2025-08-16 22:44:04,530 - INFO - 진행률: 2/15 - 유효 문서: 2
2025-08-16 22:44:04,554 - INFO - 수집 완료: 자귀나무속 (1043 chars)
2025-08-16 22:44:04,554 - INFO - 진행률: 3/15 - 유효 문서: 3
2025-08-16 22:44:05,534 - INFO - 수집 완료: 꽃 (나무) (246 chars)
2025-08-16 22:44:05,534 - INFO - 진행률: 4/15 - 유효 문서: 4
2025-08-16 22:44:05,643 - INFO - 수집 완료: 들꽃 (276 chars)
2025-08-16 22:44:05,644 - INFO - 진행률: 5/15 - 유효 문서: 5
2025-08-16 22:44:05,656 - INFO - 수집 완료: 반려식물 (814 chars)
2025-08-16 22:44:05,656 - INFO - 진행률: 6/15 - 유효 문서: 6
2025-08-16 22:44:06,636 - INFO - 수집 완료: 상록식물 (332 chars)
2025-08-16 22:44:06,636 - INFO - 진행률: 7/15 - 유효 문서: 7
2025-08-16 22:44:06,802 - INFO - 수집 완료: 식물의 진화 (15884 chars)
2025-08-16 22:44:06,807 - INFO - 진행률: 8/15 - 유효 문서: 8
2025-08-16 22:44:06,817 - INFO - 수집 완료: 알비지아(자귀나무 속) 종 목록 (464 chars)
2025-08-16 22:44:06,818 - INFO - 진행률: 9/15 - 유효 문서: 9
2025-08-16 22:44:07,791 - INFO - 수집 완료: 유배식물 (352 chars)
2025-08-16 22:44:07,792 - INFO - 진행률: 10/15 - 유효 문서: 10
2025-08-16 22:44:07,909 - INFO - 수집 완료: 조화 (인공물) (538 chars)
2025-08-16 22:44:07,914 - INFO - 진행률: 11/15 - 유효 문서: 11
2025-08-16 22:44:07,923 - INFO - 수집 완료: 일차생산량 (362 chars)
2025-08-16 22:44:07,923 - INFO - 진행률: 12/15 - 유효 문서: 12
2025-08-16 22:44:08,960 - INFO - 수집 완료: 종자식물 (228 chars)
2025-08-16 22:44:08,960 - INFO - 진행률: 13/15 - 유효 문서: 13
2025-08-16 22:44:09,035 - WARNING - 내용이 너무 짧음: 토종 식물 (151 chars)
2025-08-16 22:44:09,060 - WARNING - 내용이 너무 짧음: 진엽식물 (112 chars)
2025-08-16 22:44:09,061 - INFO - 데이터 저장 완료: data/nature_plants.jsonl (13 문서)
2025-08-16 22:44:09,205 - INFO - 커스텀 소스로 데이터 수집 시작: category = 한반도의_생물
2025-08-16 22:44:09,205 - INFO - 카테고리에서 링크 수집 중: 한반도의_생물
2025-08-16 22:44:09,736 - ERROR - 카테고리 링크 수집 실패: 404 Client Error: Not Found for url: https://ko.wikipedia.org/wiki/%EB%B6%84%EB%A5%98:%ED%95%9C%EB%B0%98%EB%8F%84%EC%9D%98_%EC%83%9D%EB%AC%BC
2025-08-16 22:44:09,736 - ERROR - 링크 수집 실패
2025-08-16 22:44:09,874 - INFO - 커스텀 소스로 데이터 수집 시작: category = 지질학
2025-08-16 22:44:09,874 - INFO - 카테고리에서 링크 수집 중: 지질학
2025-08-16 22:44:10,247 - INFO - 카테고리에서 69개 링크 발견
2025-08-16 22:44:11,421 - INFO - 수집 완료: 지질학 (3346 chars)
2025-08-16 22:44:11,421 - INFO - 진행률: 1/25 - 유효 문서: 1
2025-08-16 22:44:11,530 - INFO - 수집 완료: 건열 (408 chars)
2025-08-16 22:44:11,530 - INFO - 진행률: 2/25 - 유효 문서: 2
2025-08-16 22:44:11,566 - INFO - 수집 완료: AASHTO 분류법 (1004 chars)
2025-08-16 22:44:11,566 - INFO - 진행률: 3/25 - 유효 문서: 3
2025-08-16 22:44:12,548 - INFO - 수집 완료: 격변설 (6239 chars)
2025-08-16 22:44:12,548 - INFO - 진행률: 4/25 - 유효 문서: 4
2025-08-16 22:44:12,726 - INFO - 수집 완료: 경석 (8517 chars)
2025-08-16 22:44:12,726 - INFO - 진행률: 5/25 - 유효 문서: 5
2025-08-16 22:44:12,731 - WARNING - 내용이 너무 짧음: 고생물학 연대표 (0 chars)
2025-08-16 22:44:13,691 - INFO - 수집 완료: 공간군 (1579 chars)
2025-08-16 22:44:13,691 - INFO - 진행률: 7/25 - 유효 문서: 6
2025-08-16 22:44:13,823 - INFO - 수집 완료: 구조지질학 (895 chars)
2025-08-16 22:44:13,823 - INFO - 진행률: 8/25 - 유효 문서: 7
2025-08-16 22:44:13,844 - INFO - 수집 완료: 광상학 (605 chars)
2025-08-16 22:44:13,844 - INFO - 진행률: 9/25 - 유효 문서: 8
2025-08-16 22:44:14,790 - INFO - 수집 완료: 기성 광상 (222 chars)
2025-08-16 22:44:14,790 - INFO - 진행률: 10/25 - 유효 문서: 9
2025-08-16 22:44:14,952 - INFO - 수집 완료: 남정석 (3141 chars)
2025-08-16 22:44:14,953 - INFO - 진행률: 11/25 - 유효 문서: 10
2025-08-16 22:44:15,108 - INFO - 수집 완료: 대한지질도 (335 chars)
2025-08-16 22:44:15,109 - INFO - 진행률: 12/25 - 유효 문서: 11
2025-08-16 22:44:15,890 - INFO - 수집 완료: 동일과정설 (1121 chars)
2025-08-16 22:44:15,890 - INFO - 진행률: 13/25 - 유효 문서: 12
2025-08-16 22:44:16,042 - WARNING - 내용이 너무 짧음: 라테라이트 (153 chars)
2025-08-16 22:44:16,207 - INFO - 수집 완료: 마그마 (1858 chars)
2025-08-16 22:44:16,207 - INFO - 진행률: 15/25 - 유효 문서: 13
2025-08-16 22:44:16,974 - INFO - 수집 완료: 명개 (458 chars)
2025-08-16 22:44:16,975 - INFO - 진행률: 16/25 - 유효 문서: 14
2025-08-16 22:44:17,135 - WARNING - 내용이 너무 짧음: 미사 (토양학) (145 chars)
2025-08-16 22:44:17,292 - INFO - 수집 완료: 범람 현무암 (1034 chars)
2025-08-16 22:44:17,292 - INFO - 진행률: 18/25 - 유효 문서: 15
2025-08-16 22:44:18,058 - WARNING - 내용이 너무 짧음: 복각 (172 chars)
2025-08-16 22:44:18,216 - INFO - 수집 완료: 부분용융 (301 chars)
2025-08-16 22:44:18,217 - INFO - 진행률: 20/25 - 유효 문서: 16
2025-08-16 22:44:18,384 - INFO - 수집 완료: 부정합 (329 chars)
2025-08-16 22:44:18,384 - INFO - 진행률: 21/25 - 유효 문서: 17
2025-08-16 22:44:19,143 - INFO - 수집 완료: 빙식 작용 (1478 chars)
2025-08-16 22:44:19,144 - INFO - 진행률: 22/25 - 유효 문서: 18
2025-08-16 22:44:19,302 - INFO - 수집 완료: 사방비코발트광 (990 chars)
2025-08-16 22:44:19,302 - INFO - 진행률: 23/25 - 유효 문서: 19
2025-08-16 22:44:19,468 - WARNING - 내용이 너무 짧음: 사층리 (170 chars)
2025-08-16 22:44:20,237 - WARNING - 내용이 너무 짧음: 산꼭대기 (106 chars)
2025-08-16 22:44:20,238 - INFO - 데이터 저장 완료: data/nature_geology.jsonl (19 문서)
2025-08-16 22:44:20,389 - INFO - 커스텀 소스로 데이터 수집 시작: category = 기후
2025-08-16 22:44:20,389 - INFO - 카테고리에서 링크 수집 중: 기후
2025-08-16 22:44:20,746 - INFO - 카테고리에서 42개 링크 발견
2025-08-16 22:44:21,917 - INFO - 수집 완료: 기후 (4191 chars)
2025-08-16 22:44:21,917 - INFO - 진행률: 1/25 - 유효 문서: 1
2025-08-16 22:44:22,047 - INFO - 수집 완료: 고산 기후 (342 chars)
2025-08-16 22:44:22,047 - INFO - 진행률: 2/25 - 유효 문서: 2
2025-08-16 22:44:22,092 - INFO - 수집 완료: 미기후 (336 chars)
2025-08-16 22:44:22,092 - INFO - 진행률: 3/25 - 유효 문서: 3
2025-08-16 22:44:23,035 - INFO - 수집 완료: 고지 지중해성 기후 (382 chars)
2025-08-16 22:44:23,035 - INFO - 진행률: 4/25 - 유효 문서: 4
2025-08-16 22:44:23,174 - WARNING - 내용이 너무 짧음: 기후 구분 (136 chars)
2025-08-16 22:44:23,206 - INFO - 수집 완료: 기후학 (523 chars)
2025-08-16 22:44:23,206 - INFO - 진행률: 6/25 - 유효 문서: 5
2025-08-16 22:44:24,142 - INFO - 수집 완료: 냉대 기후 (1708 chars)
2025-08-16 22:44:24,142 - INFO - 진행률: 7/25 - 유효 문서: 6
2025-08-16 22:44:24,272 - INFO - 수집 완료: 냉대 동계 소우 기후 (1054 chars)
2025-08-16 22:44:24,273 - INFO - 진행률: 8/25 - 유효 문서: 7
2025-08-16 22:44:24,322 - INFO - 수집 완료: 냉대 습윤 기후 (966 chars)
2025-08-16 22:44:24,322 - INFO - 진행률: 9/25 - 유효 문서: 8
2025-08-16 22:44:25,274 - WARNING - 내용이 너무 짧음: 다이메틸 설파이드 (96 chars)
2025-08-16 22:44:25,413 - INFO - 수집 완료: 대륙성 기후 (2224 chars)
2025-08-16 22:44:25,413 - INFO - 진행률: 11/25 - 유효 문서: 9
2025-08-16 22:44:25,427 - INFO - 수집 완료: 도시 기후 (1382 chars)
2025-08-16 22:44:25,427 - INFO - 진행률: 12/25 - 유효 문서: 10
2025-08-16 22:44:26,369 - INFO - 수집 완료: 돌풍 (423 chars)
2025-08-16 22:44:26,369 - INFO - 진행률: 13/25 - 유효 문서: 11
2025-08-16 22:44:26,498 - WARNING - 내용이 너무 짧음: 무상기일 (193 chars)
2025-08-16 22:44:26,576 - INFO - 수집 완료: 밀란코비치 주기 (2930 chars)
2025-08-16 22:44:26,577 - INFO - 진행률: 15/25 - 유효 문서: 12
2025-08-16 22:44:27,482 - INFO - 수집 완료: 북 그린란드 빙하 코어 프로젝트 (858 chars)
2025-08-16 22:44:27,482 - INFO - 진행률: 16/25 - 유효 문서: 13
2025-08-16 22:44:27,618 - INFO - 수집 완료: 빙설 기후 (673 chars)
2025-08-16 22:44:27,618 - INFO - 진행률: 17/25 - 유효 문서: 14
2025-08-16 22:44:27,691 - INFO - 수집 완료: 사막 기후 (379 chars)
2025-08-16 22:44:27,691 - INFO - 진행률: 18/25 - 유효 문서: 15
2025-08-16 22:44:28,597 - INFO - 수집 완료: 사바나 기후 (823 chars)
2025-08-16 22:44:28,597 - INFO - 진행률: 19/25 - 유효 문서: 16
2025-08-16 22:44:28,719 - INFO - 수집 완료: 서안 해양성 기후 (1802 chars)
2025-08-16 22:44:28,720 - INFO - 진행률: 20/25 - 유효 문서: 17
2025-08-16 22:44:28,812 - INFO - 수집 완료: 순응 (649 chars)
2025-08-16 22:44:28,812 - INFO - 진행률: 21/25 - 유효 문서: 18
2025-08-16 22:44:29,738 - INFO - 수집 완료: 스텝 (지리) (984 chars)
2025-08-16 22:44:29,739 - INFO - 진행률: 22/25 - 유효 문서: 19
2025-08-16 22:44:29,858 - INFO - 수집 완료: 스텝 기후 (745 chars)
2025-08-16 22:44:29,858 - INFO - 진행률: 23/25 - 유효 문서: 20
2025-08-16 22:44:29,907 - INFO - 수집 완료: 습윤 대륙성 기후 (319 chars)
2025-08-16 22:44:29,907 - INFO - 진행률: 24/25 - 유효 문서: 21
2025-08-16 22:44:30,840 - INFO - 수집 완료: 아극 기후 (376 chars)
2025-08-16 22:44:30,841 - INFO - 진행률: 25/25 - 유효 문서: 22
2025-08-16 22:44:30,842 - INFO - 데이터 저장 완료: data/nature_climate.jsonl (22 문서)
2025-08-16 22:44:30,998 - INFO - 커스텀 소스로 데이터 수집 시작: category = 고조선
2025-08-16 22:44:30,998 - INFO - 카테고리에서 링크 수집 중: 고조선
2025-08-16 22:44:31,611 - INFO - 카테고리에서 40개 링크 발견
2025-08-16 22:44:33,087 - INFO - 수집 완료: 고조선 (12732 chars)
2025-08-16 22:44:33,087 - INFO - 진행률: 1/30 - 유효 문서: 1
2025-08-16 22:44:33,339 - INFO - 수집 완료: 고기 (역사서) (464 chars)
2025-08-16 22:44:33,339 - INFO - 진행률: 2/30 - 유효 문서: 2
2025-08-16 22:44:33,365 - INFO - 수집 완료: 고조선 연구 (779 chars)
2025-08-16 22:44:33,365 - INFO - 진행률: 3/30 - 유효 문서: 3
2025-08-16 22:44:34,775 - INFO - 수집 완료: 기자실기 (299 chars)
2025-08-16 22:44:34,775 - INFO - 진행률: 4/30 - 유효 문서: 4
2025-08-16 22:44:34,993 - INFO - 수집 완료: 규원사화 (2262 chars)
2025-08-16 22:44:34,993 - INFO - 진행률: 5/30 - 유효 문서: 5
2025-08-16 22:44:35,287 - INFO - 수집 완료: 공무도하가 (821 chars)
2025-08-16 22:44:35,288 - INFO - 진행률: 6/30 - 유효 문서: 6
2025-08-16 22:44:35,938 - INFO - 수집 완료: 기자조선 (7618 chars)
2025-08-16 22:44:35,939 - INFO - 진행률: 7/30 - 유효 문서: 7
2025-08-16 22:44:36,780 - WARNING - 내용이 너무 짧음: 녹도문자 (101 chars)
2025-08-16 22:44:36,884 - INFO - 수집 완료: 단군기원 (2004 chars)
2025-08-16 22:44:36,884 - INFO - 진행률: 9/30 - 유효 문서: 8
2025-08-16 22:44:37,726 - INFO - 수집 완료: 단군론 (1959 chars)
2025-08-16 22:44:37,727 - INFO - 진행률: 10/30 - 유효 문서: 9
2025-08-16 22:44:38,379 - INFO - 수집 완료: 단군릉 (3620 chars)
2025-08-16 22:44:38,379 - INFO - 진행률: 11/30 - 유효 문서: 10
2025-08-16 22:44:38,763 - INFO - 수집 완료: 단군세가 (792 chars)
2025-08-16 22:44:38,763 - INFO - 진행률: 12/30 - 유효 문서: 11
2025-08-16 22:44:39,390 - INFO - 수집 완료: 환단고기 (5196 chars)
2025-08-16 22:44:39,390 - INFO - 진행률: 13/30 - 유효 문서: 12
2025-08-16 22:44:39,790 - INFO - 수집 완료: 단군 신화 (2961 chars)
2025-08-16 22:44:39,791 - INFO - 진행률: 14/30 - 유효 문서: 13
2025-08-16 22:44:40,497 - INFO - 수집 완료: 단군조선 (4555 chars)
2025-08-16 22:44:40,497 - INFO - 진행률: 15/30 - 유효 문서: 14
2025-08-16 22:44:40,799 - INFO - 수집 완료: 단군 (4842 chars)
2025-08-16 22:44:40,799 - INFO - 진행률: 16/30 - 유효 문서: 15
2025-08-16 22:44:41,223 - INFO - 수집 완료: 단군기원 (2004 chars)
2025-08-16 22:44:41,223 - INFO - 진행률: 17/30 - 유효 문서: 16
2025-08-16 22:44:42,186 - WARNING - 내용이 너무 짧음: 단조사고 (61 chars)
2025-08-16 22:44:42,707 - INFO - 수집 완료: 단서대강 (520 chars)
2025-08-16 22:44:42,708 - INFO - 진행률: 19/30 - 유효 문서: 17
2025-08-16 22:44:42,809 - INFO - 수집 완료: 당장경 천도 (616 chars)
2025-08-16 22:44:42,809 - INFO - 진행률: 20/30 - 유효 문서: 18
2025-08-16 22:44:43,590 - INFO - 수집 완료: 대동사강 (285 chars)
2025-08-16 22:44:43,590 - INFO - 진행률: 21/30 - 유효 문서: 19
2025-08-16 22:44:44,309 - INFO - 수집 완료: 대박산 (평양) (2491 chars)
2025-08-16 22:44:44,310 - INFO - 진행률: 22/30 - 유효 문서: 20
2025-08-16 22:44:44,442 - INFO - 수집 완료: 동북변강역사여현상계열연구공정 (1934 chars)
2025-08-16 22:44:44,443 - INFO - 진행률: 23/30 - 유효 문서: 21
2025-08-16 22:44:44,997 - WARNING - 내용이 너무 짧음: 만번한 (119 chars)
2025-08-16 22:44:46,046 - INFO - 수집 완료: 비파형동검 (2241 chars)
2025-08-16 22:44:46,046 - INFO - 진행률: 25/30 - 유효 문서: 22
2025-08-16 22:44:46,128 - INFO - 수집 완료: 부도지 (493 chars)
2025-08-16 22:44:46,128 - INFO - 진행률: 26/30 - 유효 문서: 23
2025-08-16 22:44:46,321 - INFO - 수집 완료: 세형동검 (651 chars)
2025-08-16 22:44:46,321 - INFO - 진행률: 27/30 - 유효 문서: 24
2025-08-16 22:44:47,463 - WARNING - 내용이 너무 짧음: 신단민사 (61 chars)
2025-08-16 22:44:47,538 - INFO - 수집 완료: 신단실기 (213 chars)
2025-08-16 22:44:47,538 - INFO - 진행률: 29/30 - 유효 문서: 25
2025-08-16 22:44:47,913 - INFO - 수집 완료: 신지문자 (1316 chars)
2025-08-16 22:44:47,913 - INFO - 진행률: 30/30 - 유효 문서: 26
2025-08-16 22:44:47,915 - INFO - 데이터 저장 완료: data/history_gojoseon.jsonl (26 문서)
2025-08-16 22:44:48,057 - INFO - 커스텀 소스로 데이터 수집 시작: category = 삼국_시대
2025-08-16 22:44:48,057 - INFO - 카테고리에서 링크 수집 중: 삼국_시대
2025-08-16 22:44:48,637 - INFO - 카테고리에서 32개 링크 발견
2025-08-16 22:44:49,912 - INFO - 수집 완료: 삼국 시대 (22688 chars)
2025-08-16 22:44:49,913 - INFO - 진행률: 1/30 - 유효 문서: 1
2025-08-16 22:44:50,395 - INFO - 수집 완료: 한국의 상고시대 시가 (4109 chars)
2025-08-16 22:44:50,395 - INFO - 진행률: 2/30 - 유효 문서: 2
2025-08-16 22:44:50,566 - INFO - 수집 완료: 구삼국사 (221 chars)
2025-08-16 22:44:50,566 - INFO - 진행률: 3/30 - 유효 문서: 3
2025-08-16 22:44:51,368 - INFO - 수집 완료: 금강 (신라) (274 chars)
2025-08-16 22:44:51,368 - INFO - 진행률: 4/30 - 유효 문서: 4
2025-08-16 22:44:51,817 - INFO - 수집 완료: 나주 송제리 고분 (707 chars)
2025-08-16 22:44:51,817 - INFO - 진행률: 5/30 - 유효 문서: 5
2025-08-16 22:44:51,927 - INFO - 수집 완료: 낙랑군 (4925 chars)
2025-08-16 22:44:51,927 - INFO - 진행률: 6/30 - 유효 문서: 6
2025-08-16 22:44:53,047 - INFO - 수집 완료: 동국통감 (2323 chars)
2025-08-16 22:44:53,047 - INFO - 진행률: 7/30 - 유효 문서: 7
2025-08-16 22:44:53,151 - INFO - 수집 완료: 대방군 (931 chars)
2025-08-16 22:44:53,151 - INFO - 진행률: 8/30 - 유효 문서: 8
2025-08-16 22:44:53,443 - INFO - 수집 완료: 동국사략 (345 chars)
2025-08-16 22:44:53,443 - INFO - 진행률: 9/30 - 유효 문서: 9
2025-08-16 22:44:54,673 - INFO - 수집 완료: 둔전 (781 chars)
2025-08-16 22:44:54,673 - INFO - 진행률: 10/30 - 유효 문서: 10
2025-08-16 22:44:54,851 - INFO - 수집 완료: 본국고기 (281 chars)
2025-08-16 22:44:54,851 - INFO - 진행률: 11/30 - 유효 문서: 11
2025-08-16 22:44:55,182 - INFO - 수집 완료: 반도 일본어 (3839 chars)
2025-08-16 22:44:55,182 - INFO - 진행률: 12/30 - 유효 문서: 12
2025-08-16 22:44:56,577 - WARNING - 내용이 너무 짧음: 속편년통재 (151 chars)
2025-08-16 22:44:56,640 - INFO - 수집 완료: 삼한고기 (271 chars)
2025-08-16 22:44:56,640 - INFO - 진행률: 14/30 - 유효 문서: 13
2025-08-16 22:44:56,658 - INFO - 수집 완료: 삼국시대의 교육 (5566 chars)
2025-08-16 22:44:56,658 - INFO - 진행률: 15/30 - 유효 문서: 14
2025-08-16 22:44:57,993 - INFO - 수집 완료: 신라고기 (288 chars)
2025-08-16 22:44:57,993 - INFO - 진행률: 16/30 - 유효 문서: 15
2025-08-16 22:44:58,253 - INFO - 수집 완료: 신라고사 (288 chars)
2025-08-16 22:44:58,254 - INFO - 진행률: 17/30 - 유효 문서: 16
2025-08-16 22:44:58,293 - INFO - 수집 완료: 신선봉유적 (320 chars)
2025-08-16 22:44:58,293 - INFO - 진행률: 18/30 - 유효 문서: 17
2025-08-16 22:44:59,138 - INFO - 수집 완료: 아차산 일대 보루군 (599 chars)
2025-08-16 22:44:59,138 - INFO - 진행률: 19/30 - 유효 문서: 18
2025-08-16 22:45:00,069 - INFO - 수집 완료: 연맹왕국 (658 chars)
2025-08-16 22:45:00,069 - INFO - 진행률: 20/30 - 유효 문서: 19
2025-08-16 22:45:00,102 - INFO - 수집 완료: 요동군 (1852 chars)
2025-08-16 22:45:00,102 - INFO - 진행률: 21/30 - 유효 문서: 20
2025-08-16 22:45:01,161 - INFO - 수집 완료: 우산국 (918 chars)
2025-08-16 22:45:01,161 - INFO - 진행률: 22/30 - 유효 문서: 21
2025-08-16 22:45:01,505 - INFO - 수집 완료: 진번군 (1075 chars)
2025-08-16 22:45:01,505 - INFO - 진행률: 23/30 - 유효 문서: 22
2025-08-16 22:45:02,275 - INFO - 수집 완료: 임둔군 (1171 chars)
2025-08-16 22:45:02,276 - INFO - 진행률: 24/30 - 유효 문서: 23
2025-08-16 22:45:02,544 - INFO - 수집 완료: 진주 대평리 유적 (322 chars)
2025-08-16 22:45:02,544 - INFO - 진행률: 25/30 - 유효 문서: 24
2025-08-16 22:45:03,159 - WARNING - 내용이 너무 짧음: 징심록 (95 chars)
2025-08-16 22:45:03,714 - INFO - 수집 완료: 통일신라의 교육 (4389 chars)
2025-08-16 22:45:03,714 - INFO - 진행률: 27/30 - 유효 문서: 25
2025-08-16 22:45:04,115 - INFO - 수집 완료: 편년통록 (328 chars)
2025-08-16 22:45:04,116 - INFO - 진행률: 28/30 - 유효 문서: 26
2025-08-16 22:45:05,345 - WARNING - 내용이 너무 짧음: 편년통재 (117 chars)
2025-08-16 22:45:05,734 - WARNING - 내용이 너무 짧음: 한국의 삼국 시대의 행정 구역 (94 chars)
2025-08-16 22:45:05,735 - INFO - 데이터 저장 완료: data/history_three_kingdoms.jsonl (26 문서)
2025-08-16 22:45:05,888 - INFO - 커스텀 소스로 데이터 수집 시작: category = 고구려
2025-08-16 22:45:05,888 - INFO - 카테고리에서 링크 수집 중: 고구려
2025-08-16 22:45:06,688 - INFO - 카테고리에서 7개 링크 발견
2025-08-16 22:45:08,094 - INFO - 수집 완료: 고구려 (33973 chars)
2025-08-16 22:45:08,094 - INFO - 진행률: 1/7 - 유효 문서: 1
2025-08-16 22:45:08,270 - INFO - 수집 완료: 고구려발해학회 (506 chars)
2025-08-16 22:45:08,270 - INFO - 진행률: 2/7 - 유효 문서: 2
2025-08-16 22:45:08,413 - WARNING - 내용이 너무 짧음: 고구려대장간마을 (157 chars)
2025-08-16 22:45:09,434 - INFO - 수집 완료: 동북변강역사여현상계열연구공정 (1934 chars)
2025-08-16 22:45:09,434 - INFO - 진행률: 4/7 - 유효 문서: 3
2025-08-16 22:45:09,883 - WARNING - 내용이 너무 짧음: 고구려비기 (109 chars)
2025-08-16 22:45:10,449 - INFO - 수집 완료: 온달관광지 (1071 chars)
2025-08-16 22:45:10,450 - INFO - 진행률: 6/7 - 유효 문서: 4
2025-08-16 22:45:11,257 - WARNING - 내용이 너무 짧음: 지안 고구려유적공원 (100 chars)
2025-08-16 22:45:11,258 - INFO - 데이터 저장 완료: data/history_goguryeo.jsonl (4 문서)
2025-08-16 22:45:11,404 - INFO - 커스텀 소스로 데이터 수집 시작: category = 백제
2025-08-16 22:45:11,404 - INFO - 카테고리에서 링크 수집 중: 백제
2025-08-16 22:45:12,209 - INFO - 카테고리에서 15개 링크 발견
2025-08-16 22:45:13,756 - INFO - 수집 완료: 백제 (15292 chars)
2025-08-16 22:45:13,762 - INFO - 진행률: 1/15 - 유효 문서: 1
2025-08-16 22:45:13,768 - INFO - 수집 완료: 고리국 (마한) (218 chars)
2025-08-16 22:45:13,769 - INFO - 진행률: 2/15 - 유효 문서: 2
2025-08-16 22:45:13,979 - INFO - 수집 완료: 기리영 전투 (1956 chars)
2025-08-16 22:45:13,979 - INFO - 진행률: 3/15 - 유효 문서: 3
2025-08-16 22:45:14,887 - INFO - 수집 완료: 미추홀 (536 chars)
2025-08-16 22:45:14,887 - INFO - 진행률: 4/15 - 유효 문서: 4
2025-08-16 22:45:15,166 - WARNING - 내용이 너무 짧음: 백제 관련 문서 색인 (0 chars)
2025-08-16 22:45:15,582 - WARNING - 내용이 너무 짧음: 백제문화개발연구원 (133 chars)
2025-08-16 22:45:16,694 - INFO - 수집 완료: 백제문화단지 (1952 chars)
2025-08-16 22:45:16,694 - INFO - 진행률: 7/15 - 유효 문서: 5
2025-08-16 22:45:16,964 - INFO - 수집 완료: 사비 (216 chars)
2025-08-16 22:45:16,964 - INFO - 진행률: 8/15 - 유효 문서: 6
2025-08-16 22:45:17,199 - INFO - 수집 완료: 순장군공덕기 (1327 chars)
2025-08-16 22:45:17,200 - INFO - 진행률: 9/15 - 유효 문서: 7
2025-08-16 22:45:18,511 - INFO - 수집 완료: 웅진 (1961 chars)
2025-08-16 22:45:18,511 - INFO - 진행률: 10/15 - 유효 문서: 8
2025-08-16 22:45:18,580 - WARNING - 내용이 너무 짧음: 청주백제유물전시관 (0 chars)
2025-08-16 22:45:18,818 - WARNING - 내용이 너무 짧음: 한성백제문화제 (171 chars)
2025-08-16 22:45:19,690 - INFO - 수집 완료: 한성백제역 (468 chars)
2025-08-16 22:45:19,690 - INFO - 진행률: 13/15 - 유효 문서: 9
2025-08-16 22:45:19,968 - INFO - 수집 완료: 화엄사 (5672 chars)
2025-08-16 22:45:19,969 - INFO - 진행률: 14/15 - 유효 문서: 10
2025-08-16 22:45:20,589 - INFO - 수집 완료: 한성백제박물관 (840 chars)
2025-08-16 22:45:20,590 - INFO - 진행률: 15/15 - 유효 문서: 11
2025-08-16 22:45:20,591 - INFO - 데이터 저장 완료: data/history_baekje.jsonl (11 문서)
2025-08-16 22:45:20,735 - INFO - 커스텀 소스로 데이터 수집 시작: category = 신라
2025-08-16 22:45:20,736 - INFO - 카테고리에서 링크 수집 중: 신라
2025-08-16 22:45:21,694 - INFO - 카테고리에서 30개 링크 발견
2025-08-16 22:45:22,949 - WARNING - 내용이 너무 짧음: 격황소서 (171 chars)
2025-08-16 22:45:23,312 - INFO - 수집 완료: 가리부 (547 chars)
2025-08-16 22:45:23,317 - INFO - 진행률: 2/30 - 유효 문서: 1
2025-08-16 22:45:23,337 - INFO - 수집 완료: 신라 (47317 chars)
2025-08-16 22:45:23,337 - INFO - 진행률: 3/30 - 유효 문서: 2
2025-08-16 22:45:24,083 - INFO - 수집 완료: 경주 계림 (1692 chars)
2025-08-16 22:45:24,083 - INFO - 진행률: 4/30 - 유효 문서: 3
2025-08-16 22:45:24,427 - INFO - 수집 완료: 경주 나정 (3604 chars)
2025-08-16 22:45:24,427 - INFO - 진행률: 5/30 - 유효 문서: 4
2025-08-16 22:45:25,111 - INFO - 수집 완료: 경주 구황동 원지 유적 일원 (463 chars)
2025-08-16 22:45:25,111 - INFO - 진행률: 6/30 - 유효 문서: 5
2025-08-16 22:45:25,468 - INFO - 수집 완료: 경주 손곡동과 물천리 유적 (628 chars)
2025-08-16 22:45:25,468 - INFO - 진행률: 7/30 - 유효 문서: 6
2025-08-16 22:45:26,595 - INFO - 수집 완료: 동국사략 (345 chars)
2025-08-16 22:45:26,596 - INFO - 진행률: 8/30 - 유효 문서: 7
2025-08-16 22:45:26,615 - INFO - 수집 완료: 급량부 (687 chars)
2025-08-16 22:45:26,615 - INFO - 진행률: 9/30 - 유효 문서: 8
2025-08-16 22:45:26,889 - INFO - 수집 완료: 대당고김씨부인묘명 (2675 chars)
2025-08-16 22:45:26,890 - INFO - 진행률: 10/30 - 유효 문서: 9
2025-08-16 22:45:28,406 - INFO - 수집 완료: 명주군왕 (296 chars)
2025-08-16 22:45:28,406 - INFO - 진행률: 11/30 - 유효 문서: 10
2025-08-16 22:45:28,500 - INFO - 수집 완료: 모량부 (1035 chars)
2025-08-16 22:45:28,500 - INFO - 진행률: 12/30 - 유효 문서: 11
2025-08-16 22:45:28,953 - INFO - 수집 완료: 만파식적 (7625 chars)
2025-08-16 22:45:28,954 - INFO - 진행률: 13/30 - 유효 문서: 12
2025-08-16 22:45:29,484 - INFO - 수집 완료: 보 (재단) (343 chars)
2025-08-16 22:45:29,484 - INFO - 진행률: 14/30 - 유효 문서: 13
2025-08-16 22:45:29,896 - INFO - 수집 완료: 삼기팔괴 (1641 chars)
2025-08-16 22:45:29,897 - INFO - 진행률: 15/30 - 유효 문서: 14
2025-08-16 22:45:30,067 - INFO - 수집 완료: 서라벌 (1002 chars)
2025-08-16 22:45:30,067 - INFO - 진행률: 16/30 - 유효 문서: 15
2025-08-16 22:45:31,273 - WARNING - 내용이 너무 짧음: 송막기문 (83 chars)
2025-08-16 22:45:31,548 - INFO - 수집 완료: 신라 금관 (2549 chars)
2025-08-16 22:45:31,548 - INFO - 진행률: 18/30 - 유효 문서: 16
2025-08-16 22:45:31,691 - INFO - 수집 완료: 습비부 (829 chars)
2025-08-16 22:45:31,691 - INFO - 진행률: 19/30 - 유효 문서: 17
2025-08-16 22:45:32,680 - WARNING - 내용이 너무 짧음: 신라 부흥운동 (154 chars)
2025-08-16 22:45:33,105 - INFO - 수집 완료: 신라장적 (776 chars)
2025-08-16 22:45:33,106 - INFO - 진행률: 21/30 - 유효 문서: 18
2025-08-16 22:45:33,564 - INFO - 수집 완료: 신라국기 (329 chars)
2025-08-16 22:45:33,564 - INFO - 진행률: 22/30 - 유효 문서: 19
2025-08-16 22:45:34,486 - INFO - 수집 완료: 신랑듬과 각시듬 (304 chars)
2025-08-16 22:45:34,486 - INFO - 진행률: 23/30 - 유효 문서: 20
2025-08-16 22:45:34,707 - INFO - 수집 완료: 웅진도독부 (1043 chars)
2025-08-16 22:45:34,708 - INFO - 진행률: 24/30 - 유효 문서: 21
2025-08-16 22:45:35,315 - INFO - 수집 완료: 안동도호부 (742 chars)
2025-08-16 22:45:35,316 - INFO - 진행률: 25/30 - 유효 문서: 22
2025-08-16 22:45:35,915 - INFO - 수집 완료: 이나히노미코토 (570 chars)
2025-08-16 22:45:35,915 - INFO - 진행률: 26/30 - 유효 문서: 23
2025-08-16 22:45:36,368 - INFO - 수집 완료: 이두 (1497 chars)
2025-08-16 22:45:36,369 - INFO - 진행률: 27/30 - 유효 문서: 24
2025-08-16 22:45:37,081 - INFO - 수집 완료: 화엄사 (5672 chars)
2025-08-16 22:45:37,082 - INFO - 진행률: 28/30 - 유효 문서: 25
2025-08-16 22:45:37,109 - INFO - 수집 완료: 호족 (689 chars)
2025-08-16 22:45:37,109 - INFO - 진행률: 29/30 - 유효 문서: 26
2025-08-16 22:45:37,960 - INFO - 수집 완료: 황산벌 (397 chars)
2025-08-16 22:45:37,960 - INFO - 진행률: 30/30 - 유효 문서: 27
2025-08-16 22:45:37,962 - INFO - 데이터 저장 완료: data/history_silla.jsonl (27 문서)
2025-08-16 22:45:38,109 - INFO - 커스텀 소스로 데이터 수집 시작: category = 대한제국
2025-08-16 22:45:38,109 - INFO - 카테고리에서 링크 수집 중: 대한제국
2025-08-16 22:45:38,724 - INFO - 카테고리에서 40개 링크 발견
2025-08-16 22:45:39,955 - INFO - 수집 완료: 대한제국 (7712 chars)
2025-08-16 22:45:39,955 - INFO - 진행률: 1/30 - 유효 문서: 1
2025-08-16 22:45:40,652 - INFO - 수집 완료: 갑진개혁운동 (478 chars)
2025-08-16 22:45:40,652 - INFO - 진행률: 2/30 - 유효 문서: 2
2025-08-16 22:45:40,755 - INFO - 수집 완료: 간도 협약 (1338 chars)
2025-08-16 22:45:40,755 - INFO - 진행률: 3/30 - 유효 문서: 3
2025-08-16 22:45:41,595 - INFO - 수집 완료: 경술국적 (323 chars)
2025-08-16 22:45:41,595 - INFO - 진행률: 4/30 - 유효 문서: 4
2025-08-16 22:45:41,777 - INFO - 수집 완료: 고문정치 (1663 chars)
2025-08-16 22:45:41,777 - INFO - 진행률: 5/30 - 유효 문서: 5
2025-08-16 22:45:42,577 - INFO - 수집 완료: 관민추도회 (590 chars)
2025-08-16 22:45:42,578 - INFO - 진행률: 6/30 - 유효 문서: 6
2025-08-16 22:45:43,579 - INFO - 수집 완료: 대한제국 여권 (821 chars)
2025-08-16 22:45:43,580 - INFO - 진행률: 7/30 - 유효 문서: 7
2025-08-16 22:45:43,612 - INFO - 수집 완료: 남대문 전투 (3221 chars)
2025-08-16 22:45:43,612 - INFO - 진행률: 8/30 - 유효 문서: 8
2025-08-16 22:45:43,744 - INFO - 수집 완료: 대한제국 황실 (3892 chars)
2025-08-16 22:45:43,744 - INFO - 진행률: 9/30 - 유효 문서: 9
2025-08-16 22:45:44,764 - INFO - 수집 완료: 대한제국의 국장 (1711 chars)
2025-08-16 22:45:44,764 - INFO - 진행률: 10/30 - 유효 문서: 10
2025-08-16 22:45:45,006 - INFO - 수집 완료: 대한제국의 국가 (1310 chars)
2025-08-16 22:45:45,006 - INFO - 진행률: 11/30 - 유효 문서: 11
2025-08-16 22:45:45,561 - INFO - 수집 완료: 대한제국의 기념장 (706 chars)
2025-08-16 22:45:45,561 - INFO - 진행률: 12/30 - 유효 문서: 12
2025-08-16 22:45:45,870 - WARNING - 내용이 너무 짧음: 동궁 (63 chars)
2025-08-16 22:45:46,405 - INFO - 수집 완료: 바리야크함 깃발 (521 chars)
2025-08-16 22:45:46,405 - INFO - 진행률: 14/30 - 유효 문서: 13
2025-08-16 22:45:46,973 - WARNING - 내용이 너무 짧음: 별순검 (109 chars)
2025-08-16 22:45:47,470 - WARNING - 내용이 너무 짧음: 부보청 (158 chars)
2025-08-16 22:45:47,540 - INFO - 수집 완료: 서대문형무소 (2078 chars)
2025-08-16 22:45:47,540 - INFO - 진행률: 17/30 - 유효 문서: 14
2025-08-16 22:45:48,830 - INFO - 수집 완료: 서북철도국 (443 chars)
2025-08-16 22:45:48,831 - INFO - 진행률: 18/30 - 유효 문서: 15
2025-08-16 22:45:48,934 - INFO - 수집 완료: 순열사 (411 chars)
2025-08-16 22:45:48,935 - INFO - 진행률: 19/30 - 유효 문서: 16
2025-08-16 22:45:49,273 - INFO - 수집 완료: 서울 진공 작전 (1910년) (458 chars)
2025-08-16 22:45:49,273 - INFO - 진행률: 20/30 - 유효 문서: 17
2025-08-16 22:45:50,441 - INFO - 수집 완료: 시위 제1연대 (307 chars)
2025-08-16 22:45:50,441 - INFO - 진행률: 21/30 - 유효 문서: 18
2025-08-16 22:45:51,073 - INFO - 수집 완료: 시학관 (484 chars)
2025-08-16 22:45:51,073 - INFO - 진행률: 22/30 - 유효 문서: 19
2025-08-16 22:45:51,099 - INFO - 수집 완료: 시일야방성대곡 (1238 chars)
2025-08-16 22:45:51,099 - INFO - 진행률: 23/30 - 유효 문서: 20
2025-08-16 22:45:52,072 - INFO - 수집 완료: 신축민란 (8033 chars)
2025-08-16 22:45:52,072 - INFO - 진행률: 24/30 - 유효 문서: 21
2025-08-16 22:45:52,686 - INFO - 수집 완료: 영친왕 일가 복식 및 장신구류 (1201 chars)
2025-08-16 22:45:52,686 - INFO - 진행률: 25/30 - 유효 문서: 22
2025-08-16 22:45:52,856 - INFO - 수집 완료: 영원 (무덤) (233 chars)
2025-08-16 22:45:52,856 - INFO - 진행률: 26/30 - 유효 문서: 23
2025-08-16 22:45:53,672 - INFO - 수집 완료: 오광선 (3819 chars)
2025-08-16 22:45:53,673 - INFO - 진행률: 27/30 - 유효 문서: 24
2025-08-16 22:45:53,797 - INFO - 수집 완료: 운현궁 (2743 chars)
2025-08-16 22:45:53,797 - INFO - 진행률: 28/30 - 유효 문서: 25
2025-08-16 22:45:54,449 - INFO - 수집 완료: 원수부 (643 chars)
2025-08-16 22:45:54,449 - INFO - 진행률: 29/30 - 유효 문서: 26
2025-08-16 22:45:54,777 - INFO - 수집 완료: 을사오적 (731 chars)
2025-08-16 22:45:54,777 - INFO - 진행률: 30/30 - 유효 문서: 27
2025-08-16 22:45:54,778 - INFO - 데이터 저장 완료: data/history_korean_empire.jsonl (27 문서)
2025-08-16 22:45:54,927 - INFO - 커스텀 소스로 데이터 수집 시작: category = 대한민국_임시정부
2025-08-16 22:45:54,927 - INFO - 카테고리에서 링크 수집 중: 대한민국_임시정부
2025-08-16 22:45:55,414 - INFO - 카테고리에서 38개 링크 발견
2025-08-16 22:45:56,757 - INFO - 수집 완료: 상해 임시정부 (477 chars)
2025-08-16 22:45:56,757 - INFO - 진행률: 1/30 - 유효 문서: 1
2025-08-16 22:45:56,846 - INFO - 수집 완료: 3·1 운동 (14129 chars)
2025-08-16 22:45:56,846 - INFO - 진행률: 2/30 - 유효 문서: 2
2025-08-16 22:45:57,063 - INFO - 수집 완료: 대한민국 임시정부 (49219 chars)
2025-08-16 22:45:57,063 - INFO - 진행률: 3/30 - 유효 문서: 3
2025-08-16 22:45:58,151 - INFO - 수집 완료: 국민대표회의 (3608 chars)
2025-08-16 22:45:58,151 - INFO - 진행률: 4/30 - 유효 문서: 4
2025-08-16 22:45:58,461 - INFO - 수집 완료: 국제공산당 자금사건 (5021 chars)
2025-08-16 22:45:58,461 - INFO - 진행률: 5/30 - 유효 문서: 5
2025-08-16 22:45:58,886 - INFO - 수집 완료: 권업회 (1835 chars)
2025-08-16 22:45:58,886 - INFO - 진행률: 6/30 - 유효 문서: 6
2025-08-16 22:45:59,568 - INFO - 수집 완료: 남해 3·1독립운동 (5325 chars)
2025-08-16 22:45:59,569 - INFO - 진행률: 7/30 - 유효 문서: 7
2025-08-16 22:45:59,974 - INFO - 수집 완료: 김학규 (1900년) (5160 chars)
2025-08-16 22:45:59,975 - INFO - 진행률: 8/30 - 유효 문서: 8
2025-08-16 22:46:00,569 - INFO - 수집 완료: 대한민국 임시정부 수립 기념일 (897 chars)
2025-08-16 22:46:00,570 - INFO - 진행률: 9/30 - 유효 문서: 9
2025-08-16 22:46:01,168 - INFO - 수집 완료: 대한민국 임시정부 환국기념 23인 필묵 (410 chars)
2025-08-16 22:46:01,168 - INFO - 진행률: 10/30 - 유효 문서: 10
2025-08-16 22:46:01,390 - INFO - 수집 완료: 대한민국의 국가 (7632 chars)
2025-08-16 22:46:01,390 - INFO - 진행률: 11/30 - 유효 문서: 11
2025-08-16 22:46:02,371 - INFO - 수집 완료: 독립공채표 (2051 chars)
2025-08-16 22:46:02,371 - INFO - 진행률: 12/30 - 유효 문서: 12
2025-08-16 22:46:02,504 - INFO - 수집 완료: 독수리 작전 (3617 chars)
2025-08-16 22:46:02,504 - INFO - 진행률: 13/30 - 유효 문서: 13
2025-08-16 22:46:02,561 - INFO - 수집 완료: 독립신문 (대한민국 임시정부) (629 chars)
2025-08-16 22:46:02,561 - INFO - 진행률: 14/30 - 유효 문서: 14
2025-08-16 22:46:03,549 - INFO - 수집 완료: 백의사 (3893 chars)
2025-08-16 22:46:03,549 - INFO - 진행률: 15/30 - 유효 문서: 15
2025-08-16 22:46:04,113 - INFO - 수집 완료: 상해대한교민단 (2818 chars)
2025-08-16 22:46:04,113 - INFO - 진행률: 16/30 - 유효 문서: 16
2025-08-16 22:46:04,194 - INFO - 수집 완료: 신한청년당 (8462 chars)
2025-08-16 22:46:04,194 - INFO - 진행률: 17/30 - 유효 문서: 17
2025-08-16 22:46:05,152 - INFO - 수집 완료: 안공근 암살 사건 (1454 chars)
2025-08-16 22:46:05,152 - INFO - 진행률: 18/30 - 유효 문서: 18
2025-08-16 22:46:05,314 - INFO - 수집 완료: 오광선 (3819 chars)
2025-08-16 22:46:05,314 - INFO - 진행률: 19/30 - 유효 문서: 19
2025-08-16 22:46:05,897 - INFO - 수집 완료: 연통제 (1812 chars)
2025-08-16 22:46:05,898 - INFO - 진행률: 20/30 - 유효 문서: 20
2025-08-16 22:46:06,268 - INFO - 수집 완료: 이봉창 의거 (4956 chars)
2025-08-16 22:46:06,268 - INFO - 진행률: 21/30 - 유효 문서: 21
2025-08-16 22:46:07,023 - INFO - 수집 완료: 임정법통론 (865 chars)
2025-08-16 22:46:07,023 - INFO - 진행률: 22/30 - 유효 문서: 22
2025-08-16 22:46:07,085 - WARNING - 내용이 너무 짧음: 임시정부 육군무관학교 (121 chars)
2025-08-16 22:46:07,716 - INFO - 수집 완료: 자유시 참변 (6931 chars)
2025-08-16 22:46:07,717 - INFO - 진행률: 24/30 - 유효 문서: 23
2025-08-16 22:46:08,424 - INFO - 수집 완료: 조개옥 (3558 chars)
2025-08-16 22:46:08,424 - INFO - 진행률: 25/30 - 유효 문서: 24
2025-08-16 22:46:08,723 - INFO - 수집 완료: 조선민족혁명당 (8022 chars)
2025-08-16 22:46:08,723 - INFO - 진행률: 26/30 - 유효 문서: 25
2025-08-16 22:46:09,118 - INFO - 수집 완료: 조선혁명당 (451 chars)
2025-08-16 22:46:09,119 - INFO - 진행률: 27/30 - 유효 문서: 26
2025-08-16 22:46:10,014 - INFO - 수집 완료: 조일관계사료집 (387 chars)
2025-08-16 22:46:10,014 - INFO - 진행률: 28/30 - 유효 문서: 27
2025-08-16 22:46:10,526 - INFO - 수집 완료: 경교장 (1301 chars)
2025-08-16 22:46:10,527 - INFO - 진행률: 29/30 - 유효 문서: 28
2025-08-16 22:46:10,958 - INFO - 수집 완료: 충칭 대한민국 임시정부 청사 (1087 chars)
2025-08-16 22:46:10,959 - INFO - 진행률: 30/30 - 유효 문서: 29
2025-08-16 22:46:10,961 - INFO - 데이터 저장 완료: data/history_provisional_gov.jsonl (29 문서)
2025-08-16 22:46:11,104 - INFO - 커스텀 소스로 데이터 수집 시작: category = 군사사
2025-08-16 22:46:11,104 - INFO - 카테고리에서 링크 수집 중: 군사사
2025-08-16 22:46:12,780 - INFO - 카테고리에서 8개 링크 발견
2025-08-16 22:46:14,525 - INFO - 수집 완료: NSC-68 (356 chars)
2025-08-16 22:46:14,526 - INFO - 진행률: 1/8 - 유효 문서: 1
2025-08-16 22:46:14,594 - INFO - 수집 완료: 군사사 (589 chars)
2025-08-16 22:46:14,594 - INFO - 진행률: 2/8 - 유효 문서: 2
2025-08-16 22:46:14,696 - INFO - 수집 완료: 군사 세계화 (585 chars)
2025-08-16 22:46:14,697 - INFO - 진행률: 3/8 - 유효 문서: 3
2025-08-16 22:46:16,189 - INFO - 수집 완료: 일기토 (1465 chars)
2025-08-16 22:46:16,190 - INFO - 진행률: 4/8 - 유효 문서: 4
2025-08-16 22:46:16,326 - INFO - 수집 완료: 사행진 (736 chars)
2025-08-16 22:46:16,326 - INFO - 진행률: 5/8 - 유효 문서: 5
2025-08-16 22:46:16,718 - INFO - 수집 완료: 전장터 (6794 chars)
2025-08-16 22:46:16,718 - INFO - 진행률: 6/8 - 유효 문서: 6
2025-08-16 22:46:17,982 - WARNING - 내용이 너무 짧음: 전전 (113 chars)
2025-08-16 22:46:18,344 - INFO - 수집 완료: 화기의 역사 (4098 chars)
2025-08-16 22:46:18,344 - INFO - 진행률: 8/8 - 유효 문서: 7
2025-08-16 22:46:18,345 - INFO - 데이터 저장 완료: data/history_military.jsonl (7 문서)
2025-08-16 22:46:18,481 - INFO - 커스텀 소스로 데이터 수집 시작: category = 대한민국 국군
2025-08-16 22:46:18,481 - INFO - 카테고리에서 링크 수집 중: 대한민국 국군
2025-08-16 22:46:19,399 - INFO - 카테고리에서 7개 링크 발견
2025-08-16 22:46:20,907 - INFO - 수집 완료: 대한민국 국군 (9752 chars)
2025-08-16 22:46:20,907 - INFO - 진행률: 1/7 - 유효 문서: 1
2025-08-16 22:46:21,160 - WARNING - 내용이 너무 짧음: 국군통수권 (66 chars)
2025-08-16 22:46:21,200 - INFO - 수집 완료: B1 벙커 (648 chars)
2025-08-16 22:46:21,200 - INFO - 진행률: 3/7 - 유효 문서: 2
2025-08-16 22:46:22,586 - INFO - 수집 완료: 대한민국부사관정책발전협의회 (665 chars)
2025-08-16 22:46:22,587 - INFO - 진행률: 4/7 - 유효 문서: 3
2025-08-16 22:46:22,720 - INFO - 수집 완료: 국방헬프콜 (543 chars)
2025-08-16 22:46:22,720 - INFO - 진행률: 5/7 - 유효 문서: 4
2025-08-16 22:46:22,946 - WARNING - 내용이 너무 짧음: 대한민국 국군 편제 (0 chars)
2025-08-16 22:46:23,990 - WARNING - 내용이 너무 짧음: 용진가 (대한민국 국군의 노래) (0 chars)
2025-08-16 22:46:23,991 - INFO - 데이터 저장 완료: data/military_rok.jsonl (4 문서)
2025-08-16 22:46:24,129 - INFO - 커스텀 소스로 데이터 수집 시작: category = 고고학
2025-08-16 22:46:24,129 - INFO - 카테고리에서 링크 수집 중: 고고학
2025-08-16 22:46:25,400 - INFO - 카테고리에서 31개 링크 발견
2025-08-16 22:46:27,212 - INFO - 수집 완료: 거석기념물 (371 chars)
2025-08-16 22:46:27,213 - INFO - 진행률: 1/30 - 유효 문서: 1
2025-08-16 22:46:27,394 - INFO - 수집 완료: 고고학 (909 chars)
2025-08-16 22:46:27,394 - INFO - 진행률: 2/30 - 유효 문서: 2
2025-08-16 22:46:27,601 - WARNING - 내용이 너무 짧음: 가경고고학연구소 (176 chars)
2025-08-16 22:46:29,031 - INFO - 수집 완료: 고니오 (746 chars)
2025-08-16 22:46:29,032 - INFO - 진행률: 4/30 - 유효 문서: 3
2025-08-16 22:46:29,395 - INFO - 수집 완료: 고유전학 (2341 chars)
2025-08-16 22:46:29,400 - INFO - 진행률: 5/30 - 유효 문서: 4
2025-08-16 22:46:29,403 - INFO - 수집 완료: 대원사 (출판사) (521 chars)
2025-08-16 22:46:29,403 - INFO - 진행률: 6/30 - 유효 문서: 5
2025-08-16 22:46:30,843 - WARNING - 내용이 너무 짧음: 레반트의 고고학적 시대 목록 (0 chars)
2025-08-16 22:46:30,987 - WARNING - 내용이 너무 짧음: 도굴 (155 chars)
2025-08-16 22:46:31,205 - INFO - 수집 완료: 더 디그 (소설) (480 chars)
2025-08-16 22:46:31,205 - INFO - 진행률: 9/30 - 유효 문서: 6
2025-08-16 22:46:32,425 - INFO - 수집 완료: 목간 (459 chars)
2025-08-16 22:46:32,425 - INFO - 진행률: 10/30 - 유효 문서: 7
2025-08-16 22:46:33,022 - INFO - 수집 완료: 성서고고학 (921 chars)
2025-08-16 22:46:33,022 - INFO - 진행률: 11/30 - 유효 문서: 8
2025-08-16 22:46:33,633 - INFO - 수집 완료: 선사 시대 (13690 chars)
2025-08-16 22:46:33,634 - INFO - 진행률: 12/30 - 유효 문서: 9
2025-08-16 22:46:34,043 - INFO - 수집 완료: 세 시대 체계 (2999 chars)
2025-08-16 22:46:34,043 - INFO - 진행률: 13/30 - 유효 문서: 10
2025-08-16 22:46:34,797 - INFO - 수집 완료: 수리고고학 (203 chars)
2025-08-16 22:46:34,797 - INFO - 진행률: 14/30 - 유효 문서: 11
2025-08-16 22:46:35,135 - INFO - 수집 완료: 역사보조학 (349 chars)
2025-08-16 22:46:35,136 - INFO - 진행률: 15/30 - 유효 문서: 12
2025-08-16 22:46:35,460 - WARNING - 내용이 너무 짧음: 실험고고학 (91 chars)
2025-08-16 22:46:36,227 - WARNING - 내용이 너무 짧음: 유적 (72 chars)
2025-08-16 22:46:36,821 - INFO - 수집 완료: 오피둠 (234 chars)
2025-08-16 22:46:36,821 - INFO - 진행률: 18/30 - 유효 문서: 13
2025-08-16 22:46:37,251 - INFO - 수집 완료: 유형학 (1780 chars)
2025-08-16 22:46:37,251 - INFO - 진행률: 19/30 - 유효 문서: 14
2025-08-16 22:46:37,738 - INFO - 수집 완료: 이베리아반도의 선사 시대 (13140 chars)
2025-08-16 22:46:37,738 - INFO - 진행률: 20/30 - 유효 문서: 15
2025-08-16 22:46:38,354 - INFO - 수집 완료: 전방후원분 (5169 chars)
2025-08-16 22:46:38,355 - INFO - 진행률: 21/30 - 유효 문서: 16
2025-08-16 22:46:38,858 - INFO - 수집 완료: 자체 (313 chars)
2025-08-16 22:46:38,858 - INFO - 진행률: 22/30 - 유효 문서: 17
2025-08-16 22:46:39,129 - INFO - 수집 완료: 조지아의 선사 시대 (2939 chars)
2025-08-16 22:46:39,129 - INFO - 진행률: 23/30 - 유효 문서: 18
2025-08-16 22:46:39,746 - WARNING - 내용이 너무 짧음: 죽간 (186 chars)
2025-08-16 22:46:40,261 - WARNING - 내용이 너무 짧음: 중부고고학연구소 (162 chars)
2025-08-16 22:46:40,533 - WARNING - 내용이 너무 짧음: 지표조사 (109 chars)
2025-08-16 22:46:41,160 - INFO - 수집 완료: 청자 상감국화모란유로죽문 매병 및 죽찰 (1139 chars)
2025-08-16 22:46:41,160 - INFO - 진행률: 27/30 - 유효 문서: 19
2025-08-16 22:46:42,071 - INFO - 수집 완료: 코덱스 (264 chars)
2025-08-16 22:46:42,072 - INFO - 진행률: 28/30 - 유효 문서: 20
2025-08-16 22:46:42,583 - INFO - 수집 완료: 파피루스 (591 chars)
2025-08-16 22:46:42,583 - INFO - 진행률: 29/30 - 유효 문서: 21
2025-08-16 22:46:43,172 - INFO - 수집 완료: 환상 취락 (2689 chars)
2025-08-16 22:46:43,172 - INFO - 진행률: 30/30 - 유효 문서: 22
2025-08-16 22:46:43,173 - INFO - 데이터 저장 완료: data/history_archaeology.jsonl (22 문서)
2025-08-16 22:46:43,319 - INFO - 커스텀 소스로 데이터 수집 시작: category = 한국의_독립운동
2025-08-16 22:46:43,319 - INFO - 카테고리에서 링크 수집 중: 한국의_독립운동
2025-08-16 22:46:44,089 - INFO - 카테고리에서 133개 링크 발견
2025-08-16 22:46:45,266 - INFO - 수집 완료: 한국의 독립운동 (9308 chars)
2025-08-16 22:46:45,267 - INFO - 진행률: 1/30 - 유효 문서: 1
2025-08-16 22:46:45,509 - INFO - 수집 완료: 한민족 (7184 chars)
2025-08-16 22:46:45,509 - INFO - 진행률: 2/30 - 유효 문서: 2
2025-08-16 22:46:46,124 - INFO - 수집 완료: 105인 사건 (2044 chars)
2025-08-16 22:46:46,125 - INFO - 진행률: 3/30 - 유효 문서: 3
2025-08-16 22:46:47,054 - INFO - 수집 완료: 13도 의군 (688 chars)
2025-08-16 22:46:47,054 - INFO - 진행률: 4/30 - 유효 문서: 4
2025-08-16 22:46:47,318 - INFO - 수집 완료: 2·8 독립 선언 (2047 chars)
2025-08-16 22:46:47,318 - INFO - 진행률: 5/30 - 유효 문서: 5
2025-08-16 22:46:47,717 - WARNING - 내용이 너무 짧음: 2·8독립선언서 (143 chars)
2025-08-16 22:46:48,257 - INFO - 수집 완료: 3·1 운동 (14129 chars)
2025-08-16 22:46:48,257 - INFO - 진행률: 7/30 - 유효 문서: 6
2025-08-16 22:46:48,711 - INFO - 수집 완료: 3인조 암살단 (1744 chars)
2025-08-16 22:46:48,711 - INFO - 진행률: 8/30 - 유효 문서: 7
2025-08-16 22:46:48,829 - INFO - 수집 완료: 6·10 만세 운동 (1166 chars)
2025-08-16 22:46:48,830 - INFO - 진행률: 9/30 - 유효 문서: 8
2025-08-16 22:46:49,359 - INFO - 수집 완료: 8호 감방의 노래 (744 chars)
2025-08-16 22:46:49,359 - INFO - 진행률: 10/30 - 유효 문서: 9
2025-08-16 22:46:50,501 - INFO - 수집 완료: 간도 공산당 사건 (2804 chars)
2025-08-16 22:46:50,501 - INFO - 진행률: 11/30 - 유효 문서: 10
2025-08-16 22:46:50,610 - WARNING - 내용이 너무 짧음: 갑산 화전민 항일운동 (75 chars)
2025-08-16 22:46:50,757 - INFO - 수집 완료: 건국치안대 (1165 chars)
2025-08-16 22:46:50,757 - INFO - 진행률: 13/30 - 유효 문서: 11
2025-08-16 22:46:51,716 - INFO - 수집 완료: 경성 제2차 만세 운동 (1954 chars)
2025-08-16 22:46:51,716 - INFO - 진행률: 14/30 - 유효 문서: 12
2025-08-16 22:46:51,879 - INFO - 수집 완료: 경남일보 필화 사건 (309 chars)
2025-08-16 22:46:51,879 - INFO - 진행률: 15/30 - 유효 문서: 13
2025-08-16 22:46:52,539 - INFO - 수집 완료: 경성콤그룹 (2159 chars)
2025-08-16 22:46:52,539 - INFO - 진행률: 16/30 - 유효 문서: 14
2025-08-16 22:46:53,319 - WARNING - 내용이 너무 짧음: 고려공산청년회 (152 chars)
2025-08-16 22:46:53,661 - INFO - 수집 완료: 고려혁명군 (411 chars)
2025-08-16 22:46:53,661 - INFO - 진행률: 18/30 - 유효 문서: 15
2025-08-16 22:46:54,362 - INFO - 수집 완료: 고마령 전투 (992 chars)
2025-08-16 22:46:54,362 - INFO - 진행률: 19/30 - 유효 문서: 16
2025-08-16 22:46:54,708 - INFO - 수집 완료: 공립협회 (535 chars)
2025-08-16 22:46:54,708 - INFO - 진행률: 20/30 - 유효 문서: 17
2025-08-16 22:46:54,789 - INFO - 수집 완료: 광복절 (1472 chars)
2025-08-16 22:46:54,789 - INFO - 진행률: 21/30 - 유효 문서: 18
2025-08-16 22:46:55,815 - INFO - 수집 완료: 광주 학생 항일 운동 (6319 chars)
2025-08-16 22:46:55,815 - INFO - 진행률: 22/30 - 유효 문서: 19
2025-08-16 22:46:56,005 - INFO - 수집 완료: 광복회 (1022 chars)
2025-08-16 22:46:56,005 - INFO - 진행률: 23/30 - 유효 문서: 20
2025-08-16 22:46:56,174 - INFO - 수집 완료: 구포 만세운동 (556 chars)
2025-08-16 22:46:56,174 - INFO - 진행률: 24/30 - 유효 문서: 21
2025-08-16 22:46:57,122 - INFO - 수집 완료: 국민대표회의 (3608 chars)
2025-08-16 22:46:57,122 - INFO - 진행률: 25/30 - 유효 문서: 22
2025-08-16 22:46:57,537 - INFO - 수집 완료: 국민부 (2945 chars)
2025-08-16 22:46:57,537 - INFO - 진행률: 26/30 - 유효 문서: 23
2025-08-16 22:46:57,597 - INFO - 수집 완료: 국민군단 (236 chars)
2025-08-16 22:46:57,597 - INFO - 진행률: 27/30 - 유효 문서: 24
2025-08-16 22:46:58,239 - INFO - 수집 완료: 국제공산당 자금사건 (5021 chars)
2025-08-16 22:46:58,239 - INFO - 진행률: 28/30 - 유효 문서: 25
2025-08-16 22:46:58,983 - INFO - 수집 완료: 국채보상운동 (2483 chars)
2025-08-16 22:46:58,983 - INFO - 진행률: 29/30 - 유효 문서: 26
2025-08-16 22:46:59,393 - INFO - 수집 완료: 극동인민대표회의 (1358 chars)
2025-08-16 22:46:59,393 - INFO - 진행률: 30/30 - 유효 문서: 27
2025-08-16 22:46:59,395 - INFO - 데이터 저장 완료: data/history_independence_movement.jsonl (27 문서)
2025-08-16 22:46:59,542 - INFO - 커스텀 소스로 데이터 수집 시작: category = 수학
2025-08-16 22:46:59,542 - INFO - 카테고리에서 링크 수집 중: 수학
2025-08-16 22:47:00,430 - INFO - 카테고리에서 6개 링크 발견
2025-08-16 22:47:02,041 - INFO - 수집 완료: 귀류법 (717 chars)
2025-08-16 22:47:02,042 - INFO - 진행률: 1/6 - 유효 문서: 1
2025-08-16 22:47:02,368 - INFO - 수집 완료: 라요 수 (832 chars)
2025-08-16 22:47:02,368 - INFO - 진행률: 2/6 - 유효 문서: 2
2025-08-16 22:47:03,860 - INFO - 수집 완료: 수학 (5150 chars)
2025-08-16 22:47:03,871 - INFO - 진행률: 3/6 - 유효 문서: 3
2025-08-16 22:47:03,876 - INFO - 수집 완료: 멱평균 (595 chars)
2025-08-16 22:47:03,876 - INFO - 진행률: 4/6 - 유효 문서: 4
2025-08-16 22:47:04,172 - INFO - 수집 완료: 산학 (657 chars)
2025-08-16 22:47:04,173 - INFO - 진행률: 5/6 - 유효 문서: 5
2025-08-16 22:47:05,899 - INFO - 수집 완료: 조화 평균 (326 chars)
2025-08-16 22:47:05,899 - INFO - 진행률: 6/6 - 유효 문서: 6
2025-08-16 22:47:05,900 - INFO - 데이터 저장 완료: data/science_mathematics.jsonl (6 문서)
2025-08-16 22:47:06,042 - INFO - 커스텀 소스로 데이터 수집 시작: category = 천문학
2025-08-16 22:47:06,042 - INFO - 카테고리에서 링크 수집 중: 천문학
2025-08-16 22:47:06,943 - INFO - 카테고리에서 15개 링크 발견
2025-08-16 22:47:08,690 - WARNING - 내용이 너무 짧음: 근접 (천문학) (0 chars)
2025-08-16 22:47:09,096 - INFO - 수집 완료: 천문학 (16672 chars)
2025-08-16 22:47:09,096 - INFO - 진행률: 2/15 - 유효 문서: 1
2025-08-16 22:47:09,313 - INFO - 수집 완료: 다중 신호 천문학 (259 chars)
2025-08-16 22:47:09,313 - INFO - 진행률: 3/15 - 유효 문서: 2
2025-08-16 22:47:10,473 - INFO - 수집 완료: 떠돌이 항성 (386 chars)
2025-08-16 22:47:10,474 - INFO - 진행률: 4/15 - 유효 문서: 3
2025-08-16 22:47:10,509 - INFO - 수집 완료: 바빌로니아 천문학 (4499 chars)
2025-08-16 22:47:10,509 - INFO - 진행률: 5/15 - 유효 문서: 4
2025-08-16 22:47:11,138 - WARNING - 내용이 너무 짧음: 박모 (104 chars)
2025-08-16 22:47:11,891 - INFO - 수집 완료: 밤하늘 보호구역 (412 chars)
2025-08-16 22:47:11,892 - INFO - 진행률: 7/15 - 유효 문서: 5
2025-08-16 22:47:12,772 - INFO - 수집 완료: 별자리 (2672 chars)
2025-08-16 22:47:12,773 - INFO - 진행률: 8/15 - 유효 문서: 6
2025-08-16 22:47:13,052 - INFO - 수집 완료: 세계 우주 주간 (263 chars)
2025-08-16 22:47:13,052 - INFO - 진행률: 9/15 - 유효 문서: 7
2025-08-16 22:47:13,291 - INFO - 수집 완료: 손자위성 (488 chars)
2025-08-16 22:47:13,291 - INFO - 진행률: 10/15 - 유효 문서: 8
2025-08-16 22:47:14,094 - INFO - 수집 완료: 슈퍼 해왕성 (549 chars)
2025-08-16 22:47:14,094 - INFO - 진행률: 11/15 - 유효 문서: 9
2025-08-16 22:47:14,383 - INFO - 수집 완료: 이론천체물리학 (482 chars)
2025-08-16 22:47:14,383 - INFO - 진행률: 12/15 - 유효 문서: 10
2025-08-16 22:47:14,462 - INFO - 수집 완료: 외계문명 (223 chars)
2025-08-16 22:47:14,462 - INFO - 진행률: 13/15 - 유효 문서: 11
2025-08-16 22:47:15,950 - INFO - 수집 완료: 전파망원경 (5552 chars)
2025-08-16 22:47:15,950 - INFO - 진행률: 14/15 - 유효 문서: 12
2025-08-16 22:47:16,156 - INFO - 수집 완료: 출차 (1157 chars)
2025-08-16 22:47:16,157 - INFO - 진행률: 15/15 - 유효 문서: 13
2025-08-16 22:47:16,157 - INFO - 데이터 저장 완료: data/science_astronomy.jsonl (13 문서)
2025-08-16 22:47:16,309 - INFO - 커스텀 소스로 데이터 수집 시작: category = 유전학
2025-08-16 22:47:16,309 - INFO - 카테고리에서 링크 수집 중: 유전학
2025-08-16 22:47:17,539 - INFO - 카테고리에서 77개 링크 발견
2025-08-16 22:47:18,762 - INFO - 수집 완료: 유전학 (11595 chars)
2025-08-16 22:47:18,762 - INFO - 진행률: 1/25 - 유효 문서: 1
2025-08-16 22:47:19,324 - INFO - 수집 완료: DNA 지문 (207 chars)
2025-08-16 22:47:19,324 - INFO - 진행률: 2/25 - 유효 문서: 2
2025-08-16 22:47:19,345 - INFO - 수집 완료: LAMP법 (581 chars)
2025-08-16 22:47:19,346 - INFO - 진행률: 3/25 - 유효 문서: 3
2025-08-16 22:47:19,906 - INFO - 수집 완료: NMDA 수용체 (2309 chars)
2025-08-16 22:47:19,906 - INFO - 진행률: 4/25 - 유효 문서: 4
2025-08-16 22:47:20,521 - INFO - 수집 완료: RNA 중합효소 (5244 chars)
2025-08-16 22:47:20,521 - INFO - 진행률: 5/25 - 유효 문서: 5
2025-08-16 22:47:21,277 - INFO - 수집 완료: X-불활성화 (9157 chars)
2025-08-16 22:47:21,277 - INFO - 진행률: 6/25 - 유효 문서: 6
2025-08-16 22:47:21,314 - WARNING - 내용이 너무 짧음: 검정교배 (152 chars)
2025-08-16 22:47:22,153 - INFO - 수집 완료: 격세유전 (331 chars)
2025-08-16 22:47:22,153 - INFO - 진행률: 8/25 - 유효 문서: 7
2025-08-16 22:47:22,635 - INFO - 수집 완료: 결합 쌍둥이 (394 chars)
2025-08-16 22:47:22,636 - INFO - 진행률: 9/25 - 유효 문서: 8
2025-08-16 22:47:23,293 - INFO - 수집 완료: 고유전학 (2341 chars)
2025-08-16 22:47:23,293 - INFO - 진행률: 10/25 - 유효 문서: 9
2025-08-16 22:47:23,707 - WARNING - 내용이 너무 짧음: 고양이 털 유전학 (194 chars)
2025-08-16 22:47:23,758 - INFO - 수집 완료: 교정 (생물학) (1867 chars)
2025-08-16 22:47:23,758 - INFO - 진행률: 12/25 - 유효 문서: 10
2025-08-16 22:47:24,920 - WARNING - 내용이 너무 짧음: 근친교배 (180 chars)
2025-08-16 22:47:25,142 - INFO - 수집 완료: 다중체 (211 chars)
2025-08-16 22:47:25,143 - INFO - 진행률: 14/25 - 유효 문서: 11
2025-08-16 22:47:25,154 - INFO - 수집 완료: 단순 염기서열 길이 다형성 (703 chars)
2025-08-16 22:47:25,154 - INFO - 진행률: 15/25 - 유효 문서: 12
2025-08-16 22:47:26,295 - INFO - 수집 완료: 멘델의 유전법칙 (2344 chars)
2025-08-16 22:47:26,295 - INFO - 진행률: 16/25 - 유효 문서: 13
2025-08-16 22:47:26,732 - INFO - 수집 완료: 단친 이염색체성 (272 chars)
2025-08-16 22:47:26,732 - INFO - 진행률: 17/25 - 유효 문서: 14
2025-08-16 22:47:26,946 - INFO - 수집 완료: 대한의학유전학회 (390 chars)
2025-08-16 22:47:26,947 - INFO - 진행률: 18/25 - 유효 문서: 15
2025-08-16 22:47:28,063 - INFO - 수집 완료: 모계 영향 유전 (235 chars)
2025-08-16 22:47:28,064 - INFO - 진행률: 19/25 - 유효 문서: 16
2025-08-16 22:47:28,604 - INFO - 수집 완료: 밈학 (1837 chars)
2025-08-16 22:47:28,604 - INFO - 진행률: 20/25 - 유효 문서: 17
2025-08-16 22:47:28,894 - WARNING - 내용이 너무 짧음: 모바일롬 (167 chars)
2025-08-16 22:47:29,830 - INFO - 수집 완료: 바소체 (1086 chars)
2025-08-16 22:47:29,831 - INFO - 진행률: 22/25 - 유효 문서: 18
2025-08-16 22:47:30,403 - INFO - 수집 완료: 반성 유전 (863 chars)
2025-08-16 22:47:30,403 - INFO - 진행률: 23/25 - 유효 문서: 19
2025-08-16 22:47:30,671 - INFO - 수집 완료: 밸런서 염색체 (484 chars)
2025-08-16 22:47:30,671 - INFO - 진행률: 24/25 - 유효 문서: 20
2025-08-16 22:47:31,226 - WARNING - 내용이 너무 짧음: 보인자 (191 chars)
2025-08-16 22:47:31,227 - INFO - 데이터 저장 완료: data/science_genetics.jsonl (20 문서)
2025-08-16 22:47:31,367 - INFO - 커스텀 소스로 데이터 수집 시작: category = 뇌과학
2025-08-16 22:47:31,367 - INFO - 카테고리에서 링크 수집 중: 뇌과학
2025-08-16 22:47:31,922 - INFO - 카테고리에서 17개 링크 발견
2025-08-16 22:47:33,234 - INFO - 수집 완료: 공감 (589 chars)
2025-08-16 22:47:33,234 - INFO - 진행률: 1/17 - 유효 문서: 1
2025-08-16 22:47:33,572 - INFO - 수집 완료: 거울 신경 세포 (3206 chars)
2025-08-16 22:47:33,572 - INFO - 진행률: 2/17 - 유효 문서: 2
2025-08-16 22:47:33,892 - WARNING - 내용이 너무 짧음: 뇌과학 (158 chars)
2025-08-16 22:47:35,153 - INFO - 수집 완료: 대뇌 피질 (4503 chars)
2025-08-16 22:47:35,154 - INFO - 진행률: 4/17 - 유효 문서: 3
2025-08-16 22:47:35,394 - INFO - 수집 완료: 두정엽 (327 chars)
2025-08-16 22:47:35,394 - INFO - 진행률: 5/17 - 유효 문서: 4
2025-08-16 22:47:36,325 - INFO - 수집 완료: 맹점 (764 chars)
2025-08-16 22:47:36,326 - INFO - 진행률: 6/17 - 유효 문서: 5
2025-08-16 22:47:36,742 - INFO - 수집 완료: 변연계 (4976 chars)
2025-08-16 22:47:36,743 - INFO - 진행률: 7/17 - 유효 문서: 6
2025-08-16 22:47:36,954 - INFO - 수집 완료: 베르니케 영역 (1337 chars)
2025-08-16 22:47:36,954 - INFO - 진행률: 8/17 - 유효 문서: 7
2025-08-16 22:47:37,742 - INFO - 수집 완료: 브로카 영역 (1929 chars)
2025-08-16 22:47:37,742 - INFO - 진행률: 9/17 - 유효 문서: 8
2025-08-16 22:47:38,077 - INFO - 수집 완료: 신경 세포 (2592 chars)
2025-08-16 22:47:38,077 - INFO - 진행률: 10/17 - 유효 문서: 9
2025-08-16 22:47:38,582 - INFO - 수집 완료: 시냅스 (686 chars)
2025-08-16 22:47:38,583 - INFO - 진행률: 11/17 - 유효 문서: 10
2025-08-16 22:47:39,352 - INFO - 수집 완료: 자기참조효과와 생성효과 (1079 chars)
2025-08-16 22:47:39,353 - INFO - 진행률: 12/17 - 유효 문서: 11
2025-08-16 22:47:40,062 - INFO - 수집 완료: 전두엽 (371 chars)
2025-08-16 22:47:40,062 - INFO - 진행률: 13/17 - 유효 문서: 12
2025-08-16 22:47:40,199 - INFO - 수집 완료: 절대 음감 (1670 chars)
2025-08-16 22:47:40,199 - INFO - 진행률: 14/17 - 유효 문서: 13
2025-08-16 22:47:40,487 - INFO - 수집 완료: 측두엽 (664 chars)
2025-08-16 22:47:40,487 - INFO - 진행률: 15/17 - 유효 문서: 14
2025-08-16 22:47:41,705 - INFO - 수집 완료: 해마체 (1458 chars)
2025-08-16 22:47:41,705 - INFO - 진행률: 16/17 - 유효 문서: 15
2025-08-16 22:47:41,814 - INFO - 수집 완료: 후두엽 (1124 chars)
2025-08-16 22:47:41,814 - INFO - 진행률: 17/17 - 유효 문서: 16
2025-08-16 22:47:41,815 - INFO - 데이터 저장 완료: data/science_neuroscience.jsonl (16 문서)
2025-08-16 22:47:41,957 - INFO - 커스텀 소스로 데이터 수집 시작: category = 로봇공학
2025-08-16 22:47:41,957 - INFO - 카테고리에서 링크 수집 중: 로봇공학
2025-08-16 22:47:43,162 - INFO - 카테고리에서 39개 링크 발견
2025-08-16 22:47:45,044 - INFO - 수집 완료: 로봇공학 (4463 chars)
2025-08-16 22:47:45,044 - INFO - 진행률: 1/25 - 유효 문서: 1
2025-08-16 22:47:45,088 - INFO - 수집 완료: DAL-e (289 chars)
2025-08-16 22:47:45,088 - INFO - 진행률: 2/25 - 유효 문서: 2
2025-08-16 22:47:45,210 - INFO - 수집 완료: H2D2 (270 chars)
2025-08-16 22:47:45,210 - INFO - 진행률: 3/25 - 유효 문서: 3
2025-08-16 22:47:46,451 - INFO - 수집 완료: 가사지원 로봇 (1192 chars)
2025-08-16 22:47:46,451 - INFO - 진행률: 4/25 - 유효 문서: 4
2025-08-16 22:47:47,083 - INFO - 수집 완료: 교육용 로봇 (287 chars)
2025-08-16 22:47:47,084 - INFO - 진행률: 5/25 - 유효 문서: 5
2025-08-16 22:47:47,233 - INFO - 수집 완료: 군사용 로봇 (9673 chars)
2025-08-16 22:47:47,234 - INFO - 진행률: 6/25 - 유효 문서: 6
2025-08-16 22:47:48,437 - INFO - 수집 완료: 기계요소 (312 chars)
2025-08-16 22:47:48,438 - INFO - 진행률: 7/25 - 유효 문서: 7
2025-08-16 22:47:48,680 - INFO - 수집 완료: 동력형 외골격 (414 chars)
2025-08-16 22:47:48,680 - INFO - 진행률: 8/25 - 유효 문서: 8
2025-08-16 22:47:48,865 - INFO - 수집 완료: 뉴로 (417 chars)
2025-08-16 22:47:48,865 - INFO - 진행률: 9/25 - 유효 문서: 9
2025-08-16 22:47:50,050 - INFO - 수집 완료: 로봇 (4133 chars)
2025-08-16 22:47:50,050 - INFO - 진행률: 10/25 - 유효 문서: 10
2025-08-16 22:47:50,247 - INFO - 수집 완료: 로보택시 (989 chars)
2025-08-16 22:47:50,247 - INFO - 진행률: 11/25 - 유효 문서: 11
2025-08-16 22:47:50,280 - INFO - 수집 완료: 로봇 윤리 (2132 chars)
2025-08-16 22:47:50,280 - INFO - 진행률: 12/25 - 유효 문서: 12
2025-08-16 22:47:51,368 - WARNING - 내용이 너무 짧음: 로봇축구 (184 chars)
2025-08-16 22:47:51,657 - INFO - 수집 완료: 로봇랜드 (294 chars)
2025-08-16 22:47:51,657 - INFO - 진행률: 14/25 - 유효 문서: 13
2025-08-16 22:47:52,067 - INFO - 수집 완료: 로봇신문 (508 chars)
2025-08-16 22:47:52,068 - INFO - 진행률: 15/25 - 유효 문서: 14
2025-08-16 22:47:52,708 - WARNING - 내용이 너무 짧음: 매니퓰레이터 (124 chars)
2025-08-16 22:47:53,111 - INFO - 수집 완료: 바이오로보틱스 (368 chars)
2025-08-16 22:47:53,111 - INFO - 진행률: 17/25 - 유효 문서: 15
2025-08-16 22:47:53,209 - INFO - 수집 완료: 불쾌한 골짜기 (1957 chars)
2025-08-16 22:47:53,209 - INFO - 진행률: 18/25 - 유효 문서: 16
2025-08-16 22:47:54,552 - INFO - 수집 완료: 사이보그 (3471 chars)
2025-08-16 22:47:54,552 - INFO - 진행률: 19/25 - 유효 문서: 17
2025-08-16 22:47:54,825 - INFO - 수집 완료: 소프트 로보틱스 (256 chars)
2025-08-16 22:47:54,826 - INFO - 진행률: 20/25 - 유효 문서: 18
2025-08-16 22:47:55,386 - WARNING - 내용이 너무 짧음: 서울로봇고등학교 (72 chars)
2025-08-16 22:47:56,592 - INFO - 수집 완료: 신경로봇공학 (4026 chars)
2025-08-16 22:47:56,592 - INFO - 진행률: 22/25 - 유효 문서: 19
2025-08-16 22:47:57,585 - INFO - 수집 완료: 아메카 (로봇) (761 chars)
2025-08-16 22:47:57,585 - INFO - 진행률: 23/25 - 유효 문서: 20
2025-08-16 22:47:57,674 - INFO - 수집 완료: 애니매트로닉스 (4298 chars)
2025-08-16 22:47:57,675 - INFO - 진행률: 24/25 - 유효 문서: 21
2025-08-16 22:47:57,691 - WARNING - 내용이 너무 짧음: 액추에이터 (187 chars)
2025-08-16 22:47:57,692 - INFO - 데이터 저장 완료: data/tech_robotics.jsonl (21 문서)
2025-08-16 22:47:57,831 - INFO - 커스텀 소스로 데이터 수집 시작: category = 소프트웨어_공학
2025-08-16 22:47:57,832 - INFO - 카테고리에서 링크 수집 중: 소프트웨어_공학
2025-08-16 22:47:58,660 - INFO - 카테고리에서 44개 링크 발견
2025-08-16 22:48:00,130 - INFO - 수집 완료: 소프트웨어 공학 (2317 chars)
2025-08-16 22:48:00,130 - INFO - 진행률: 1/25 - 유효 문서: 1
2025-08-16 22:48:00,204 - INFO - 수집 완료: RITE 기법 (411 chars)
2025-08-16 22:48:00,204 - INFO - 진행률: 2/25 - 유효 문서: 2
2025-08-16 22:48:00,647 - INFO - 수집 완료: CVS (2764 chars)
2025-08-16 22:48:00,647 - INFO - 진행률: 3/25 - 유효 문서: 3
2025-08-16 22:48:01,575 - INFO - 수집 완료: V 모델 (3083 chars)
2025-08-16 22:48:01,575 - INFO - 진행률: 4/25 - 유효 문서: 4
2025-08-16 22:48:01,805 - INFO - 수집 완료: Write once, run anywhere (451 chars)
2025-08-16 22:48:01,805 - INFO - 진행률: 5/25 - 유효 문서: 5
2025-08-16 22:48:02,264 - INFO - 수집 완료: 고속 응용 프로그램 개발 (1588 chars)
2025-08-16 22:48:02,264 - INFO - 진행률: 6/25 - 유효 문서: 6
2025-08-16 22:48:02,962 - INFO - 수집 완료: 관심사 (컴퓨터 과학) (704 chars)
2025-08-16 22:48:02,962 - INFO - 진행률: 7/25 - 유효 문서: 7
2025-08-16 22:48:03,601 - INFO - 수집 완료: 구성 관리 (630 chars)
2025-08-16 22:48:03,601 - INFO - 진행률: 8/25 - 유효 문서: 8
2025-08-16 22:48:03,631 - INFO - 수집 완료: 능력 성숙도 통합 모델 (4393 chars)
2025-08-16 22:48:03,631 - INFO - 진행률: 9/25 - 유효 문서: 9
2025-08-16 22:48:04,591 - INFO - 수집 완료: 다층 구조 (1066 chars)
2025-08-16 22:48:04,592 - INFO - 진행률: 10/25 - 유효 문서: 10
2025-08-16 22:48:05,192 - INFO - 수집 완료: 래셔널 통합 프로세스 (856 chars)
2025-08-16 22:48:05,192 - INFO - 진행률: 11/25 - 유효 문서: 11
2025-08-16 22:48:05,450 - INFO - 수집 완료: 메모리 보안 (338 chars)
2025-08-16 22:48:05,450 - INFO - 진행률: 12/25 - 유효 문서: 12
2025-08-16 22:48:05,996 - INFO - 수집 완료: 명세 언어 (300 chars)
2025-08-16 22:48:05,996 - INFO - 진행률: 13/25 - 유효 문서: 13
2025-08-16 22:48:07,007 - INFO - 수집 완료: 문학적 프로그래밍 (1188 chars)
2025-08-16 22:48:07,007 - INFO - 진행률: 14/25 - 유효 문서: 14
2025-08-16 22:48:07,354 - INFO - 수집 완료: 분산 컴퓨팅 (1369 chars)
2025-08-16 22:48:07,354 - INFO - 진행률: 15/25 - 유효 문서: 15
2025-08-16 22:48:07,433 - INFO - 수집 완료: 버전 관리 (1255 chars)
2025-08-16 22:48:07,433 - INFO - 진행률: 16/25 - 유효 문서: 16
2025-08-16 22:48:08,647 - INFO - 수집 완료: 뷰 모델 (9134 chars)
2025-08-16 22:48:08,647 - INFO - 진행률: 17/25 - 유효 문서: 17
2025-08-16 22:48:09,026 - INFO - 수집 완료: 사이트 신뢰성 공학 (549 chars)
2025-08-16 22:48:09,026 - INFO - 진행률: 18/25 - 유효 문서: 18
2025-08-16 22:48:09,153 - INFO - 수집 완료: 브룩스의 법칙 (981 chars)
2025-08-16 22:48:09,153 - INFO - 진행률: 19/25 - 유효 문서: 19
2025-08-16 22:48:10,043 - INFO - 수집 완료: 상위 호환성 (802 chars)
2025-08-16 22:48:10,043 - INFO - 진행률: 20/25 - 유효 문서: 20
2025-08-16 22:48:11,110 - INFO - 수집 완료: 서드 파티 개발자 (1099 chars)
2025-08-16 22:48:11,111 - INFO - 진행률: 21/25 - 유효 문서: 21
2025-08-16 22:48:11,449 - INFO - 수집 완료: 소프트웨어 개발 방법론 (214 chars)
2025-08-16 22:48:11,449 - INFO - 진행률: 22/25 - 유효 문서: 22
2025-08-16 22:48:11,599 - INFO - 수집 완료: 소프트웨어 개발 (331 chars)
2025-08-16 22:48:11,599 - INFO - 진행률: 23/25 - 유효 문서: 23
2025-08-16 22:48:12,566 - WARNING - 내용이 너무 짧음: 소프트웨어 개발 프로세스 (184 chars)
2025-08-16 22:48:12,706 - INFO - 수집 완료: 소프트웨어 개발 수명 주기 (1046 chars)
2025-08-16 22:48:12,706 - INFO - 진행률: 25/25 - 유효 문서: 24
2025-08-16 22:48:12,708 - INFO - 데이터 저장 완료: data/tech_software_engineering.jsonl (24 문서)
2025-08-16 22:48:12,852 - INFO - 커스텀 소스로 데이터 수집 시작: category = 정보_이론
2025-08-16 22:48:12,852 - INFO - 카테고리에서 링크 수집 중: 정보_이론
2025-08-16 22:48:13,829 - INFO - 카테고리에서 46개 링크 발견
2025-08-16 22:48:15,208 - INFO - 수집 완료: 정보 이론 (1053 chars)
2025-08-16 22:48:15,208 - INFO - 진행률: 1/25 - 유효 문서: 1
2025-08-16 22:48:15,771 - INFO - 수집 완료: K-T 추정량 (316 chars)
2025-08-16 22:48:15,771 - INFO - 진행률: 2/25 - 유효 문서: 2
2025-08-16 22:48:15,817 - INFO - 수집 완료: MIMO (2659 chars)
2025-08-16 22:48:15,817 - INFO - 진행률: 3/25 - 유효 문서: 3
2025-08-16 22:48:17,011 - INFO - 수집 완료: MU-MIMO (1464 chars)
2025-08-16 22:48:17,011 - INFO - 진행률: 4/25 - 유효 문서: 4
2025-08-16 22:48:17,606 - INFO - 수집 완료: 간섭 제거 빔포밍 (742 chars)
2025-08-16 22:48:17,611 - INFO - 진행률: 5/25 - 유효 문서: 5
2025-08-16 22:48:17,630 - INFO - 수집 완료: PU2RC (793 chars)
2025-08-16 22:48:17,630 - INFO - 진행률: 6/25 - 유효 문서: 6
2025-08-16 22:48:18,838 - INFO - 수집 완료: 난수 발생기 (235 chars)
2025-08-16 22:48:18,839 - INFO - 진행률: 7/25 - 유효 문서: 7
2025-08-16 22:48:19,398 - INFO - 수집 완료: 네트워크 성능 (719 chars)
2025-08-16 22:48:19,399 - INFO - 진행률: 8/25 - 유효 문서: 8
2025-08-16 22:48:19,530 - INFO - 수집 완료: 다운링크 빔포밍 (9744 chars)
2025-08-16 22:48:19,530 - INFO - 진행률: 9/25 - 유효 문서: 9
2025-08-16 22:48:20,862 - INFO - 수집 완료: 대역폭 (컴퓨팅) (2642 chars)
2025-08-16 22:48:20,862 - INFO - 진행률: 10/25 - 유효 문서: 10
2025-08-16 22:48:21,031 - WARNING - 내용이 너무 짧음: 란다우어의 원리 (119 chars)
2025-08-16 22:48:21,996 - INFO - 수집 완료: 레니 엔트로피 (361 chars)
2025-08-16 22:48:21,997 - INFO - 진행률: 12/25 - 유효 문서: 11
2025-08-16 22:48:22,393 - INFO - 수집 완료: 복호화 (334 chars)
2025-08-16 22:48:22,393 - INFO - 진행률: 13/25 - 유효 문서: 12
2025-08-16 22:48:22,530 - INFO - 수집 완료: 메칼프의 법칙 (632 chars)
2025-08-16 22:48:22,530 - INFO - 진행률: 14/25 - 유효 문서: 13
2025-08-16 22:48:23,780 - INFO - 수집 완료: 부호율 (540 chars)
2025-08-16 22:48:23,781 - INFO - 진행률: 15/25 - 유효 문서: 14
2025-08-16 22:48:23,821 - INFO - 수집 완료: 부호율-변형 이론 (713 chars)
2025-08-16 22:48:23,821 - INFO - 진행률: 16/25 - 유효 문서: 15
2025-08-16 22:48:25,645 - INFO - 수집 완료: 상호정보 (631 chars)
2025-08-16 22:48:25,650 - INFO - 진행률: 17/25 - 유효 문서: 16
2025-08-16 22:48:25,673 - INFO - 수집 완료: 섀넌 (단위) (510 chars)
2025-08-16 22:48:25,691 - INFO - 수집 완료: 브라-켓 표기법 (8009 chars)
2025-08-16 22:48:25,691 - INFO - 진행률: 18/25 - 유효 문서: 17
2025-08-16 22:48:25,691 - INFO - 진행률: 19/25 - 유효 문서: 18
2025-08-16 22:48:27,454 - INFO - 수집 완료: 선입 선출 (557 chars)
2025-08-16 22:48:27,455 - INFO - 진행률: 20/25 - 유효 문서: 19
2025-08-16 22:48:27,664 - INFO - 수집 완료: 알고리즘 정보 이론 (1015 chars)
2025-08-16 22:48:27,665 - INFO - 진행률: 21/25 - 유효 문서: 20
2025-08-16 22:48:27,877 - INFO - 수집 완료: 알고리즘 난수열 (430 chars)
2025-08-16 22:48:27,877 - INFO - 진행률: 22/25 - 유효 문서: 21
2025-08-16 22:48:29,118 - INFO - 수집 완료: 양자 컴퓨터 (5716 chars)
2025-08-16 22:48:29,118 - INFO - 진행률: 23/25 - 유효 문서: 22
2025-08-16 22:48:29,270 - INFO - 수집 완료: 압축 감지 (359 chars)
2025-08-16 22:48:29,271 - INFO - 진행률: 24/25 - 유효 문서: 23
2025-08-16 22:48:29,658 - WARNING - 내용이 너무 짧음: 언더샘플링 (71 chars)
2025-08-16 22:48:29,659 - INFO - 데이터 저장 완료: data/tech_information_theory.jsonl (23 문서)
2025-08-16 22:48:29,805 - INFO - 커스텀 소스로 데이터 수집 시작: category = 암호학
2025-08-16 22:48:29,805 - INFO - 카테고리에서 링크 수집 중: 암호학
2025-08-16 22:48:31,072 - INFO - 카테고리에서 72개 링크 발견
2025-08-16 22:48:32,409 - INFO - 수집 완료: 암호학 (4974 chars)
2025-08-16 22:48:32,410 - INFO - 진행률: 1/25 - 유효 문서: 1
2025-08-16 22:48:32,700 - INFO - 수집 완료: 비밀구절 (277 chars)
2025-08-16 22:48:32,700 - INFO - 진행률: 2/25 - 유효 문서: 2
2025-08-16 22:48:33,244 - INFO - 수집 완료: bcrypt (381 chars)
2025-08-16 22:48:33,244 - INFO - 진행률: 3/25 - 유효 문서: 3
2025-08-16 22:48:34,521 - INFO - 수집 완료: HEAAN (217 chars)
2025-08-16 22:48:34,523 - INFO - 수집 완료: ECHC 암호 스키마 (7217 chars)
2025-08-16 22:48:34,523 - INFO - 진행률: 4/25 - 유효 문서: 4
2025-08-16 22:48:34,523 - INFO - 진행률: 5/25 - 유효 문서: 5
2025-08-16 22:48:35,623 - INFO - 수집 완료: HTTP 스트릭트 트랜스포트 시큐리티 (802 chars)
2025-08-16 22:48:35,624 - INFO - 진행률: 6/25 - 유효 문서: 6
2025-08-16 22:48:35,640 - INFO - 수집 완료: OAEP (691 chars)
2025-08-16 22:48:35,640 - INFO - 진행률: 7/25 - 유효 문서: 7
2025-08-16 22:48:35,935 - INFO - 수집 완료: NIPRNet (350 chars)
2025-08-16 22:48:35,935 - INFO - 진행률: 8/25 - 유효 문서: 8
2025-08-16 22:48:37,142 - INFO - 수집 완료: P-NP 문제 (2512 chars)
2025-08-16 22:48:37,142 - INFO - 진행률: 9/25 - 유효 문서: 9
2025-08-16 22:48:37,160 - INFO - 수집 완료: POODLE (454 chars)
2025-08-16 22:48:37,162 - INFO - 수집 완료: RSA 암호 (6383 chars)
2025-08-16 22:48:37,162 - INFO - 진행률: 10/25 - 유효 문서: 10
2025-08-16 22:48:37,163 - INFO - 진행률: 11/25 - 유효 문서: 11
2025-08-16 22:48:38,768 - INFO - 수집 완료: 난수 (1749 chars)
2025-08-16 22:48:38,768 - INFO - 진행률: 12/25 - 유효 문서: 12
2025-08-16 22:48:38,974 - INFO - 수집 완료: S/MIME (620 chars)
2025-08-16 22:48:38,974 - INFO - 진행률: 13/25 - 유효 문서: 13
2025-08-16 22:48:38,992 - INFO - 수집 완료: 국제 데이터 암호화 알고리즘 (684 chars)
2025-08-16 22:48:38,993 - INFO - 진행률: 14/25 - 유효 문서: 14
2025-08-16 22:48:40,198 - WARNING - 내용이 너무 짧음: 다이제스트 (암호학) (196 chars)
2025-08-16 22:48:40,768 - INFO - 수집 완료: 도깨비 문자 (429 chars)
2025-08-16 22:48:40,768 - INFO - 진행률: 16/25 - 유효 문서: 15
2025-08-16 22:48:40,969 - INFO - 수집 완료: 단대단 암호화 (667 chars)
2025-08-16 22:48:40,969 - INFO - 진행률: 17/25 - 유효 문서: 16
2025-08-16 22:48:41,629 - INFO - 수집 완료: 동형암호 (4395 chars)
2025-08-16 22:48:41,629 - INFO - 진행률: 18/25 - 유효 문서: 17
2025-08-16 22:48:42,593 - INFO - 수집 완료: 라빈 암호체계 (563 chars)
2025-08-16 22:48:42,593 - INFO - 진행률: 19/25 - 유효 문서: 18
2025-08-16 22:48:42,766 - INFO - 수집 완료: 마이크로소프트 보안 개발 수명 주기 (501 chars)
2025-08-16 22:48:42,766 - INFO - 진행률: 20/25 - 유효 문서: 19
2025-08-16 22:48:43,843 - INFO - 수집 완료: 무차별 대입 공격 (2260 chars)
2025-08-16 22:48:43,843 - INFO - 진행률: 21/25 - 유효 문서: 20
2025-08-16 22:48:44,361 - INFO - 수집 완료: 보안 연관 (755 chars)
2025-08-16 22:48:44,361 - INFO - 진행률: 22/25 - 유효 문서: 21
2025-08-16 22:48:44,403 - INFO - 수집 완료: 백도어 (3268 chars)
2025-08-16 22:48:44,403 - INFO - 진행률: 23/25 - 유효 문서: 22
2025-08-16 22:48:45,165 - INFO - 수집 완료: 봄브 (544 chars)
2025-08-16 22:48:45,166 - INFO - 진행률: 24/25 - 유효 문서: 23
2025-08-16 22:48:46,345 - INFO - 수집 완료: 비트코인 골드 (967 chars)
2025-08-16 22:48:46,345 - INFO - 진행률: 25/25 - 유효 문서: 24
2025-08-16 22:48:46,346 - INFO - 데이터 저장 완료: data/tech_cryptography.jsonl (24 문서)
2025-08-16 22:48:46,490 - INFO - 커스텀 소스로 데이터 수집 시작: category = 생명공학
2025-08-16 22:48:46,490 - INFO - 카테고리에서 링크 수집 중: 생명공학
2025-08-16 22:48:47,371 - INFO - 카테고리에서 68개 링크 발견
2025-08-16 22:48:48,534 - INFO - 수집 완료: 생명공학기술 (1550 chars)
2025-08-16 22:48:48,534 - INFO - 진행률: 1/25 - 유효 문서: 1
2025-08-16 22:48:49,373 - INFO - 수집 완료: DNA 시퀀싱 (535 chars)
2025-08-16 22:48:49,373 - INFO - 진행률: 2/25 - 유효 문서: 2
2025-08-16 22:48:49,758 - INFO - 수집 완료: CRISPR (2149 chars)
2025-08-16 22:48:49,759 - INFO - 진행률: 3/25 - 유효 문서: 3
2025-08-16 22:48:50,333 - INFO - 수집 완료: DNA 연결효소 (351 chars)
2025-08-16 22:48:50,333 - INFO - 진행률: 4/25 - 유효 문서: 4
2025-08-16 22:48:51,358 - WARNING - 내용이 너무 짧음: Mouse One Portal (183 chars)
2025-08-16 22:48:51,727 - INFO - 수집 완료: TA 클로닝 (1215 chars)
2025-08-16 22:48:51,727 - INFO - 진행률: 6/25 - 유효 문서: 5
2025-08-16 22:48:52,593 - INFO - 수집 완료: RNA (11992 chars)
2025-08-16 22:48:52,593 - INFO - 진행률: 7/25 - 유효 문서: 6
2025-08-16 22:48:52,768 - INFO - 수집 완료: 고정 (생물학) (306 chars)
2025-08-16 22:48:52,768 - INFO - 진행률: 8/25 - 유효 문서: 7
2025-08-16 22:48:54,069 - INFO - 수집 완료: 긴 비번역 RNA (290 chars)
2025-08-16 22:48:54,069 - INFO - 진행률: 9/25 - 유효 문서: 8
2025-08-16 22:48:54,557 - INFO - 수집 완료: 단백질 공학 (578 chars)
2025-08-16 22:48:54,557 - INFO - 진행률: 10/25 - 유효 문서: 9
2025-08-16 22:48:54,785 - WARNING - 내용이 너무 짧음: 다중클론 항체 (138 chars)
2025-08-16 22:48:55,982 - WARNING - 내용이 너무 짧음: 단백질 정제 (141 chars)
2025-08-16 22:48:56,267 - INFO - 수집 완료: 단백질 생산 (515 chars)
2025-08-16 22:48:56,267 - INFO - 진행률: 13/25 - 유효 문서: 10
2025-08-16 22:48:56,989 - INFO - 수집 완료: 단백질-단백질 상호작용 (4258 chars)
2025-08-16 22:48:56,989 - INFO - 진행률: 14/25 - 유효 문서: 11
2025-08-16 22:48:57,081 - INFO - 수집 완료: 단클론 항체 (658 chars)
2025-08-16 22:48:57,081 - INFO - 진행률: 15/25 - 유효 문서: 12
2025-08-16 22:48:58,069 - INFO - 수집 완료: 바이오 컴퓨터 (287 chars)
2025-08-16 22:48:58,069 - INFO - 진행률: 16/25 - 유효 문서: 13
2025-08-16 22:48:58,172 - INFO - 수집 완료: 바이오로보틱스 (368 chars)
2025-08-16 22:48:58,173 - INFO - 진행률: 17/25 - 유효 문서: 14
2025-08-16 22:48:58,398 - INFO - 수집 완료: 바이오경제 (350 chars)
2025-08-16 22:48:58,399 - INFO - 진행률: 18/25 - 유효 문서: 15
2025-08-16 22:48:59,582 - INFO - 수집 완료: 바이오시밀러 (558 chars)
2025-08-16 22:48:59,582 - INFO - 진행률: 19/25 - 유효 문서: 16
2025-08-16 22:49:00,084 - INFO - 수집 완료: 바이오센서 (3165 chars)
2025-08-16 22:49:00,085 - INFO - 진행률: 20/25 - 유효 문서: 17
2025-08-16 22:49:00,191 - INFO - 수집 완료: 바이오칩 (452 chars)
2025-08-16 22:49:00,191 - INFO - 진행률: 21/25 - 유효 문서: 18
2025-08-16 22:49:01,182 - INFO - 수집 완료: 배아복제 (2783 chars)
2025-08-16 22:49:01,182 - INFO - 진행률: 22/25 - 유효 문서: 19
2025-08-16 22:49:02,145 - INFO - 수집 완료: 배아줄기세포 (14646 chars)
2025-08-16 22:49:02,145 - INFO - 진행률: 23/25 - 유효 문서: 20
2025-08-16 22:49:02,195 - INFO - 수집 완료: 배양육 (1389 chars)
2025-08-16 22:49:02,195 - INFO - 진행률: 24/25 - 유효 문서: 21
2025-08-16 22:49:02,764 - INFO - 수집 완료: 배양자궁 (215 chars)
2025-08-16 22:49:02,764 - INFO - 진행률: 25/25 - 유효 문서: 22
2025-08-16 22:49:02,765 - INFO - 데이터 저장 완료: data/tech_biotechnology.jsonl (22 문서)
2025-08-16 22:49:02,908 - INFO - 커스텀 소스로 데이터 수집 시작: category = 나노기술
2025-08-16 22:49:02,908 - INFO - 카테고리에서 링크 수집 중: 나노기술
2025-08-16 22:49:03,695 - INFO - 카테고리에서 26개 링크 발견
2025-08-16 22:49:05,298 - INFO - 수집 완료: DNA 나노기술 (1563 chars)
2025-08-16 22:49:05,298 - INFO - 진행률: 1/25 - 유효 문서: 1
2025-08-16 22:49:06,348 - INFO - 수집 완료: 하인리히 로러 메달 (477 chars)
2025-08-16 22:49:06,348 - INFO - 진행률: 2/25 - 유효 문서: 2
2025-08-16 22:49:06,410 - INFO - 수집 완료: 나노 기술 (1182 chars)
2025-08-16 22:49:06,410 - INFO - 진행률: 3/25 - 유효 문서: 3
2025-08-16 22:49:07,199 - INFO - 수집 완료: 감쇠장 (12055 chars)
2025-08-16 22:49:07,200 - INFO - 진행률: 4/25 - 유효 문서: 4
2025-08-16 22:49:08,141 - INFO - 수집 완료: 구조색 (1000 chars)
2025-08-16 22:49:08,141 - INFO - 진행률: 5/25 - 유효 문서: 5
2025-08-16 22:49:08,220 - INFO - 수집 완료: 그레이 구 (1722 chars)
2025-08-16 22:49:08,220 - INFO - 진행률: 6/25 - 유효 문서: 6
2025-08-16 22:49:08,601 - WARNING - 내용이 너무 짧음: 나노 코팅 섬유 (147 chars)
2025-08-16 22:49:09,539 - INFO - 수집 완료: 나노공학 (250 chars)
2025-08-16 22:49:09,540 - INFO - 진행률: 8/25 - 유효 문서: 7
2025-08-16 22:49:10,024 - INFO - 수집 완료: 나노봇 (530 chars)
2025-08-16 22:49:10,024 - INFO - 진행률: 9/25 - 유효 문서: 8
2025-08-16 22:49:11,028 - INFO - 수집 완료: 나노네트워크 (416 chars)
2025-08-16 22:49:11,028 - INFO - 진행률: 10/25 - 유효 문서: 9
2025-08-16 22:49:11,140 - INFO - 수집 완료: 나노와이어 (337 chars)
2025-08-16 22:49:11,140 - INFO - 진행률: 11/25 - 유효 문서: 10
2025-08-16 22:49:11,834 - INFO - 수집 완료: 나노의학 (921 chars)
2025-08-16 22:49:11,834 - INFO - 진행률: 12/25 - 유효 문서: 11
2025-08-16 22:49:12,637 - INFO - 수집 완료: 나노펑크 (270 chars)
2025-08-16 22:49:12,637 - INFO - 진행률: 13/25 - 유효 문서: 12
2025-08-16 22:49:12,929 - INFO - 수집 완료: 나노프로빙 (359 chars)
2025-08-16 22:49:12,930 - INFO - 진행률: 14/25 - 유효 문서: 13
2025-08-16 22:49:13,455 - WARNING - 내용이 너무 짧음: 마이크로공학 (157 chars)
2025-08-16 22:49:13,748 - INFO - 수집 완료: 바이오 컴퓨터 (287 chars)
2025-08-16 22:49:13,748 - INFO - 진행률: 16/25 - 유효 문서: 14
2025-08-16 22:49:14,759 - INFO - 수집 완료: 분자 자이로스코프 (815 chars)
2025-08-16 22:49:14,760 - INFO - 진행률: 17/25 - 유효 문서: 15
2025-08-16 22:49:14,852 - INFO - 수집 완료: 브라운 래칫 (2397 chars)
2025-08-16 22:49:14,853 - INFO - 진행률: 18/25 - 유효 문서: 16
2025-08-16 22:49:15,362 - WARNING - 내용이 너무 짧음: 소년과 원자 (176 chars)
2025-08-16 22:49:15,949 - WARNING - 내용이 너무 짧음: 연잎 효과 (191 chars)
2025-08-16 22:49:16,559 - INFO - 수집 완료: 액침 노광 (464 chars)
2025-08-16 22:49:16,559 - INFO - 진행률: 21/25 - 유효 문서: 17
2025-08-16 22:49:16,959 - INFO - 수집 완료: 인공효소 (637 chars)
2025-08-16 22:49:16,959 - INFO - 진행률: 22/25 - 유효 문서: 18
2025-08-16 22:49:17,375 - INFO - 수집 완료: 인쇄전자 (949 chars)
2025-08-16 22:49:17,375 - INFO - 진행률: 23/25 - 유효 문서: 19
2025-08-16 22:49:18,138 - INFO - 수집 완료: 자기조립 (371 chars)
2025-08-16 22:49:18,139 - INFO - 진행률: 24/25 - 유효 문서: 20
2025-08-16 22:49:18,382 - INFO - 수집 완료: 장기 칩 (2442 chars)
2025-08-16 22:49:18,382 - INFO - 진행률: 25/25 - 유효 문서: 21
2025-08-16 22:49:18,383 - INFO - 데이터 저장 완료: data/tech_nanotechnology.jsonl (21 문서)
2025-08-16 22:49:18,523 - INFO - 커스텀 소스로 데이터 수집 시작: category = 통계학
2025-08-16 22:49:18,523 - INFO - 카테고리에서 링크 수집 중: 통계학
2025-08-16 22:49:19,691 - INFO - 카테고리에서 107개 링크 발견
2025-08-16 22:49:21,712 - INFO - 수집 완료: JASP (657 chars)
2025-08-16 22:49:21,712 - INFO - 진행률: 1/25 - 유효 문서: 1
2025-08-16 22:49:21,990 - INFO - 수집 완료: 개념 모형 (496 chars)
2025-08-16 22:49:21,991 - INFO - 진행률: 2/25 - 유효 문서: 2
2025-08-16 22:49:22,261 - INFO - 수집 완료: 통계적 추론 (1960 chars)
2025-08-16 22:49:22,261 - INFO - 진행률: 3/25 - 유효 문서: 3
2025-08-16 22:49:23,113 - INFO - 수집 완료: 1종 오류와 2종 오류 (657 chars)
2025-08-16 22:49:23,113 - INFO - 진행률: 4/25 - 유효 문서: 4
2025-08-16 22:49:23,658 - WARNING - 내용이 너무 짧음: 5가지 요약 수치 (158 chars)
2025-08-16 22:49:23,793 - INFO - 수집 완료: 통계학 (6467 chars)
2025-08-16 22:49:23,793 - INFO - 진행률: 6/25 - 유효 문서: 5
2025-08-16 22:49:24,201 - WARNING - 내용이 너무 짧음: 68-95-99.7 규칙 (183 chars)
2025-08-16 22:49:25,181 - INFO - 수집 완료: F테스트 (463 chars)
2025-08-16 22:49:25,182 - INFO - 진행률: 8/25 - 유효 문서: 6
2025-08-16 22:49:25,438 - INFO - 수집 완료: F값 (통계) (469 chars)
2025-08-16 22:49:25,438 - INFO - 진행률: 9/25 - 유효 문서: 7
2025-08-16 22:49:26,026 - INFO - 수집 완료: SPSS (1284 chars)
2025-08-16 22:49:26,026 - INFO - 진행률: 10/25 - 유효 문서: 8
2025-08-16 22:49:26,991 - INFO - 수집 완료: T 점수 (759 chars)
2025-08-16 22:49:26,991 - INFO - 진행률: 11/25 - 유효 문서: 9
2025-08-16 22:49:27,058 - INFO - 수집 완료: t-검정 (1206 chars)
2025-08-16 22:49:27,058 - INFO - 진행률: 12/25 - 유효 문서: 10
2025-08-16 22:49:27,617 - INFO - 수집 완료: T분포표 (380 chars)
2025-08-16 22:49:27,617 - INFO - 진행률: 13/25 - 유효 문서: 11
2025-08-16 22:49:28,108 - INFO - 수집 완료: Z-테스트 (609 chars)
2025-08-16 22:49:28,108 - INFO - 진행률: 14/25 - 유효 문서: 12
2025-08-16 22:49:29,397 - INFO - 수집 완료: 거짓 양성과 거짓 음성 (699 chars)
2025-08-16 22:49:29,397 - INFO - 진행률: 15/25 - 유효 문서: 13
2025-08-16 22:49:29,706 - INFO - 수집 완료: 검정력 (421 chars)
2025-08-16 22:49:29,706 - INFO - 진행률: 16/25 - 유효 문서: 14
2025-08-16 22:49:29,992 - INFO - 수집 완료: 가계조사 (849 chars)
2025-08-16 22:49:29,992 - INFO - 진행률: 17/25 - 유효 문서: 15
2025-08-16 22:49:30,981 - INFO - 수집 완료: 결정 이론 (590 chars)
2025-08-16 22:49:30,981 - INFO - 진행률: 18/25 - 유효 문서: 16
2025-08-16 22:49:31,394 - INFO - 수집 완료: 경영통계학 (4129 chars)
2025-08-16 22:49:31,394 - INFO - 진행률: 19/25 - 유효 문서: 17
2025-08-16 22:49:31,507 - WARNING - 내용이 너무 짧음: 경로 분석 (177 chars)
2025-08-16 22:49:32,787 - INFO - 수집 완료: 계통표집 (472 chars)
2025-08-16 22:49:32,788 - INFO - 진행률: 21/25 - 유효 문서: 18
2025-08-16 22:49:33,580 - INFO - 수집 완료: 경험적 누적 분포 함수 (1467 chars)
2025-08-16 22:49:33,581 - INFO - 진행률: 22/25 - 유효 문서: 19
2025-08-16 22:49:33,895 - INFO - 수집 완료: 공분산 (1174 chars)
2025-08-16 22:49:33,895 - INFO - 진행률: 23/25 - 유효 문서: 20
2025-08-16 22:49:34,583 - INFO - 수집 완료: 공정능력지수 (803 chars)
2025-08-16 22:49:34,584 - INFO - 진행률: 24/25 - 유효 문서: 21
2025-08-16 22:49:35,840 - INFO - 수집 완료: 과거 지역별 구매력 기준 GDP 목록 (1013 chars)
2025-08-16 22:49:35,841 - INFO - 진행률: 25/25 - 유효 문서: 22
2025-08-16 22:49:35,842 - INFO - 데이터 저장 완료: data/science_statistics.jsonl (22 문서)
2025-08-16 22:49:35,987 - INFO - 커스텀 소스로 데이터 수집 시작: category = 양자역학
2025-08-16 22:49:35,987 - INFO - 카테고리에서 링크 수집 중: 양자역학
2025-08-16 22:49:37,124 - INFO - 카테고리에서 179개 링크 발견
2025-08-16 22:49:38,494 - INFO - 수집 완료: 양자역학 (5806 chars)
2025-08-16 22:49:38,495 - INFO - 진행률: 1/25 - 유효 문서: 1
2025-08-16 22:49:38,750 - INFO - 수집 완료: EPR 역설 (1584 chars)
2025-08-16 22:49:38,750 - INFO - 진행률: 2/25 - 유효 문서: 2
2025-08-16 22:49:39,053 - INFO - 수집 완료: RKKY 상호작용 (555 chars)
2025-08-16 22:49:39,053 - INFO - 진행률: 3/25 - 유효 문서: 3
2025-08-16 22:49:40,643 - INFO - 수집 완료: WKB 근사 (3542 chars)
2025-08-16 22:49:40,655 - INFO - 진행률: 4/25 - 유효 문서: 4
2025-08-16 22:49:40,671 - INFO - 수집 완료: 각운동량 (2254 chars)
2025-08-16 22:49:40,676 - INFO - 진행률: 5/25 - 유효 문서: 5
2025-08-16 22:49:40,713 - INFO - 수집 완료: 각운동량 연산자 (2212 chars)
2025-08-16 22:49:40,713 - INFO - 진행률: 6/25 - 유효 문서: 6
2025-08-16 22:49:41,810 - INFO - 수집 완료: 감쇠장 (12055 chars)
2025-08-16 22:49:41,811 - INFO - 진행률: 7/25 - 유효 문서: 7
2025-08-16 22:49:41,861 - INFO - 수집 완료: 결맞음 (5121 chars)
2025-08-16 22:49:41,862 - INFO - 진행률: 8/25 - 유효 문서: 8
2025-08-16 22:49:42,688 - INFO - 수집 완료: 결맞는 상태 (675 chars)
2025-08-16 22:49:42,688 - INFO - 진행률: 9/25 - 유효 문서: 9
2025-08-16 22:49:43,244 - INFO - 수집 완료: 결합 상수 (604 chars)
2025-08-16 22:49:43,245 - INFO - 진행률: 10/25 - 유효 문서: 10
2025-08-16 22:49:43,681 - INFO - 수집 완료: 경로 적분 공식화 (2769 chars)
2025-08-16 22:49:43,681 - INFO - 진행률: 11/25 - 유효 문서: 11
2025-08-16 22:49:44,386 - INFO - 수집 완료: 광전 효과 (2940 chars)
2025-08-16 22:49:44,386 - INFO - 진행률: 12/25 - 유효 문서: 12
2025-08-16 22:49:44,507 - INFO - 수집 완료: 관측가능량 (1536 chars)
2025-08-16 22:49:44,507 - INFO - 진행률: 13/25 - 유효 문서: 13
2025-08-16 22:49:45,673 - INFO - 수집 완료: 광학 정리 (852 chars)
2025-08-16 22:49:45,674 - INFO - 진행률: 14/25 - 유효 문서: 14
2025-08-16 22:49:46,329 - INFO - 수집 완료: 구보-마틴-슈윙거 상태 (2107 chars)
2025-08-16 22:49:46,329 - INFO - 진행률: 15/25 - 유효 문서: 15
2025-08-16 22:49:46,414 - INFO - 수집 완료: 교환 연산자 (564 chars)
2025-08-16 22:49:46,415 - INFO - 진행률: 16/25 - 유효 문서: 16
2025-08-16 22:49:47,447 - INFO - 수집 완료: 국소적 숨은 변수 이론 (4824 chars)
2025-08-16 22:49:47,447 - INFO - 진행률: 17/25 - 유효 문서: 17
2025-08-16 22:49:47,685 - INFO - 수집 완료: 국소성의 원리 (6566 chars)
2025-08-16 22:49:47,685 - INFO - 진행률: 18/25 - 유효 문서: 18
2025-08-16 22:49:47,804 - INFO - 수집 완료: 궤도겹침행렬 (486 chars)
2025-08-16 22:49:47,804 - INFO - 진행률: 19/25 - 유효 문서: 19
2025-08-16 22:49:49,152 - INFO - 수집 완료: 기본 입자 (1820 chars)
2025-08-16 22:49:49,152 - INFO - 진행률: 20/25 - 유효 문서: 20
2025-08-16 22:49:49,215 - INFO - 수집 완료: 글라우버-수다르샨 표현 (451 chars)
2025-08-16 22:49:49,215 - INFO - 진행률: 21/25 - 유효 문서: 21
2025-08-16 22:49:49,675 - INFO - 수집 완료: 금지선 (1435 chars)
2025-08-16 22:49:49,675 - INFO - 진행률: 22/25 - 유효 문서: 22
2025-08-16 22:49:51,265 - INFO - 수집 완료: 기하학적 양자화 (7128 chars)
2025-08-16 22:49:51,265 - INFO - 진행률: 23/25 - 유효 문서: 23
2025-08-16 22:49:51,565 - INFO - 수집 완료: 끈 이론 (6209 chars)
2025-08-16 22:49:51,565 - INFO - 진행률: 24/25 - 유효 문서: 24
2025-08-16 22:49:51,610 - INFO - 수집 완료: 기하학적 위상 (347 chars)
2025-08-16 22:49:51,610 - INFO - 진행률: 25/25 - 유효 문서: 25
2025-08-16 22:49:51,612 - INFO - 데이터 저장 완료: data/science_quantum_mechanics.jsonl (25 문서)
2025-08-16 22:49:51,748 - INFO - 커스텀 소스로 데이터 수집 시작: category = 한국의_미술
2025-08-16 22:49:51,748 - INFO - 카테고리에서 링크 수집 중: 한국의_미술
2025-08-16 22:49:52,337 - INFO - 카테고리에서 17개 링크 발견
2025-08-16 22:49:54,092 - WARNING - 내용이 너무 짧음: 금박 (한국 전통 공예) (70 chars)
2025-08-16 22:49:54,106 - INFO - 수집 완료: 곡옥 (1034 chars)
2025-08-16 22:49:54,106 - INFO - 진행률: 2/17 - 유효 문서: 1
2025-08-16 22:49:54,432 - INFO - 수집 완료: 한국의 미술 (10937 chars)
2025-08-16 22:49:54,432 - INFO - 진행률: 3/17 - 유효 문서: 2
2025-08-16 22:49:55,689 - INFO - 수집 완료: 김존해 (530 chars)
2025-08-16 22:49:55,690 - INFO - 진행률: 4/17 - 유효 문서: 3
2025-08-16 22:49:55,700 - INFO - 수집 완료: 금부 (278 chars)
2025-08-16 22:49:55,700 - INFO - 진행률: 5/17 - 유효 문서: 4
2025-08-16 22:49:56,057 - INFO - 수집 완료: 단청 (2940 chars)
2025-08-16 22:49:56,058 - INFO - 진행률: 6/17 - 유효 문서: 5
2025-08-16 22:49:57,300 - INFO - 수집 완료: 문인화 (476 chars)
2025-08-16 22:49:57,301 - INFO - 진행률: 7/17 - 유효 문서: 6
2025-08-16 22:49:57,480 - INFO - 수집 완료: 문자도 (202 chars)
2025-08-16 22:49:57,480 - INFO - 진행률: 8/17 - 유효 문서: 7
2025-08-16 22:49:57,501 - WARNING - 내용이 너무 짧음: 두공 (74 chars)
2025-08-16 22:49:58,415 - INFO - 수집 완료: 민화 (678 chars)
2025-08-16 22:49:58,416 - INFO - 진행률: 10/17 - 유효 문서: 8
2025-08-16 22:49:59,101 - INFO - 수집 완료: 박영숙 (예술가) (650 chars)
2025-08-16 22:49:59,101 - INFO - 진행률: 11/17 - 유효 문서: 9
2025-08-16 22:49:59,111 - WARNING - 내용이 너무 짧음: 발해삼채 (63 chars)
2025-08-16 22:50:00,224 - WARNING - 내용이 너무 짧음: 오방색 (192 chars)
2025-08-16 22:50:00,237 - INFO - 수집 완료: 북종화 (304 chars)
2025-08-16 22:50:00,237 - INFO - 진행률: 14/17 - 유효 문서: 10
2025-08-16 22:50:00,527 - INFO - 수집 완료: 한국 근대 미술 (1485 chars)
2025-08-16 22:50:00,528 - INFO - 진행률: 15/17 - 유효 문서: 11
2025-08-16 22:50:02,021 - INFO - 수집 완료: 현실과 발언 (269 chars)
2025-08-16 22:50:02,021 - INFO - 진행률: 16/17 - 유효 문서: 12
2025-08-16 22:50:02,441 - WARNING - 내용이 너무 짧음: 한국의 곡옥 (159 chars)
2025-08-16 22:50:02,443 - INFO - 데이터 저장 완료: data/art_korean.jsonl (12 문서)
2025-08-16 22:50:02,588 - INFO - 커스텀 소스로 데이터 수집 시작: category = 한국의_음악
2025-08-16 22:50:02,588 - INFO - 카테고리에서 링크 수집 중: 한국의_음악
2025-08-16 22:50:03,389 - INFO - 카테고리에서 50개 링크 발견
2025-08-16 22:50:04,804 - INFO - 수집 완료: 국악관현악단 (334 chars)
2025-08-16 22:50:04,804 - INFO - 진행률: 1/20 - 유효 문서: 1
2025-08-16 22:50:04,931 - WARNING - 내용이 너무 짧음: 가객 (144 chars)
2025-08-16 22:50:05,941 - INFO - 수집 완료: 한국음악 (38209 chars)
2025-08-16 22:50:05,942 - INFO - 진행률: 3/20 - 유효 문서: 2
2025-08-16 22:50:06,027 - WARNING - 내용이 너무 짧음: 격팔상생법 (180 chars)
2025-08-16 22:50:06,587 - WARNING - 내용이 너무 짧음: 가공 (관직) (95 chars)
2025-08-16 22:50:07,348 - INFO - 수집 완료: 계면조 (738 chars)
2025-08-16 22:50:07,348 - INFO - 진행률: 6/20 - 유효 문서: 3
2025-08-16 22:50:07,807 - WARNING - 내용이 너무 짧음: 공척보 (164 chars)
2025-08-16 22:50:08,170 - INFO - 수집 완료: 관습도감 (270 chars)
2025-08-16 22:50:08,170 - INFO - 진행률: 8/20 - 유효 문서: 4
2025-08-16 22:50:08,737 - WARNING - 내용이 너무 짧음: 관현방 (102 chars)
2025-08-16 22:50:09,757 - INFO - 수집 완료: 낙양춘 (494 chars)
2025-08-16 22:50:09,757 - INFO - 진행률: 10/20 - 유효 문서: 5
2025-08-16 22:50:10,298 - INFO - 수집 완료: 나각 (457 chars)
2025-08-16 22:50:10,298 - INFO - 진행률: 11/20 - 유효 문서: 6
2025-08-16 22:50:10,335 - INFO - 수집 완료: 놋다리밟기 (559 chars)
2025-08-16 22:50:10,335 - INFO - 진행률: 12/20 - 유효 문서: 7
2025-08-16 22:50:11,167 - WARNING - 내용이 너무 짧음: 대한국악원 (141 chars)
2025-08-16 22:50:12,101 - WARNING - 내용이 너무 짧음: 무악기 (149 chars)
2025-08-16 22:50:12,155 - INFO - 수집 완료: 문묘 제례악 (2812 chars)
2025-08-16 22:50:12,156 - INFO - 진행률: 15/20 - 유효 문서: 8
2025-08-16 22:50:12,582 - WARNING - 내용이 너무 짧음: 바라지 (136 chars)
2025-08-16 22:50:13,507 - INFO - 수집 완료: 배뱅이굿 (1868 chars)
2025-08-16 22:50:13,507 - INFO - 진행률: 17/20 - 유효 문서: 9
2025-08-16 22:50:13,963 - INFO - 수집 완료: 범패 (1739 chars)
2025-08-16 22:50:13,963 - INFO - 진행률: 18/20 - 유효 문서: 10
2025-08-16 22:50:14,372 - INFO - 수집 완료: 병주 (음악) (263 chars)
2025-08-16 22:50:14,372 - INFO - 진행률: 19/20 - 유효 문서: 11
2025-08-16 22:50:15,103 - INFO - 수집 완료: 삼국시대의 음악 (3615 chars)
2025-08-16 22:50:15,103 - INFO - 진행률: 20/20 - 유효 문서: 12
2025-08-16 22:50:15,104 - INFO - 데이터 저장 완료: data/art_korean_music.jsonl (12 문서)
2025-08-16 22:50:15,248 - INFO - 커스텀 소스로 데이터 수집 시작: category = 한국의_영화
2025-08-16 22:50:15,248 - INFO - 카테고리에서 링크 수집 중: 한국의_영화
2025-08-16 22:50:16,013 - INFO - 카테고리에서 6개 링크 발견
2025-08-16 22:50:17,593 - INFO - 수집 완료: 검사와 여선생 (697 chars)
2025-08-16 22:50:17,593 - INFO - 진행률: 1/6 - 유효 문서: 1
2025-08-16 22:50:17,918 - INFO - 수집 완료: 악의 도시 (394 chars)
2025-08-16 22:50:17,919 - INFO - 진행률: 2/6 - 유효 문서: 2
2025-08-16 22:50:18,101 - INFO - 수집 완료: 한국 영화 (6763 chars)
2025-08-16 22:50:18,101 - INFO - 진행률: 3/6 - 유효 문서: 3
2025-08-16 22:50:19,422 - INFO - 수집 완료: 한국 애니메이션의 역사 (1438 chars)
2025-08-16 22:50:19,423 - INFO - 진행률: 4/6 - 유효 문서: 4
2025-08-16 22:50:19,515 - WARNING - 내용이 너무 짧음: 한국의 공포 영화 (114 chars)
2025-08-16 22:50:19,908 - INFO - 수집 완료: 한국의 영화 검열 (3763 chars)
2025-08-16 22:50:19,909 - INFO - 진행률: 6/6 - 유효 문서: 5
2025-08-16 22:50:19,909 - INFO - 데이터 저장 완료: data/art_korean_film.jsonl (5 문서)
2025-08-16 22:50:20,045 - INFO - 커스텀 소스로 데이터 수집 시작: category = 한국의_문학
2025-08-16 22:50:20,045 - INFO - 카테고리에서 링크 수집 중: 한국의_문학
2025-08-16 22:50:20,953 - ERROR - 카테고리 링크 수집 실패: 404 Client Error: Not Found for url: https://ko.wikipedia.org/wiki/%EB%B6%84%EB%A5%98:%ED%95%9C%EA%B5%AD%EC%9D%98_%EB%AC%B8%ED%95%99
2025-08-16 22:50:20,953 - ERROR - 링크 수집 실패
2025-08-16 22:50:21,086 - INFO - 커스텀 소스로 데이터 수집 시작: category = 한국의_건축
2025-08-16 22:50:21,086 - INFO - 카테고리에서 링크 수집 중: 한국의_건축
2025-08-16 22:50:21,748 - INFO - 카테고리에서 26개 링크 발견
2025-08-16 22:50:23,305 - INFO - 수집 완료: 그렝이 기법 (310 chars)
2025-08-16 22:50:23,305 - INFO - 진행률: 1/20 - 유효 문서: 1
2025-08-16 22:50:23,467 - INFO - 수집 완료: 곳간 (373 chars)
2025-08-16 22:50:23,468 - INFO - 진행률: 2/20 - 유효 문서: 2
2025-08-16 22:50:24,310 - INFO - 수집 완료: 한국의 건축 (2057 chars)
2025-08-16 22:50:24,311 - INFO - 진행률: 3/20 - 유효 문서: 3
2025-08-16 22:50:24,869 - WARNING - 내용이 너무 짧음: 낙고재 (134 chars)
2025-08-16 22:50:25,111 - WARNING - 내용이 너무 짧음: 금강문 (79 chars)
2025-08-16 22:50:25,905 - INFO - 수집 완료: 너와집 (389 chars)
2025-08-16 22:50:25,905 - INFO - 진행률: 6/20 - 유효 문서: 4
2025-08-16 22:50:26,453 - INFO - 수집 완료: 다포 (647 chars)
2025-08-16 22:50:26,453 - INFO - 진행률: 7/20 - 유효 문서: 5
2025-08-16 22:50:26,718 - INFO - 수집 완료: 대조전 (447 chars)
2025-08-16 22:50:26,718 - INFO - 진행률: 8/20 - 유효 문서: 6
2025-08-16 22:50:27,686 - INFO - 수집 완료: 말각조정 (380 chars)
2025-08-16 22:50:27,686 - INFO - 진행률: 9/20 - 유효 문서: 7
2025-08-16 22:50:28,494 - INFO - 수집 완료: 민도리식 (398 chars)
2025-08-16 22:50:28,494 - INFO - 진행률: 10/20 - 유효 문서: 8
2025-08-16 22:50:28,507 - WARNING - 내용이 너무 짧음: 불이문/해탈문 (134 chars)
2025-08-16 22:50:28,821 - INFO - 수집 완료: 사랑방 (474 chars)
2025-08-16 22:50:28,822 - INFO - 진행률: 12/20 - 유효 문서: 9
2025-08-16 22:50:30,301 - INFO - 수집 완료: 살미 (부재) (411 chars)
2025-08-16 22:50:30,301 - INFO - 진행률: 13/20 - 유효 문서: 10
2025-08-16 22:50:30,318 - WARNING - 내용이 너무 짧음: 사천왕문 (182 chars)
2025-08-16 22:50:30,428 - INFO - 수집 완료: 상량문 (604 chars)
2025-08-16 22:50:30,428 - INFO - 진행률: 15/20 - 유효 문서: 11
2025-08-16 22:50:31,752 - INFO - 수집 완료: 선정전 (425 chars)
2025-08-16 22:50:31,752 - INFO - 진행률: 16/20 - 유효 문서: 12
2025-08-16 22:50:31,829 - INFO - 수집 완료: 안방 (479 chars)
2025-08-16 22:50:31,829 - INFO - 진행률: 17/20 - 유효 문서: 13
2025-08-16 22:50:32,102 - WARNING - 내용이 너무 짧음: 서까래 (138 chars)
2025-08-16 22:50:33,160 - WARNING - 내용이 너무 짧음: 우데기 (83 chars)
2025-08-16 22:50:33,255 - INFO - 수집 완료: 인정문 (929 chars)
2025-08-16 22:50:33,255 - INFO - 진행률: 20/20 - 유효 문서: 14
2025-08-16 22:50:33,256 - INFO - 데이터 저장 완료: data/art_korean_architecture.jsonl (14 문서)
2025-08-16 22:50:33,398 - INFO - 커스텀 소스로 데이터 수집 시작: category = 사진술
2025-08-16 22:50:33,398 - INFO - 카테고리에서 링크 수집 중: 사진술
2025-08-16 22:50:34,688 - INFO - 카테고리에서 54개 링크 발견
2025-08-16 22:50:36,266 - INFO - 수집 완료: 3점 조명 (899 chars)
2025-08-16 22:50:36,266 - INFO - 진행률: 1/20 - 유효 문서: 1
2025-08-16 22:50:36,606 - INFO - 수집 완료: 3CCD (506 chars)
2025-08-16 22:50:36,606 - INFO - 진행률: 2/20 - 유효 문서: 2
2025-08-16 22:50:37,328 - INFO - 수집 완료: 사진술 (5469 chars)
2025-08-16 22:50:37,329 - INFO - 진행률: 3/20 - 유효 문서: 3
2025-08-16 22:50:37,382 - INFO - 수집 완료: f 값 (519 chars)
2025-08-16 22:50:37,382 - INFO - 진행률: 4/20 - 유효 문서: 4
2025-08-16 22:50:38,629 - INFO - 수집 완료: 감광 속도 (1205 chars)
2025-08-16 22:50:38,629 - INFO - 진행률: 5/20 - 유효 문서: 5
2025-08-16 22:50:38,722 - INFO - 수집 완료: 근접촬영 (298 chars)
2025-08-16 22:50:38,723 - INFO - 진행률: 6/20 - 유효 문서: 6
2025-08-16 22:50:39,413 - INFO - 수집 완료: 노출 (사진술) (2718 chars)
2025-08-16 22:50:39,414 - INFO - 진행률: 7/20 - 유효 문서: 7
2025-08-16 22:50:40,109 - INFO - 수집 완료: 대형 카메라 (276 chars)
2025-08-16 22:50:40,109 - INFO - 진행률: 8/20 - 유효 문서: 8
2025-08-16 22:50:40,245 - WARNING - 내용이 너무 짧음: 다중 노출 (116 chars)
2025-08-16 22:50:41,515 - WARNING - 내용이 너무 짧음: 로모그래피 (131 chars)
2025-08-16 22:50:41,614 - INFO - 수집 완료: 렌즈 밝기 (263 chars)
2025-08-16 22:50:41,615 - INFO - 진행률: 11/20 - 유효 문서: 9
2025-08-16 22:50:41,646 - WARNING - 내용이 너무 짧음: 모션 블러 (145 chars)
2025-08-16 22:50:43,041 - WARNING - 내용이 너무 짧음: 백사진 (181 chars)
2025-08-16 22:50:43,134 - INFO - 수집 완료: 몰래촬영 (258 chars)
2025-08-16 22:50:43,134 - INFO - 진행률: 14/20 - 유효 문서: 10
2025-08-16 22:50:43,247 - INFO - 수집 완료: 보케 (470 chars)
2025-08-16 22:50:43,247 - INFO - 진행률: 15/20 - 유효 문서: 11
2025-08-16 22:50:44,642 - WARNING - 내용이 너무 짧음: 사진가 목록 (0 chars)
2025-08-16 22:50:44,841 - INFO - 수집 완료: 사진제판 (733 chars)
2025-08-16 22:50:44,841 - INFO - 진행률: 17/20 - 유효 문서: 12
2025-08-16 22:50:44,921 - INFO - 수집 완료: 사진관 (1441 chars)
2025-08-16 22:50:44,921 - INFO - 진행률: 18/20 - 유효 문서: 13
2025-08-16 22:50:46,287 - WARNING - 내용이 너무 짧음: 삼등분 법칙 (197 chars)
2025-08-16 22:50:46,441 - INFO - 수집 완료: 사진학과 (362 chars)
2025-08-16 22:50:46,441 - INFO - 진행률: 20/20 - 유효 문서: 14
2025-08-16 22:50:46,442 - INFO - 데이터 저장 완료: data/art_photography.jsonl (14 문서)
2025-08-16 22:50:46,587 - INFO - 커스텀 소스로 데이터 수집 시작: category = 디자인
2025-08-16 22:50:46,587 - INFO - 카테고리에서 링크 수집 중: 디자인
2025-08-16 22:50:47,856 - INFO - 카테고리에서 97개 링크 발견
2025-08-16 22:50:49,211 - INFO - 수집 완료: 디자인 (8337 chars)
2025-08-16 22:50:49,212 - INFO - 진행률: 1/20 - 유효 문서: 1
2025-08-16 22:50:49,612 - INFO - 수집 완료: DK웍스 (630 chars)
2025-08-16 22:50:49,612 - INFO - 진행률: 2/20 - 유효 문서: 2
2025-08-16 22:50:49,633 - INFO - 수집 완료: .design (1087 chars)
2025-08-16 22:50:49,634 - INFO - 진행률: 3/20 - 유효 문서: 3
2025-08-16 22:50:50,964 - INFO - 수집 완료: KISS 원칙 (334 chars)
2025-08-16 22:50:50,965 - INFO - 진행률: 4/20 - 유효 문서: 4
2025-08-16 22:50:51,239 - INFO - 수집 완료: 경영공학 (296 chars)
2025-08-16 22:50:51,239 - INFO - 진행률: 5/20 - 유효 문서: 5
2025-08-16 22:50:51,622 - INFO - 수집 완료: ICOGRADA 2000 (780 chars)
2025-08-16 22:50:51,622 - INFO - 진행률: 6/20 - 유효 문서: 6
2025-08-16 22:50:52,392 - WARNING - 내용이 너무 짧음: 공인산업디자인전문회사 (110 chars)
2025-08-16 22:50:52,836 - INFO - 수집 완료: 구현 (832 chars)
2025-08-16 22:50:52,836 - INFO - 진행률: 8/20 - 유효 문서: 7
2025-08-16 22:50:53,428 - INFO - 수집 완료: 국민디자인단 (297 chars)
2025-08-16 22:50:53,428 - INFO - 진행률: 9/20 - 유효 문서: 8
2025-08-16 22:50:53,805 - INFO - 수집 완료: 그래픽 (잡지) (274 chars)
2025-08-16 22:50:53,805 - INFO - 진행률: 10/20 - 유효 문서: 9
2025-08-16 22:50:54,471 - INFO - 수집 완료: 그림문자 (2134 chars)
2025-08-16 22:50:54,471 - INFO - 진행률: 11/20 - 유효 문서: 10
2025-08-16 22:50:55,389 - WARNING - 내용이 너무 짧음: 끄레 어소시에이츠 (83 chars)
2025-08-16 22:50:55,675 - INFO - 수집 완료: 글로벌생활명품 (242 chars)
2025-08-16 22:50:55,676 - INFO - 진행률: 13/20 - 유효 문서: 11
2025-08-16 22:50:56,775 - INFO - 수집 완료: 뉴모피즘 (987 chars)
2025-08-16 22:50:56,776 - INFO - 진행률: 14/20 - 유효 문서: 12
2025-08-16 22:50:56,807 - INFO - 수집 완료: 대한민국디자인대상 (295 chars)
2025-08-16 22:50:56,807 - INFO - 진행률: 15/20 - 유효 문서: 13
2025-08-16 22:50:57,478 - WARNING - 내용이 너무 짧음: 디자이너 등록제 (151 chars)
2025-08-16 22:50:58,432 - INFO - 수집 완료: 디자인 경영 (2901 chars)
2025-08-16 22:50:58,432 - INFO - 진행률: 17/20 - 유효 문서: 14
2025-08-16 22:50:58,783 - INFO - 수집 완료: 디자이너 명예의 전당 (273 chars)
2025-08-16 22:50:58,783 - INFO - 진행률: 18/20 - 유효 문서: 15
2025-08-16 22:50:59,311 - INFO - 수집 완료: 디자인 리서치 (4778 chars)
2025-08-16 22:50:59,311 - INFO - 진행률: 19/20 - 유효 문서: 16
2025-08-16 22:51:00,252 - INFO - 수집 완료: 디자인 싱킹 (779 chars)
2025-08-16 22:51:00,252 - INFO - 진행률: 20/20 - 유효 문서: 17
2025-08-16 22:51:00,253 - INFO - 데이터 저장 완료: data/art_design.jsonl (17 문서)
2025-08-16 22:51:00,397 - INFO - 커스텀 소스로 데이터 수집 시작: category = 만화
2025-08-16 22:51:00,397 - INFO - 카테고리에서 링크 수집 중: 만화
2025-08-16 22:51:01,628 - INFO - 카테고리에서 9개 링크 발견
2025-08-16 22:51:03,164 - INFO - 수집 완료: 바람 숲의 헤리에타 (938 chars)
2025-08-16 22:51:03,164 - INFO - 진행률: 1/9 - 유효 문서: 1
2025-08-16 22:51:03,562 - WARNING - 내용이 너무 짧음: 놓정동화 (89 chars)
2025-08-16 22:51:03,680 - INFO - 수집 완료: 만화 (3765 chars)
2025-08-16 22:51:03,681 - INFO - 진행률: 3/9 - 유효 문서: 2
2025-08-16 22:51:04,769 - INFO - 수집 완료: 원피스 15기 (512 chars)
2025-08-16 22:51:04,770 - INFO - 진행률: 4/9 - 유효 문서: 3
2025-08-16 22:51:05,194 - INFO - 수집 완료: 원피스 16기 (669 chars)
2025-08-16 22:51:05,194 - INFO - 진행률: 5/9 - 유효 문서: 4
2025-08-16 22:51:05,313 - INFO - 수집 완료: 원피스 17기 (425 chars)
2025-08-16 22:51:05,313 - INFO - 진행률: 6/9 - 유효 문서: 5
2025-08-16 22:51:06,569 - INFO - 수집 완료: 원피스 18기 (520 chars)
2025-08-16 22:51:06,569 - INFO - 진행률: 7/9 - 유효 문서: 6
2025-08-16 22:51:06,746 - INFO - 수집 완료: 카투니스트 (276 chars)
2025-08-16 22:51:06,747 - INFO - 진행률: 8/9 - 유효 문서: 7
2025-08-16 22:51:07,386 - INFO - 수집 완료: 원피스 19기 (858 chars)
2025-08-16 22:51:07,386 - INFO - 진행률: 9/9 - 유효 문서: 8
2025-08-16 22:51:07,387 - INFO - 데이터 저장 완료: data/culture_comics.jsonl (8 문서)
2025-08-16 22:51:07,525 - INFO - 커스텀 소스로 데이터 수집 시작: category = 애니메이션
2025-08-16 22:51:07,525 - INFO - 카테고리에서 링크 수집 중: 애니메이션
2025-08-16 22:51:08,717 - INFO - 카테고리에서 12개 링크 발견
2025-08-16 22:51:10,114 - INFO - 수집 완료: 애니메이션 (1220 chars)
2025-08-16 22:51:10,114 - INFO - 진행률: 1/12 - 유효 문서: 1
2025-08-16 22:51:10,231 - WARNING - 내용이 너무 짧음: 성인 애니메이션 (136 chars)
2025-08-16 22:51:10,510 - INFO - 수집 완료: MAD 무비 (781 chars)
2025-08-16 22:51:10,510 - INFO - 진행률: 3/12 - 유효 문서: 2
2025-08-16 22:51:12,158 - INFO - 수집 완료: 애니메이션의 12가지 기본 원칙 (968 chars)
2025-08-16 22:51:12,163 - INFO - 진행률: 4/12 - 유효 문서: 3
2025-08-16 22:51:12,184 - INFO - 수집 완료: 애니메이션 뮤직 비디오 (631 chars)
2025-08-16 22:51:12,184 - INFO - 진행률: 5/12 - 유효 문서: 4
2025-08-16 22:51:12,244 - INFO - 수집 완료: 애니메이션 제작사 (325 chars)
2025-08-16 22:51:12,244 - INFO - 진행률: 6/12 - 유효 문서: 5
2025-08-16 22:51:13,794 - INFO - 수집 완료: 오리지널 애니메이션 (279 chars)
2025-08-16 22:51:13,794 - INFO - 진행률: 7/12 - 유효 문서: 6
2025-08-16 22:51:13,851 - WARNING - 내용이 너무 짧음: 오프닝 애니메이션 (127 chars)
2025-08-16 22:51:13,954 - WARNING - 내용이 너무 짧음: 엔딩 애니메이션 (124 chars)
2025-08-16 22:51:15,275 - INFO - 수집 완료: 토킹톰 앤 프랜즈 (266 chars)
2025-08-16 22:51:15,275 - INFO - 진행률: 10/12 - 유효 문서: 7
2025-08-16 22:51:15,546 - WARNING - 내용이 너무 짧음: 허니멀타운 (90 chars)
2025-08-16 22:51:15,574 - WARNING - 내용이 너무 짧음: 텔레비전 애니메이션 (98 chars)
2025-08-16 22:51:15,575 - INFO - 데이터 저장 완료: data/culture_animation.jsonl (7 문서)
2025-08-16 22:51:15,716 - INFO - 커스텀 소스로 데이터 수집 시작: category = 무용
2025-08-16 22:51:15,717 - INFO - 카테고리에서 링크 수집 중: 무용
2025-08-16 22:51:16,275 - ERROR - 카테고리 링크 수집 실패: 404 Client Error: Not Found for url: https://ko.wikipedia.org/wiki/%EB%B6%84%EB%A5%98:%EB%AC%B4%EC%9A%A9
2025-08-16 22:51:16,275 - ERROR - 링크 수집 실패
2025-08-16 22:51:16,411 - INFO - 커스텀 소스로 데이터 수집 시작: category = 공예
2025-08-16 22:51:16,411 - INFO - 카테고리에서 링크 수집 중: 공예
2025-08-16 22:51:17,057 - INFO - 카테고리에서 17개 링크 발견
2025-08-16 22:51:18,184 - INFO - 수집 완료: 공예 (2711 chars)
2025-08-16 22:51:18,184 - INFO - 진행률: 1/17 - 유효 문서: 1
2025-08-16 22:51:18,640 - INFO - 수집 완료: 목공 (659 chars)
2025-08-16 22:51:18,640 - INFO - 진행률: 2/17 - 유효 문서: 2
2025-08-16 22:51:19,026 - INFO - 수집 완료: 가죽 공예 (2422 chars)
2025-08-16 22:51:19,026 - INFO - 진행률: 3/17 - 유효 문서: 3
2025-08-16 22:51:19,855 - INFO - 수집 완료: 사진술 (5469 chars)
2025-08-16 22:51:19,856 - INFO - 진행률: 4/17 - 유효 문서: 4
2025-08-16 22:51:19,988 - INFO - 수집 완료: 비즈 (272 chars)
2025-08-16 22:51:19,989 - INFO - 진행률: 5/17 - 유효 문서: 5
2025-08-16 22:51:20,667 - INFO - 수집 완료: 새활용 (5511 chars)
2025-08-16 22:51:20,667 - INFO - 진행률: 6/17 - 유효 문서: 6
2025-08-16 22:51:21,257 - INFO - 수집 완료: 설탕 공예 (413 chars)
2025-08-16 22:51:21,257 - INFO - 진행률: 7/17 - 유효 문서: 7
2025-08-16 22:51:21,806 - INFO - 수집 완료: 스테인드글라스 (678 chars)
2025-08-16 22:51:21,806 - INFO - 진행률: 8/17 - 유효 문서: 8
2025-08-16 22:51:22,456 - INFO - 수집 완료: 시계공 (1344 chars)
2025-08-16 22:51:22,457 - INFO - 진행률: 9/17 - 유효 문서: 9
2025-08-16 22:51:22,647 - INFO - 수집 완료: 아쿠아스케이프 (252 chars)
2025-08-16 22:51:22,648 - INFO - 진행률: 10/17 - 유효 문서: 10
2025-08-16 22:51:23,404 - INFO - 수집 완료: 염색 (727 chars)
2025-08-16 22:51:23,405 - INFO - 진행률: 11/17 - 유효 문서: 11
2025-08-16 22:51:24,067 - INFO - 수집 완료: 옻칠 (1041 chars)
2025-08-16 22:51:24,068 - INFO - 진행률: 12/17 - 유효 문서: 12
2025-08-16 22:51:24,248 - INFO - 수집 완료: 은공장 (326 chars)
2025-08-16 22:51:24,248 - INFO - 진행률: 13/17 - 유효 문서: 13
2025-08-16 22:51:25,021 - INFO - 수집 완료: 제본 (780 chars)
2025-08-16 22:51:25,021 - INFO - 진행률: 14/17 - 유효 문서: 14
2025-08-16 22:51:25,875 - WARNING - 내용이 너무 짧음: 제화 (128 chars)
2025-08-16 22:51:26,032 - WARNING - 내용이 너무 짧음: 짚풀 공예 (163 chars)
2025-08-16 22:51:26,419 - WARNING - 내용이 너무 짧음: 화각 (공예) (60 chars)
2025-08-16 22:51:26,420 - INFO - 데이터 저장 완료: data/art_crafts.jsonl (14 문서)
2025-08-16 22:51:26,562 - INFO - 커스텀 소스로 데이터 수집 시작: category = 드라마
2025-08-16 22:51:26,562 - INFO - 카테고리에서 링크 수집 중: 드라마
2025-08-16 22:51:27,334 - INFO - 카테고리에서 21개 링크 발견
2025-08-16 22:51:28,673 - INFO - 수집 완료: 극시 (232 chars)
2025-08-16 22:51:28,674 - INFO - 진행률: 1/20 - 유효 문서: 1
2025-08-16 22:51:28,695 - INFO - 수집 완료: 드라마 (2622 chars)
2025-08-16 22:51:28,695 - INFO - 진행률: 2/20 - 유효 문서: 2
2025-08-16 22:51:29,099 - WARNING - 내용이 너무 짧음: 드라마 목록 (0 chars)
2025-08-16 22:51:30,028 - INFO - 수집 완료: 드라마투르기 (1097 chars)
2025-08-16 22:51:30,028 - INFO - 진행률: 4/20 - 유효 문서: 3
2025-08-16 22:51:30,518 - INFO - 수집 완료: 독백 (712 chars)
2025-08-16 22:51:30,518 - INFO - 진행률: 5/20 - 유효 문서: 4
2025-08-16 22:51:30,691 - WARNING - 내용이 너무 짧음: 들러리 (177 chars)
2025-08-16 22:51:31,436 - INFO - 수집 완료: 막장 드라마 (331 chars)
2025-08-16 22:51:31,436 - INFO - 진행률: 7/20 - 유효 문서: 5
2025-08-16 22:51:31,931 - INFO - 수집 완료: 메이크도라마 (342 chars)
2025-08-16 22:51:31,931 - INFO - 진행률: 8/20 - 유효 문서: 6
2025-08-16 22:51:32,521 - INFO - 수집 완료: 멜로드라마 (427 chars)
2025-08-16 22:51:32,521 - INFO - 진행률: 9/20 - 유효 문서: 7
2025-08-16 22:51:32,824 - WARNING - 내용이 너무 짧음: 모노드라마 (81 chars)
2025-08-16 22:51:33,031 - INFO - 수집 완료: 방백 (대사) (536 chars)
2025-08-16 22:51:33,031 - INFO - 진행률: 11/20 - 유효 문서: 8
2025-08-16 22:51:34,425 - WARNING - 내용이 너무 짧음: 어린이 드라마 (60 chars)
2025-08-16 22:51:34,717 - INFO - 수집 완료: 시대극 (462 chars)
2025-08-16 22:51:34,717 - INFO - 진행률: 13/20 - 유효 문서: 9
2025-08-16 22:51:34,861 - INFO - 수집 완료: 에필로그 (용어) (456 chars)
2025-08-16 22:51:34,861 - INFO - 진행률: 14/20 - 유효 문서: 10
2025-08-16 22:51:35,753 - INFO - 수집 완료: 오페라 (32826 chars)
2025-08-16 22:51:35,753 - INFO - 진행률: 15/20 - 유효 문서: 11
2025-08-16 22:51:36,309 - INFO - 수집 완료: 장면과 시퀄 (750 chars)
2025-08-16 22:51:36,309 - INFO - 진행률: 16/20 - 유효 문서: 12
2025-08-16 22:51:36,660 - WARNING - 내용이 너무 짧음: 제삼배우 (143 chars)
2025-08-16 22:51:36,883 - INFO - 수집 완료: 코미디 드라마 (1089 chars)
2025-08-16 22:51:36,883 - INFO - 진행률: 18/20 - 유효 문서: 13
2025-08-16 22:51:37,720 - INFO - 수집 완료: 특촬물 (292 chars)
2025-08-16 22:51:37,720 - INFO - 진행률: 19/20 - 유효 문서: 14
2025-08-16 22:51:38,449 - INFO - 수집 완료: 함부르크 연극론 (1171 chars)
2025-08-16 22:51:38,449 - INFO - 진행률: 20/20 - 유효 문서: 15
2025-08-16 22:51:38,451 - INFO - 데이터 저장 완료: data/culture_drama.jsonl (15 문서)
2025-08-16 22:51:38,606 - INFO - 커스텀 소스로 데이터 수집 시작: category = 축구
2025-08-16 22:51:38,606 - INFO - 카테고리에서 링크 수집 중: 축구
2025-08-16 22:51:39,476 - INFO - 카테고리에서 2개 링크 발견
2025-08-16 22:51:41,241 - WARNING - 내용이 너무 짧음: 전 세계 축구 협회 목록 (0 chars)
2025-08-16 22:51:41,839 - INFO - 수집 완료: 축구 (19099 chars)
2025-08-16 22:51:41,839 - INFO - 진행률: 2/2 - 유효 문서: 1
2025-08-16 22:51:41,840 - INFO - 데이터 저장 완료: data/sports_football.jsonl (1 문서)
2025-08-16 22:51:41,979 - INFO - 커스텀 소스로 데이터 수집 시작: category = 야구
2025-08-16 22:51:41,980 - INFO - 카테고리에서 링크 수집 중: 야구
2025-08-16 22:51:42,665 - INFO - 카테고리에서 1개 링크 발견
2025-08-16 22:51:45,181 - INFO - 수집 완료: 야구 (18101 chars)
2025-08-16 22:51:45,182 - INFO - 진행률: 1/1 - 유효 문서: 1
2025-08-16 22:51:45,182 - INFO - 데이터 저장 완료: data/sports_baseball.jsonl (1 문서)
2025-08-16 22:51:45,323 - INFO - 커스텀 소스로 데이터 수집 시작: category = 농구
2025-08-16 22:51:45,324 - INFO - 카테고리에서 링크 수집 중: 농구
2025-08-16 22:51:46,475 - INFO - 카테고리에서 2개 링크 발견
2025-08-16 22:51:48,078 - INFO - 수집 완료: FIBA 명예의 전당 (296 chars)
2025-08-16 22:51:48,078 - INFO - 진행률: 1/2 - 유효 문서: 1
2025-08-16 22:51:49,678 - INFO - 수집 완료: 농구 (6229 chars)
2025-08-16 22:51:49,678 - INFO - 진행률: 2/2 - 유효 문서: 2
2025-08-16 22:51:49,678 - INFO - 데이터 저장 완료: data/sports_basketball.jsonl (2 문서)
2025-08-16 22:51:49,816 - INFO - 커스텀 소스로 데이터 수집 시작: category = 올림픽
2025-08-16 22:51:49,816 - INFO - 카테고리에서 링크 수집 중: 올림픽
2025-08-16 22:51:52,419 - INFO - 카테고리에서 12개 링크 발견
2025-08-16 22:51:53,960 - INFO - 수집 완료: 올림픽 (24873 chars)
2025-08-16 22:51:53,960 - INFO - 진행률: 1/12 - 유효 문서: 1
2025-08-16 22:51:54,600 - WARNING - 내용이 너무 짧음: 1906년 중간 올림픽 사이클 남자 5km (87 chars)
2025-08-16 22:51:55,272 - INFO - 수집 완료: 2022년 동계 올림픽 개막식 (472 chars)
2025-08-16 22:51:55,272 - INFO - 진행률: 3/12 - 유효 문서: 2
2025-08-16 22:51:55,467 - INFO - 수집 완료: 올림픽 경기 종목 (2080 chars)
2025-08-16 22:51:55,468 - INFO - 진행률: 4/12 - 유효 문서: 3
2025-08-16 22:51:57,105 - INFO - 수집 완료: 올림픽 e스포츠 시리즈 (850 chars)
2025-08-16 22:51:57,105 - INFO - 진행률: 5/12 - 유효 문서: 4
2025-08-16 22:51:57,768 - INFO - 수집 완료: 올림픽 개최지 선정 (2848 chars)
2025-08-16 22:51:57,769 - INFO - 진행률: 6/12 - 유효 문서: 5
2025-08-16 22:51:57,824 - WARNING - 내용이 너무 짧음: 국제 올림픽 위원회 총회 (148 chars)
2025-08-16 22:51:58,909 - INFO - 수집 완료: 올림픽 데이 런 (914 chars)
2025-08-16 22:51:58,909 - INFO - 진행률: 8/12 - 유효 문서: 6
2025-08-16 22:51:59,251 - INFO - 수집 완료: 인권을 위한 올림픽 프로젝트 (650 chars)
2025-08-16 22:51:59,251 - INFO - 진행률: 9/12 - 유효 문서: 7
2025-08-16 22:51:59,363 - INFO - 수집 완료: 올림픽 의회 (614 chars)
2025-08-16 22:51:59,363 - INFO - 진행률: 10/12 - 유효 문서: 8
2025-08-16 22:52:00,494 - INFO - 수집 완료: 코로이보스 (390 chars)
2025-08-16 22:52:00,494 - INFO - 진행률: 11/12 - 유효 문서: 9
2025-08-16 22:52:00,693 - INFO - 수집 완료: 올림픽 헌장 (1448 chars)
2025-08-16 22:52:00,693 - INFO - 진행률: 12/12 - 유효 문서: 10
2025-08-16 22:52:00,694 - INFO - 데이터 저장 완료: data/sports_olympics.jsonl (10 문서)
2025-08-16 22:52:00,844 - INFO - 커스텀 소스로 데이터 수집 시작: category = e스포츠
2025-08-16 22:52:00,844 - INFO - 카테고리에서 링크 수집 중: e스포츠
2025-08-16 22:52:02,167 - INFO - 카테고리에서 11개 링크 발견
2025-08-16 22:52:04,101 - INFO - 수집 완료: VSPN (243 chars)
2025-08-16 22:52:04,102 - INFO - 진행률: 1/11 - 유효 문서: 1
2025-08-16 22:52:04,270 - INFO - 수집 완료: e스포츠 (5513 chars)
2025-08-16 22:52:04,271 - INFO - 진행률: 2/11 - 유효 문서: 2
2025-08-16 22:52:04,305 - WARNING - 내용이 너무 짧음: 같이 할래? GG (53 chars)
2025-08-16 22:52:05,918 - INFO - 수집 완료: 랜파티 (395 chars)
2025-08-16 22:52:05,918 - INFO - 진행률: 4/11 - 유효 문서: 3
2025-08-16 22:52:06,270 - INFO - 수집 완료: 아시아전자스포츠연맹 (860 chars)
2025-08-16 22:52:06,271 - INFO - 진행률: 5/11 - 유효 문서: 4
2025-08-16 22:52:06,468 - INFO - 수집 완료: 빌드 오더 (1547 chars)
2025-08-16 22:52:06,468 - INFO - 진행률: 6/11 - 유효 문서: 5
2025-08-16 22:52:07,876 - INFO - 수집 완료: 펍지 레벨업 쇼다운 (268 chars)
2025-08-16 22:52:07,876 - INFO - 진행률: 7/11 - 유효 문서: 6
2025-08-16 22:52:07,924 - WARNING - 내용이 너무 짧음: 우리들의 비 내리는 프로토콜 (135 chars)
2025-08-16 22:52:08,668 - INFO - 수집 완료: 펍지 코리아 리그 (357 chars)
2025-08-16 22:52:08,669 - INFO - 진행률: 9/11 - 유효 문서: 7
2025-08-16 22:52:09,333 - INFO - 수집 완료: 펍지 코리아 리그 (2018년 이전) (1096 chars)
2025-08-16 22:52:09,333 - INFO - 진행률: 10/11 - 유효 문서: 8
2025-08-16 22:52:09,729 - WARNING - 내용이 너무 짧음: 항저우 스파크 (96 chars)
2025-08-16 22:52:09,730 - INFO - 데이터 저장 완료: data/sports_esports.jsonl (8 문서)
2025-08-16 22:52:09,879 - INFO - 커스텀 소스로 데이터 수집 시작: category = 한국의_무형문화재
2025-08-16 22:52:09,879 - INFO - 카테고리에서 링크 수집 중: 한국의_무형문화재
2025-08-16 22:52:10,434 - ERROR - 카테고리 링크 수집 실패: 404 Client Error: Not Found for url: https://ko.wikipedia.org/wiki/%EB%B6%84%EB%A5%98:%ED%95%9C%EA%B5%AD%EC%9D%98_%EB%AC%B4%ED%98%95%EB%AC%B8%ED%99%94%EC%9E%AC
2025-08-16 22:52:10,434 - ERROR - 링크 수집 실패
2025-08-16 22:52:10,569 - INFO - 커스텀 소스로 데이터 수집 시작: category = 대한민국의_헌법
2025-08-16 22:52:10,569 - INFO - 카테고리에서 링크 수집 중: 대한민국의_헌법
2025-08-16 22:52:11,141 - INFO - 카테고리에서 9개 링크 발견
2025-08-16 22:52:12,355 - INFO - 수집 완료: 대한민국 헌법 (11345 chars)
2025-08-16 22:52:12,355 - INFO - 진행률: 1/9 - 유효 문서: 1
2025-08-16 22:52:12,453 - WARNING - 내용이 너무 짧음: 국군통수권 (66 chars)
2025-08-16 22:52:12,919 - INFO - 수집 완료: 국제평화주의 (392 chars)
2025-08-16 22:52:12,920 - INFO - 진행률: 3/9 - 유효 문서: 2
2025-08-16 22:52:13,873 - INFO - 수집 완료: 긴급명령권 (912 chars)
2025-08-16 22:52:13,874 - INFO - 진행률: 4/9 - 유효 문서: 3
2025-08-16 22:52:13,958 - INFO - 수집 완료: 기본권존중주의 (640 chars)
2025-08-16 22:52:13,958 - INFO - 진행률: 5/9 - 유효 문서: 4
2025-08-16 22:52:14,546 - INFO - 수집 완료: 대한민국 헌법의 기본원리 (1475 chars)
2025-08-16 22:52:14,546 - INFO - 진행률: 6/9 - 유효 문서: 5
2025-08-16 22:52:15,175 - INFO - 수집 완료: 대한민국의 헌정사 (16306 chars)
2025-08-16 22:52:15,175 - INFO - 진행률: 7/9 - 유효 문서: 6
2025-08-16 22:52:15,654 - INFO - 수집 완료: 제헌절 (대한민국) (1216 chars)
2025-08-16 22:52:15,654 - INFO - 진행률: 8/9 - 유효 문서: 7
2025-08-16 22:52:15,677 - INFO - 수집 완료: 대한민국의 재외국민 선거권 (1154 chars)
2025-08-16 22:52:15,677 - INFO - 진행률: 9/9 - 유효 문서: 8
2025-08-16 22:52:15,678 - INFO - 데이터 저장 완료: data/law_korean_constitution.jsonl (8 문서)
2025-08-16 22:52:15,823 - INFO - 커스텀 소스로 데이터 수집 시작: category = 대한민국의_대통령
2025-08-16 22:52:15,823 - INFO - 카테고리에서 링크 수집 중: 대한민국의_대통령
2025-08-16 22:52:16,606 - INFO - 카테고리에서 25개 링크 발견
2025-08-16 22:52:17,801 - INFO - 수집 완료: 대한민국 대통령 목록 (1790 chars)
2025-08-16 22:52:17,802 - INFO - 진행률: 1/15 - 유효 문서: 1
2025-08-16 22:52:18,082 - INFO - 수집 완료: 대한민국 대통령 (8059 chars)
2025-08-16 22:52:18,082 - INFO - 진행률: 2/15 - 유효 문서: 2
2025-08-16 22:52:18,992 - WARNING - 내용이 너무 짧음: 대한민국 대통령의 해외 순방 목록 (0 chars)
2025-08-16 22:52:19,166 - WARNING - 내용이 너무 짧음: 대한민국의 대통령 소속 위원회 목록 (0 chars)
2025-08-16 22:52:19,280 - INFO - 수집 완료: 대한민국의 대통령 지지율 (808 chars)
2025-08-16 22:52:19,280 - INFO - 진행률: 5/15 - 유효 문서: 3
2025-08-16 22:52:20,462 - INFO - 수집 완료: 김대중 (88135 chars)
2025-08-16 22:52:20,462 - INFO - 진행률: 6/15 - 유효 문서: 4
2025-08-16 22:52:20,907 - INFO - 수집 완료: 김영삼 (71298 chars)
2025-08-16 22:52:20,913 - INFO - 진행률: 7/15 - 유효 문서: 5
2025-08-16 22:52:20,922 - INFO - 수집 완료: 노무현 (58839 chars)
2025-08-16 22:52:20,922 - INFO - 진행률: 8/15 - 유효 문서: 6
2025-08-16 22:52:21,903 - INFO - 수집 완료: 노태우 (47977 chars)
2025-08-16 22:52:21,903 - INFO - 진행률: 9/15 - 유효 문서: 7
2025-08-16 22:52:22,907 - INFO - 수집 완료: 대통령 특별보좌관 (803 chars)
2025-08-16 22:52:22,907 - INFO - 진행률: 10/15 - 유효 문서: 8
2025-08-16 22:52:22,933 - INFO - 수집 완료: 대한민국 공군 1호기 (1632 chars)
2025-08-16 22:52:22,933 - INFO - 진행률: 11/15 - 유효 문서: 9
2025-08-16 22:52:23,019 - WARNING - 내용이 너무 짧음: 대한민국 대통령직인수위원회 (169 chars)
2025-08-16 22:52:24,501 - WARNING - 내용이 너무 짧음: 대한민국 헌법 제4장 제1절 (0 chars)
2025-08-16 22:52:24,799 - WARNING - 내용이 너무 짧음: 대한민국의 대통령 취임 선서 (191 chars)
2025-08-16 22:52:25,131 - INFO - 수집 완료: 대한민국의 국가원수 의전차 (496 chars)
2025-08-16 22:52:25,131 - INFO - 진행률: 15/15 - 유효 문서: 10
2025-08-16 22:52:25,135 - INFO - 데이터 저장 완료: data/politics_korean_presidents.jsonl (10 문서)
2025-08-16 22:52:25,274 - INFO - 커스텀 소스로 데이터 수집 시작: category = 대한민국_국회
2025-08-16 22:52:25,274 - INFO - 카테고리에서 링크 수집 중: 대한민국_국회
2025-08-16 22:52:26,632 - ERROR - 카테고리 링크 수집 실패: 404 Client Error: Not Found for url: https://ko.wikipedia.org/wiki/%EB%B6%84%EB%A5%98:%EB%8C%80%ED%95%9C%EB%AF%BC%EA%B5%AD_%EA%B5%AD%ED%9A%8C
2025-08-16 22:52:26,632 - ERROR - 링크 수집 실패
2025-08-16 22:52:26,768 - INFO - 커스텀 소스로 데이터 수집 시작: category = 국제법
2025-08-16 22:52:26,768 - INFO - 카테고리에서 링크 수집 중: 국제법
2025-08-16 22:52:27,860 - INFO - 카테고리에서 136개 링크 발견
2025-08-16 22:52:29,447 - INFO - 수집 완료: 단기 보호 기간 조항 (337 chars)
2025-08-16 22:52:29,447 - INFO - 진행률: 1/15 - 유효 문서: 1
2025-08-16 22:52:29,505 - INFO - 수집 완료: 국제법 (7135 chars)
2025-08-16 22:52:29,505 - INFO - 진행률: 2/15 - 유효 문서: 2
2025-08-16 22:52:29,809 - INFO - 수집 완료: WTO 패널 (850 chars)
2025-08-16 22:52:29,809 - INFO - 진행률: 3/15 - 유효 문서: 3
2025-08-16 22:52:31,231 - INFO - 수집 완료: 개입 (1461 chars)
2025-08-16 22:52:31,231 - INFO - 진행률: 4/15 - 유효 문서: 4
2025-08-16 22:52:31,262 - INFO - 수집 완료: 강행법규 (1173 chars)
2025-08-16 22:52:31,262 - INFO - 진행률: 5/15 - 유효 문서: 5
2025-08-16 22:52:31,526 - INFO - 수집 완료: 강화 조약 (2256 chars)
2025-08-16 22:52:31,527 - INFO - 진행률: 6/15 - 유효 문서: 6
2025-08-16 22:52:32,858 - INFO - 수집 완료: 관할권 (337 chars)
2025-08-16 22:52:32,858 - INFO - 진행률: 7/15 - 유효 문서: 7
2025-08-16 22:52:33,534 - WARNING - 내용이 너무 짧음: 교섭국 (87 chars)
2025-08-16 22:52:33,636 - INFO - 수집 완료: 공동통치령 (1292 chars)
2025-08-16 22:52:33,636 - INFO - 진행률: 9/15 - 유효 문서: 8
2025-08-16 22:52:34,458 - INFO - 수집 완료: 국가관할권 (426 chars)
2025-08-16 22:52:34,458 - INFO - 진행률: 10/15 - 유효 문서: 9
2025-08-16 22:52:34,998 - WARNING - 내용이 너무 짧음: 국가승계 (81 chars)
2025-08-16 22:52:35,339 - INFO - 수집 완료: 국가면제 (2142 chars)
2025-08-16 22:52:35,339 - INFO - 진행률: 12/15 - 유효 문서: 10
2025-08-16 22:52:35,573 - INFO - 수집 완료: 국가승인 (4390 chars)
2025-08-16 22:52:35,573 - INFO - 진행률: 13/15 - 유효 문서: 11
2025-08-16 22:52:36,762 - INFO - 수집 완료: 국가행위론 (295 chars)
2025-08-16 22:52:36,762 - INFO - 진행률: 14/15 - 유효 문서: 12
2025-08-16 22:52:36,816 - INFO - 수집 완료: 국가책임 (2206 chars)
2025-08-16 22:52:36,816 - INFO - 진행률: 15/15 - 유효 문서: 13
2025-08-16 22:52:36,817 - INFO - 데이터 저장 완료: data/law_international.jsonl (13 문서)
2025-08-16 22:52:36,962 - INFO - 커스텀 소스로 데이터 수집 시작: category = 선거
2025-08-16 22:52:36,963 - INFO - 카테고리에서 링크 수집 중: 선거
2025-08-16 22:52:38,249 - INFO - 카테고리에서 59개 링크 발견
2025-08-16 22:52:40,025 - INFO - 수집 완료: -elect (326 chars)
2025-08-16 22:52:40,025 - INFO - 진행률: 1/15 - 유효 문서: 1
2025-08-16 22:52:40,125 - INFO - 수집 완료: 선거 (1836 chars)
2025-08-16 22:52:40,130 - INFO - 진행률: 2/15 - 유효 문서: 2
2025-08-16 22:52:40,135 - INFO - 수집 완료: 간접 민주제 (201 chars)
2025-08-16 22:52:40,136 - INFO - 진행률: 3/15 - 유효 문서: 3
2025-08-16 22:52:41,529 - INFO - 수집 완료: 공개 선거 (401 chars)
2025-08-16 22:52:41,529 - INFO - 진행률: 4/15 - 유효 문서: 4
2025-08-16 22:52:41,748 - INFO - 수집 완료: 공천 (442 chars)
2025-08-16 22:52:41,748 - INFO - 진행률: 5/15 - 유효 문서: 5
2025-08-16 22:52:41,996 - WARNING - 내용이 너무 짧음: 고정표 (185 chars)
2025-08-16 22:52:43,423 - WARNING - 내용이 너무 짧음: 기권표 (157 chars)
2025-08-16 22:52:43,447 - INFO - 수집 완료: 관권선거 (515 chars)
2025-08-16 22:52:43,447 - INFO - 진행률: 8/15 - 유효 문서: 6
2025-08-16 22:52:43,558 - WARNING - 내용이 너무 짧음: 기권 (선거) (74 chars)
2025-08-16 22:52:44,899 - INFO - 수집 완료: 다수자 (552 chars)
2025-08-16 22:52:44,899 - INFO - 진행률: 10/15 - 유효 문서: 7
2025-08-16 22:52:45,053 - INFO - 수집 완료: 기명후보 (247 chars)
2025-08-16 22:52:45,053 - INFO - 진행률: 11/15 - 유효 문서: 8
2025-08-16 22:52:45,072 - INFO - 수집 완료: 기탁금 (897 chars)
2025-08-16 22:52:45,072 - INFO - 진행률: 12/15 - 유효 문서: 9
2025-08-16 22:52:46,489 - INFO - 수집 완료: 대리 투표 (382 chars)
2025-08-16 22:52:46,489 - INFO - 진행률: 13/15 - 유효 문서: 10
2025-08-16 22:52:46,671 - INFO - 수집 완료: 다운스의 역설 (340 chars)
2025-08-16 22:52:46,671 - INFO - 진행률: 14/15 - 유효 문서: 11
2025-08-16 22:52:47,437 - INFO - 수집 완료: 다원제 (245 chars)
2025-08-16 22:52:47,438 - INFO - 진행률: 15/15 - 유효 문서: 12
2025-08-16 22:52:47,438 - INFO - 데이터 저장 완료: data/politics_elections.jsonl (12 문서)
2025-08-16 22:52:47,575 - INFO - 커스텀 소스로 데이터 수집 시작: category = 외교
2025-08-16 22:52:47,575 - INFO - 카테고리에서 링크 수집 중: 외교
2025-08-16 22:52:48,773 - INFO - 카테고리에서 55개 링크 발견
2025-08-16 22:52:50,206 - INFO - 수집 완료: 외교 사절 (653 chars)
2025-08-16 22:52:50,206 - INFO - 진행률: 1/15 - 유효 문서: 1
2025-08-16 22:52:50,393 - INFO - 수집 완료: 외교 (1087 chars)
2025-08-16 22:52:50,393 - INFO - 진행률: 2/15 - 유효 문서: 2
2025-08-16 22:52:50,924 - INFO - 수집 완료: MIKTA (541 chars)
2025-08-16 22:52:50,924 - INFO - 진행률: 3/15 - 유효 문서: 3
2025-08-16 22:52:51,504 - INFO - 수집 완료: 강화 조약 (2256 chars)
2025-08-16 22:52:51,505 - INFO - 진행률: 4/15 - 유효 문서: 4
2025-08-16 22:52:51,822 - INFO - 수집 완료: 각서 (341 chars)
2025-08-16 22:52:51,822 - INFO - 진행률: 5/15 - 유효 문서: 5
2025-08-16 22:52:52,720 - WARNING - 내용이 너무 짧음: 거두회담 (193 chars)
2025-08-16 22:52:53,343 - INFO - 수집 완료: 경제 외교 (9421 chars)
2025-08-16 22:52:53,343 - INFO - 진행률: 7/15 - 유효 문서: 6
2025-08-16 22:52:53,415 - INFO - 수집 완료: 고려-일본 관계 (634 chars)
2025-08-16 22:52:53,415 - INFO - 진행률: 8/15 - 유효 문서: 7
2025-08-16 22:52:54,727 - WARNING - 내용이 너무 짧음: 관세자주권 (99 chars)
2025-08-16 22:52:54,823 - INFO - 수집 완료: 교환공문 (484 chars)
2025-08-16 22:52:54,824 - INFO - 진행률: 10/15 - 유효 문서: 8
2025-08-16 22:52:54,888 - WARNING - 내용이 너무 짧음: 공동 성명 (143 chars)
2025-08-16 22:52:56,282 - INFO - 수집 완료: 국교단절 (244 chars)
2025-08-16 22:52:56,282 - INFO - 진행률: 12/15 - 유효 문서: 9
2025-08-16 22:52:56,423 - WARNING - 내용이 너무 짧음: 구상서 (91 chars)
2025-08-16 22:52:56,754 - INFO - 수집 완료: 교황청 대사관 (544 chars)
2025-08-16 22:52:56,754 - INFO - 진행률: 14/15 - 유효 문서: 10
2025-08-16 22:52:58,272 - INFO - 수집 완료: 국제수로 (252 chars)
2025-08-16 22:52:58,272 - INFO - 진행률: 15/15 - 유효 문서: 11
2025-08-16 22:52:58,273 - INFO - 데이터 저장 완료: data/politics_diplomacy.jsonl (11 문서)
2025-08-16 22:52:58,418 - INFO - 커스텀 소스로 데이터 수집 시작: category = 무역
2025-08-16 22:52:58,418 - INFO - 카테고리에서 링크 수집 중: 무역
2025-08-16 22:52:59,195 - INFO - 카테고리에서 25개 링크 발견
2025-08-16 22:53:00,668 - INFO - 수집 완료: 무역 (2428 chars)
2025-08-16 22:53:00,668 - INFO - 진행률: 1/15 - 유효 문서: 1
2025-08-16 22:53:00,972 - INFO - 수집 완료: EC21 (623 chars)
2025-08-16 22:53:00,972 - INFO - 진행률: 2/15 - 유효 문서: 2
2025-08-16 22:53:00,987 - INFO - 수집 완료: HS코드 (459 chars)
2025-08-16 22:53:00,987 - INFO - 진행률: 3/15 - 유효 문서: 3
2025-08-16 22:53:02,407 - INFO - 수집 완료: 긴급 수입제한 조치 (1171 chars)
2025-08-16 22:53:02,408 - INFO - 진행률: 4/15 - 유효 문서: 4
2025-08-16 22:53:02,573 - INFO - 수집 완료: 국경무역 (797 chars)
2025-08-16 22:53:02,573 - INFO - 진행률: 5/15 - 유효 문서: 5
2025-08-16 22:53:02,721 - INFO - 수집 완료: 구매력 평가 (358 chars)
2025-08-16 22:53:02,721 - INFO - 진행률: 6/15 - 유효 문서: 6
2025-08-16 22:53:03,743 - INFO - 수집 완료: 동제사 (2196 chars)
2025-08-16 22:53:03,743 - INFO - 진행률: 7/15 - 유효 문서: 7
2025-08-16 22:53:04,223 - INFO - 수집 완료: 김종부 (기업인) (317 chars)
2025-08-16 22:53:04,223 - INFO - 진행률: 8/15 - 유효 문서: 8
2025-08-16 22:53:04,356 - INFO - 수집 완료: 무역구제 (748 chars)
2025-08-16 22:53:04,356 - INFO - 진행률: 9/15 - 유효 문서: 9
2025-08-16 22:53:05,167 - INFO - 수집 완료: 무역특화지수 (410 chars)
2025-08-16 22:53:05,167 - INFO - 진행률: 10/15 - 유효 문서: 10
2025-08-16 22:53:06,143 - INFO - 수집 완료: 법률시장개방 (274 chars)
2025-08-16 22:53:06,144 - INFO - 진행률: 11/15 - 유효 문서: 11
2025-08-16 22:53:06,235 - INFO - 수집 완료: 물물교환 (690 chars)
2025-08-16 22:53:06,235 - INFO - 진행률: 12/15 - 유효 문서: 12
2025-08-16 22:53:06,968 - WARNING - 내용이 너무 짧음: 보세 (관세법) (162 chars)
2025-08-16 22:53:07,905 - INFO - 수집 완료: 상업화 (2242 chars)
2025-08-16 22:53:07,905 - INFO - 진행률: 14/15 - 유효 문서: 13
2025-08-16 22:53:07,976 - WARNING - 내용이 너무 짧음: 보세구역 (78 chars)
2025-08-16 22:53:07,977 - INFO - 데이터 저장 완료: data/economy_trade.jsonl (13 문서)
2025-08-16 22:53:08,117 - INFO - 커스텀 소스로 데이터 수집 시작: category = 마케팅
2025-08-16 22:53:08,117 - INFO - 카테고리에서 링크 수집 중: 마케팅
2025-08-16 22:53:09,413 - INFO - 카테고리에서 106개 링크 발견
2025-08-16 22:53:10,562 - INFO - 수집 완료: 마케팅 (3748 chars)
2025-08-16 22:53:10,562 - INFO - 진행률: 1/15 - 유효 문서: 1
2025-08-16 22:53:10,689 - INFO - 수집 완료: BCG 매트릭스 (401 chars)
2025-08-16 22:53:10,689 - INFO - 진행률: 2/15 - 유효 문서: 2
2025-08-16 22:53:10,968 - INFO - 수집 완료: B4B (579 chars)
2025-08-16 22:53:10,968 - INFO - 진행률: 3/15 - 유효 문서: 3
2025-08-16 22:53:11,678 - INFO - 수집 완료: PEST 분석 (405 chars)
2025-08-16 22:53:11,678 - INFO - 진행률: 4/15 - 유효 문서: 4
2025-08-16 22:53:12,156 - INFO - 수집 완료: PR (마케팅) (1267 chars)
2025-08-16 22:53:12,156 - INFO - 진행률: 5/15 - 유효 문서: 5
2025-08-16 22:53:12,750 - INFO - 수집 완료: RFM (328 chars)
2025-08-16 22:53:12,751 - INFO - 진행률: 6/15 - 유효 문서: 6
2025-08-16 22:53:13,492 - INFO - 수집 완료: STP 마케팅 (545 chars)
2025-08-16 22:53:13,492 - INFO - 진행률: 7/15 - 유효 문서: 7
2025-08-16 22:53:13,750 - INFO - 수집 완료: XTL (2175 chars)
2025-08-16 22:53:13,750 - INFO - 진행률: 8/15 - 유효 문서: 8
2025-08-16 22:53:14,768 - INFO - 수집 완료: 가격 결정 (4671 chars)
2025-08-16 22:53:14,768 - INFO - 진행률: 9/15 - 유효 문서: 9
2025-08-16 22:53:14,888 - INFO - 수집 완료: 감정 노동 (7019 chars)
2025-08-16 22:53:14,888 - INFO - 진행률: 10/15 - 유효 문서: 10
2025-08-16 22:53:14,917 - INFO - 수집 완료: 가맹업 (570 chars)
2025-08-16 22:53:14,918 - INFO - 진행률: 11/15 - 유효 문서: 11
2025-08-16 22:53:16,285 - WARNING - 내용이 너무 짧음: 검색광고마케터 (140 chars)
2025-08-16 22:53:16,578 - WARNING - 내용이 너무 짧음: 강점 (114 chars)
2025-08-16 22:53:16,991 - INFO - 수집 완료: 계획적 구식화 (11331 chars)
2025-08-16 22:53:16,991 - INFO - 진행률: 14/15 - 유효 문서: 12
2025-08-16 22:53:17,398 - INFO - 수집 완료: 고객 관계 관리 (408 chars)
2025-08-16 22:53:17,398 - INFO - 진행률: 15/15 - 유효 문서: 13
2025-08-16 22:53:17,399 - INFO - 데이터 저장 완료: data/economy_marketing.jsonl (13 문서)
2025-08-16 22:53:17,550 - INFO - 커스텀 소스로 데이터 수집 시작: category = 재무관리
2025-08-16 22:53:17,550 - INFO - 카테고리에서 링크 수집 중: 재무관리
2025-08-16 22:53:18,507 - INFO - 카테고리에서 4개 링크 발견
2025-08-16 22:53:20,088 - INFO - 수집 완료: 자본예산 (393 chars)
2025-08-16 22:53:20,088 - INFO - 진행률: 1/4 - 유효 문서: 1
2025-08-16 22:53:20,143 - INFO - 수집 완료: 재무관리 (1727 chars)
2025-08-16 22:53:20,143 - INFO - 진행률: 2/4 - 유효 문서: 2
2025-08-16 22:53:20,228 - INFO - 수집 완료: 웰스 매니지먼트 (535 chars)
2025-08-16 22:53:20,228 - INFO - 진행률: 3/4 - 유효 문서: 3
2025-08-16 22:53:21,885 - INFO - 수집 완료: 자산관리 (489 chars)
2025-08-16 22:53:21,885 - INFO - 진행률: 4/4 - 유효 문서: 4
2025-08-16 22:53:21,886 - INFO - 데이터 저장 완료: data/economy_financial_management.jsonl (4 문서)
2025-08-16 22:53:22,027 - INFO - 커스텀 소스로 데이터 수집 시작: category = 세금
2025-08-16 22:53:22,027 - INFO - 카테고리에서 링크 수집 중: 세금
2025-08-16 22:53:22,621 - INFO - 카테고리에서 1개 링크 발견
2025-08-16 22:53:24,094 - INFO - 수집 완료: 침실세 (6451 chars)
2025-08-16 22:53:24,094 - INFO - 진행률: 1/1 - 유효 문서: 1
2025-08-16 22:53:24,095 - INFO - 데이터 저장 완료: data/economy_tax.jsonl (1 문서)
2025-08-16 22:53:24,242 - INFO - 커스텀 소스로 데이터 수집 시작: category = 대한민국의_기업
2025-08-16 22:53:24,242 - INFO - 카테고리에서 링크 수집 중: 대한민국의_기업
2025-08-16 22:53:24,546 - INFO - 카테고리에서 200개 링크 발견
2025-08-16 22:53:25,867 - WARNING - 내용이 너무 짧음: 143엔터테인먼트 (0 chars)
2025-08-16 22:53:26,062 - WARNING - 내용이 너무 짧음: AD모터스 (187 chars)
2025-08-16 22:53:26,519 - INFO - 수집 완료: ABKO (380 chars)
2025-08-16 22:53:26,519 - INFO - 진행률: 3/15 - 유효 문서: 1
2025-08-16 22:53:27,394 - WARNING - 내용이 너무 짧음: AK홀딩스 (136 chars)
2025-08-16 22:53:27,471 - INFO - 수집 완료: AJ가족 (314 chars)
2025-08-16 22:53:27,471 - INFO - 진행률: 5/15 - 유효 문서: 2
2025-08-16 22:53:27,867 - INFO - 수집 완료: AP시스템 (238 chars)
2025-08-16 22:53:27,867 - INFO - 진행률: 6/15 - 유효 문서: 3
2025-08-16 22:53:28,802 - WARNING - 내용이 너무 짧음: AP헬스케어 (159 chars)
2025-08-16 22:53:29,031 - WARNING - 내용이 너무 짧음: AP위성 (120 chars)
2025-08-16 22:53:29,291 - INFO - 수집 완료: ASSA (247 chars)
2025-08-16 22:53:29,291 - INFO - 진행률: 9/15 - 유효 문서: 4
2025-08-16 22:53:30,134 - WARNING - 내용이 너무 짧음: BS그룹 (123 chars)
2025-08-16 22:53:30,821 - INFO - 수집 완료: Buxi (432 chars)
2025-08-16 22:53:30,821 - INFO - 진행률: 11/15 - 유효 문서: 5
2025-08-16 22:53:31,085 - WARNING - 내용이 너무 짧음: C9 엔터테인먼트 (0 chars)
2025-08-16 22:53:31,720 - WARNING - 내용이 너무 짧음: CBI (기업) (142 chars)
2025-08-16 22:53:31,943 - INFO - 수집 완료: CG인바이츠 (237 chars)
2025-08-16 22:53:31,943 - INFO - 진행률: 14/15 - 유효 문서: 6
2025-08-16 22:53:32,859 - INFO - 수집 완료: CheckmateKorea (575 chars)
2025-08-16 22:53:32,859 - INFO - 진행률: 15/15 - 유효 문서: 7
2025-08-16 22:53:32,860 - INFO - 데이터 저장 완료: data/economy_korean_companies.jsonl (7 문서)
2025-08-16 22:53:33,004 - INFO - 커스텀 소스로 데이터 수집 시작: category = 노동
2025-08-16 22:53:33,005 - INFO - 카테고리에서 링크 수집 중: 노동
2025-08-16 22:53:34,184 - INFO - 카테고리에서 59개 링크 발견
2025-08-16 22:53:36,047 - INFO - 수집 완료: 고용 (8339 chars)
2025-08-16 22:53:36,047 - INFO - 진행률: 1/15 - 유효 문서: 1
2025-08-16 22:53:36,193 - WARNING - 내용이 너무 짧음: 고용감소 성장 (99 chars)
2025-08-16 22:53:36,208 - INFO - 수집 완료: 공수 (노동) (444 chars)
2025-08-16 22:53:36,208 - INFO - 진행률: 3/15 - 유효 문서: 2
2025-08-16 22:53:37,588 - INFO - 수집 완료: 그림자 채용 (719 chars)
2025-08-16 22:53:37,588 - INFO - 진행률: 4/15 - 유효 문서: 3
2025-08-16 22:53:37,624 - INFO - 수집 완료: 근로자이사제 (968 chars)
2025-08-16 22:53:37,625 - INFO - 진행률: 5/15 - 유효 문서: 4
2025-08-16 22:53:37,870 - WARNING - 내용이 너무 짧음: 과업 (79 chars)
2025-08-16 22:53:39,446 - INFO - 수집 완료: 노동경제학 (1055 chars)
2025-08-16 22:53:39,447 - INFO - 진행률: 7/15 - 유효 문서: 5
2025-08-16 22:53:39,631 - INFO - 수집 완료: 노동계급 (5147 chars)
2025-08-16 22:53:39,631 - INFO - 진행률: 8/15 - 유효 문서: 6
2025-08-16 22:53:39,863 - INFO - 수집 완료: 노동력 (426 chars)
2025-08-16 22:53:39,863 - INFO - 진행률: 9/15 - 유효 문서: 7
2025-08-16 22:53:41,008 - INFO - 수집 완료: 노동운동 (2626 chars)
2025-08-16 22:53:41,009 - INFO - 진행률: 10/15 - 유효 문서: 8
2025-08-16 22:53:41,233 - WARNING - 내용이 너무 짧음: 노동수요 (160 chars)
2025-08-16 22:53:41,980 - INFO - 수집 완료: 노동으로서의 예술에 대한 논쟁 (9880 chars)
2025-08-16 22:53:41,980 - INFO - 진행률: 12/15 - 유효 문서: 9
2025-08-16 22:53:42,865 - INFO - 수집 완료: 노동자 경영 참여 (1768 chars)
2025-08-16 22:53:42,866 - INFO - 진행률: 13/15 - 유효 문서: 10
2025-08-16 22:53:43,023 - INFO - 수집 완료: 노동자 (1071 chars)
2025-08-16 22:53:43,023 - INFO - 진행률: 14/15 - 유효 문서: 11
2025-08-16 22:53:43,797 - WARNING - 내용이 너무 짧음: 노동절 (미국) (59 chars)
2025-08-16 22:53:43,798 - INFO - 데이터 저장 완료: data/economy_labor.jsonl (11 문서)
2025-08-16 22:53:43,949 - INFO - 커스텀 소스로 데이터 수집 시작: category = 언론
2025-08-16 22:53:43,949 - INFO - 카테고리에서 링크 수집 중: 언론
2025-08-16 22:53:45,438 - INFO - 카테고리에서 36개 링크 발견
2025-08-16 22:53:46,895 - WARNING - 내용이 너무 짧음: 게이트키핑 (117 chars)
2025-08-16 22:53:47,190 - INFO - 수집 완료: 개방형 브리핑룸 제도 (1359 chars)
2025-08-16 22:53:47,191 - INFO - 진행률: 2/20 - 유효 문서: 1
2025-08-16 22:53:47,521 - INFO - 수집 완료: 저널리즘 (1359 chars)
2025-08-16 22:53:47,522 - INFO - 진행률: 3/20 - 유효 문서: 2
2025-08-16 22:53:48,513 - WARNING - 내용이 너무 짧음: 경마 저널리즘 (175 chars)
2025-08-16 22:53:48,648 - INFO - 수집 완료: 기사 (저널리즘) (731 chars)
2025-08-16 22:53:48,648 - INFO - 진행률: 5/20 - 유효 문서: 3
2025-08-16 22:53:48,857 - INFO - 수집 완료: 국제 팩트체킹 네트워크 (931 chars)
2025-08-16 22:53:48,857 - INFO - 진행률: 6/20 - 유효 문서: 4
2025-08-16 22:53:49,976 - INFO - 수집 완료: 기자 클럽 (4410 chars)
2025-08-16 22:53:49,977 - INFO - 진행률: 7/20 - 유효 문서: 5
2025-08-16 22:53:50,456 - INFO - 수집 완료: 기자실 (1301 chars)
2025-08-16 22:53:50,456 - INFO - 진행률: 8/20 - 유효 문서: 6
2025-08-16 22:53:50,527 - WARNING - 내용이 너무 짧음: 뉴 저널리즘 (158 chars)
2025-08-16 22:53:51,390 - INFO - 수집 완료: 뉴스 가치 (1153 chars)
2025-08-16 22:53:51,390 - INFO - 진행률: 10/20 - 유효 문서: 7
2025-08-16 22:53:51,953 - WARNING - 내용이 너무 짧음: 뉴지엄 (56 chars)
2025-08-16 22:53:52,084 - WARNING - 내용이 너무 짧음: 뉴스 엠바고 (139 chars)
2025-08-16 22:53:52,537 - INFO - 수집 완료: 대한민국 정부의 기자실과 기자단 (7850 chars)
2025-08-16 22:53:52,537 - INFO - 진행률: 13/20 - 유효 문서: 8
2025-08-16 22:53:53,701 - WARNING - 내용이 너무 짧음: 르포르타주 (197 chars)
2025-08-16 22:53:53,755 - INFO - 수집 완료: 데이터 저널리즘 (1576 chars)
2025-08-16 22:53:53,755 - INFO - 진행률: 15/20 - 유효 문서: 9
2025-08-16 22:53:53,967 - INFO - 수집 완료: 모바일 신문 (1010 chars)
2025-08-16 22:53:53,968 - INFO - 진행률: 16/20 - 유효 문서: 10
2025-08-16 22:53:55,486 - INFO - 수집 완료: 뮌헨 윤리 헌장 (290 chars)
2025-08-16 22:53:55,487 - INFO - 진행률: 17/20 - 유효 문서: 11
2025-08-16 22:53:55,529 - WARNING - 내용이 너무 짧음: 보도국 (173 chars)
2025-08-16 22:53:55,764 - WARNING - 내용이 너무 짧음: 비디오 저널리즘 (116 chars)
2025-08-16 22:53:57,282 - INFO - 수집 완료: 사회적 포르노 (616 chars)
2025-08-16 22:53:57,283 - INFO - 진행률: 20/20 - 유효 문서: 12
2025-08-16 22:53:57,284 - INFO - 데이터 저장 완료: data/society_media.jsonl (12 문서)
2025-08-16 22:53:57,429 - INFO - 커스텀 소스로 데이터 수집 시작: category = 여성주의
2025-08-16 22:53:57,429 - INFO - 카테고리에서 링크 수집 중: 여성주의
2025-08-16 22:53:58,257 - INFO - 카테고리에서 41개 링크 발견
2025-08-16 22:53:59,468 - INFO - 수집 완료: 여성주의 (4957 chars)
2025-08-16 22:53:59,468 - INFO - 진행률: 1/20 - 유효 문서: 1
2025-08-16 22:54:00,452 - INFO - 수집 완료: 강간 문화 (1072 chars)
2025-08-16 22:54:00,453 - INFO - 진행률: 2/20 - 유효 문서: 2
2025-08-16 22:54:00,527 - INFO - 수집 완료: 2017년 여성 행진 (2402 chars)
2025-08-16 22:54:00,527 - INFO - 진행률: 3/20 - 유효 문서: 3
2025-08-16 22:54:01,056 - WARNING - 내용이 너무 짧음: 검은 삼각형 (100 chars)
2025-08-16 22:54:02,468 - INFO - 수집 완료: 근우회 (1205 chars)
2025-08-16 22:54:02,468 - INFO - 진행률: 5/20 - 유효 문서: 4
2025-08-16 22:54:02,571 - INFO - 수집 완료: 급진적 여성주의 (4507 chars)
2025-08-16 22:54:02,571 - INFO - 진행률: 6/20 - 유효 문서: 5
2025-08-16 22:54:02,645 - INFO - 수집 완료: 길거리 괴롭힘 (645 chars)
2025-08-16 22:54:02,645 - INFO - 진행률: 7/20 - 유효 문서: 6
2025-08-16 22:54:04,167 - INFO - 수집 완료: 다양성, 형평성, 포용성 (1171 chars)
2025-08-16 22:54:04,167 - INFO - 진행률: 8/20 - 유효 문서: 7
2025-08-16 22:54:04,246 - INFO - 수집 완료: 라아단 (260 chars)
2025-08-16 22:54:04,246 - INFO - 진행률: 9/20 - 유효 문서: 8
2025-08-16 22:54:04,746 - INFO - 수집 완료: 김활란 (18872 chars)
2025-08-16 22:54:04,746 - INFO - 진행률: 10/20 - 유효 문서: 9
2025-08-16 22:54:06,585 - INFO - 수집 완료: 마틸다 효과 (378 chars)
2025-08-16 22:54:06,585 - INFO - 진행률: 11/20 - 유효 문서: 10
2025-08-16 22:54:07,317 - INFO - 수집 완료: 무정부 여성주의 (9019 chars)
2025-08-16 22:54:07,317 - INFO - 진행률: 12/20 - 유효 문서: 11
2025-08-16 22:54:07,375 - INFO - 수집 완료: 반여성주의 (440 chars)
2025-08-16 22:54:07,375 - INFO - 진행률: 13/20 - 유효 문서: 12
2025-08-16 22:54:08,911 - INFO - 수집 완료: 사이보그 선언 (1156 chars)
2025-08-16 22:54:08,911 - INFO - 진행률: 14/20 - 유효 문서: 13
2025-08-16 22:54:09,014 - INFO - 수집 완료: 사회주의적 여성주의 (270 chars)
2025-08-16 22:54:09,014 - INFO - 진행률: 15/20 - 유효 문서: 14
2025-08-16 22:54:09,073 - INFO - 수집 완료: 벡델 테스트 (7667 chars)
2025-08-16 22:54:09,074 - INFO - 진행률: 16/20 - 유효 문서: 15
2025-08-16 22:54:10,718 - INFO - 수집 완료: 성 중립성 (468 chars)
2025-08-16 22:54:10,718 - INFO - 진행률: 17/20 - 유효 문서: 16
2025-08-16 22:54:10,852 - INFO - 수집 완료: 아리스토텔레스의 여성관 (241 chars)
2025-08-16 22:54:10,852 - INFO - 진행률: 18/20 - 유효 문서: 17
2025-08-16 22:54:11,055 - INFO - 수집 완료: 성적 대상화 (5288 chars)
2025-08-16 22:54:11,056 - INFO - 진행률: 19/20 - 유효 문서: 18
2025-08-16 22:54:12,333 - INFO - 수집 완료: 알페스 (2708 chars)
2025-08-16 22:54:12,333 - INFO - 진행률: 20/20 - 유효 문서: 19
2025-08-16 22:54:12,334 - INFO - 데이터 저장 완료: data/society_feminism.jsonl (19 문서)
2025-08-16 22:54:12,482 - INFO - 커스텀 소스로 데이터 수집 시작: category = 인권
2025-08-16 22:54:12,482 - INFO - 카테고리에서 링크 수집 중: 인권
2025-08-16 22:54:13,595 - INFO - 카테고리에서 79개 링크 발견
2025-08-16 22:54:15,322 - INFO - 수집 완료: 인권 (5920 chars)
2025-08-16 22:54:15,322 - INFO - 진행률: 1/20 - 유효 문서: 1
2025-08-16 22:54:15,336 - WARNING - 내용이 너무 짧음: 가족구성권 (136 chars)
2025-08-16 22:54:15,536 - INFO - 수집 완료: 개인정보처리방침 (1121 chars)
2025-08-16 22:54:15,536 - INFO - 진행률: 3/20 - 유효 문서: 2
2025-08-16 22:54:16,756 - INFO - 수집 완료: 건강한 환경에 대한 권리 (593 chars)
2025-08-16 22:54:16,756 - INFO - 진행률: 4/20 - 유효 문서: 3
2025-08-16 22:54:17,163 - WARNING - 내용이 너무 짧음: 건강권 (117 chars)
2025-08-16 22:54:17,559 - INFO - 수집 완료: 과로사 (3527 chars)
2025-08-16 22:54:17,560 - INFO - 진행률: 6/20 - 유효 문서: 4
2025-08-16 22:54:18,173 - INFO - 수집 완료: 국가별인권상황정기검토 (444 chars)
2025-08-16 22:54:18,173 - INFO - 진행률: 7/20 - 유효 문서: 5
2025-08-16 22:54:18,755 - INFO - 수집 완료: 국제 권리 장전 (373 chars)
2025-08-16 22:54:18,755 - INFO - 진행률: 8/20 - 유효 문서: 6
2025-08-16 22:54:19,010 - WARNING - 내용이 너무 짧음: 국제 노예제 철폐의 날 (173 chars)
2025-08-16 22:54:19,978 - WARNING - 내용이 너무 짧음: 국제언론자유상 (129 chars)
2025-08-16 22:54:20,736 - INFO - 수집 완료: 국제인도법 (621 chars)
2025-08-16 22:54:20,736 - INFO - 진행률: 11/20 - 유효 문서: 7
2025-08-16 22:54:20,814 - WARNING - 내용이 너무 짧음: 국제최소기준 (98 chars)
2025-08-16 22:54:21,884 - WARNING - 내용이 너무 짧음: 국회인권상 (157 chars)
2025-08-16 22:54:22,189 - INFO - 수집 완료: 굴라크 (2112 chars)
2025-08-16 22:54:22,189 - INFO - 진행률: 14/20 - 유효 문서: 8
2025-08-16 22:54:22,409 - WARNING - 내용이 너무 짧음: 귀환권 (119 chars)
2025-08-16 22:54:24,001 - INFO - 수집 완료: 난센 난민상 (246 chars)
2025-08-16 22:54:24,001 - INFO - 진행률: 16/20 - 유효 문서: 9
2025-08-16 22:54:24,058 - WARNING - 내용이 너무 짧음: 낙태 권리 운동 (140 chars)
2025-08-16 22:54:25,494 - INFO - 수집 완료: 대중감시 (1431 chars)
2025-08-16 22:54:25,495 - INFO - 진행률: 18/20 - 유효 문서: 10
2025-08-16 22:54:25,804 - INFO - 수집 완료: 남성운동 (750 chars)
2025-08-16 22:54:25,805 - INFO - 진행률: 19/20 - 유효 문서: 11
2025-08-16 22:54:30,917 - INFO - 수집 완료: 나라별 성소수자의 법률상 권리 (319 chars)
2025-08-16 22:54:30,918 - INFO - 진행률: 20/20 - 유효 문서: 12
2025-08-16 22:54:30,918 - INFO - 데이터 저장 완료: data/society_human_rights.jsonl (12 문서)
2025-08-16 22:54:31,073 - INFO - 커스텀 소스로 데이터 수집 시작: category = 도시
2025-08-16 22:54:31,073 - INFO - 카테고리에서 링크 수집 중: 도시
2025-08-16 22:54:32,176 - INFO - 카테고리에서 37개 링크 발견
2025-08-16 22:54:33,836 - INFO - 수집 완료: 도시 (6127 chars)
2025-08-16 22:54:33,836 - INFO - 진행률: 1/20 - 유효 문서: 1
2025-08-16 22:54:34,343 - WARNING - 내용이 너무 짧음: 국내총생산순 도시 목록 (84 chars)
2025-08-16 22:54:35,012 - INFO - 수집 완료: GaWC (1026 chars)
2025-08-16 22:54:35,013 - INFO - 진행률: 3/20 - 유효 문서: 2
2025-08-16 22:54:35,931 - INFO - 수집 완료: 기후변화와 도시 (8180 chars)
2025-08-16 22:54:35,931 - INFO - 진행률: 4/20 - 유효 문서: 3
2025-08-16 22:54:35,999 - INFO - 수집 완료: 네크로폴리스 (463 chars)
2025-08-16 22:54:36,000 - INFO - 진행률: 5/20 - 유효 문서: 4
2025-08-16 22:54:36,798 - INFO - 수집 완료: 다운타운 (1348 chars)
2025-08-16 22:54:36,798 - INFO - 진행률: 6/20 - 유효 문서: 5
2025-08-16 22:54:37,333 - WARNING - 내용이 너무 짧음: 대구 경북 행정 통합 (0 chars)
2025-08-16 22:54:37,778 - WARNING - 내용이 너무 짧음: 대전 충남 행정 통합 (0 chars)
2025-08-16 22:54:38,917 - INFO - 수집 완료: 도시 마케팅 (1101 chars)
2025-08-16 22:54:38,917 - INFO - 진행률: 9/20 - 유효 문서: 6
2025-08-16 22:54:39,005 - INFO - 수집 완료: 도시 기후 리더십 그룹 (364 chars)
2025-08-16 22:54:39,005 - INFO - 진행률: 10/20 - 유효 문서: 7
2025-08-16 22:54:39,776 - INFO - 수집 완료: 도시 문화 (4620 chars)
2025-08-16 22:54:39,776 - INFO - 진행률: 11/20 - 유효 문서: 8
2025-08-16 22:54:40,306 - INFO - 수집 완료: 도시과학 (244 chars)
2025-08-16 22:54:40,307 - INFO - 진행률: 12/20 - 유효 문서: 9
2025-08-16 22:54:40,408 - INFO - 수집 완료: 도심 (1732 chars)
2025-08-16 22:54:40,408 - INFO - 진행률: 13/20 - 유효 문서: 10
2025-08-16 22:54:41,399 - WARNING - 내용이 너무 짧음: 라투르 (180 chars)
2025-08-16 22:54:41,987 - INFO - 수집 완료: 르'리에 (412 chars)
2025-08-16 22:54:41,987 - INFO - 진행률: 15/20 - 유효 문서: 11
2025-08-16 22:54:42,285 - WARNING - 내용이 너무 짧음: 록햄프턴 (126 chars)
2025-08-16 22:54:43,094 - INFO - 수집 완료: 메갈로폴리스 (486 chars)
2025-08-16 22:54:43,094 - INFO - 진행률: 17/20 - 유효 문서: 12
2025-08-16 22:54:43,175 - WARNING - 내용이 너무 짧음: 리브컴 어워드 (54 chars)
2025-08-16 22:54:43,872 - WARNING - 내용이 너무 짧음: 무방비 도시 (93 chars)
2025-08-16 22:54:44,488 - WARNING - 내용이 너무 짧음: 부산 경남 행정 통합 (0 chars)
2025-08-16 22:54:44,489 - INFO - 데이터 저장 완료: data/society_cities.jsonl (12 문서)
2025-08-16 22:54:44,632 - INFO - 커스텀 소스로 데이터 수집 시작: category = 관광
2025-08-16 22:54:44,632 - INFO - 카테고리에서 링크 수집 중: 관광
2025-08-16 22:54:45,851 - INFO - 카테고리에서 27개 링크 발견
2025-08-16 22:54:47,347 - INFO - 수집 완료: 가이드북 (452 chars)
2025-08-16 22:54:47,347 - INFO - 진행률: 1/20 - 유효 문서: 1
2025-08-16 22:54:47,497 - INFO - 수집 완료: 관광 (4927 chars)
2025-08-16 22:54:47,497 - INFO - 진행률: 2/20 - 유효 문서: 2
2025-08-16 22:54:47,967 - INFO - 수집 완료: 여행주간 (527 chars)
2025-08-16 22:54:47,967 - INFO - 진행률: 3/20 - 유효 문서: 3
2025-08-16 22:54:49,149 - INFO - 수집 완료: 고래 관광 (412 chars)
2025-08-16 22:54:49,149 - INFO - 진행률: 4/20 - 유효 문서: 4
2025-08-16 22:54:49,577 - INFO - 수집 완료: 관광농업 (416 chars)
2025-08-16 22:54:49,577 - INFO - 진행률: 5/20 - 유효 문서: 5
2025-08-16 22:54:49,709 - INFO - 수집 완료: 관광 가이드 (236 chars)
2025-08-16 22:54:49,709 - INFO - 진행률: 6/20 - 유효 문서: 6
2025-08-16 22:54:51,043 - WARNING - 내용이 너무 짧음: 관광세 (128 chars)
2025-08-16 22:54:51,201 - WARNING - 내용이 너무 짧음: 관광시민 (0 chars)
2025-08-16 22:54:51,310 - INFO - 수집 완료: 관광열차 (809 chars)
2025-08-16 22:54:51,310 - INFO - 진행률: 9/20 - 유효 문서: 7
2025-08-16 22:54:52,318 - WARNING - 내용이 너무 짧음: 국제의료관광코디네이터 (160 chars)
2025-08-16 22:54:52,835 - WARNING - 내용이 너무 짧음: 관광통역안내사 (130 chars)
2025-08-16 22:54:52,944 - WARNING - 내용이 너무 짧음: 기념품 (138 chars)
2025-08-16 22:54:54,094 - INFO - 수집 완료: 여행 (2964 chars)
2025-08-16 22:54:54,094 - INFO - 진행률: 13/20 - 유효 문서: 8
2025-08-16 22:54:54,107 - INFO - 수집 완료: 사이공 핫팟 (307 chars)
2025-08-16 22:54:54,107 - INFO - 진행률: 14/20 - 유효 문서: 9
2025-08-16 22:54:54,852 - INFO - 수집 완료: 세계 관광의 날 (250 chars)
2025-08-16 22:54:54,853 - INFO - 진행률: 15/20 - 유효 문서: 10
2025-08-16 22:54:55,540 - INFO - 수집 완료: 여행경보 (724 chars)
2025-08-16 22:54:55,540 - INFO - 진행률: 16/20 - 유효 문서: 11
2025-08-16 22:54:56,187 - WARNING - 내용이 너무 짧음: 여행 오퍼레이터 (82 chars)
2025-08-16 22:54:56,250 - INFO - 수집 완료: 여행금지 (299 chars)
2025-08-16 22:54:56,250 - INFO - 진행률: 18/20 - 유효 문서: 12
2025-08-16 22:54:57,137 - INFO - 수집 완료: 영접 (240 chars)
2025-08-16 22:54:57,138 - INFO - 진행률: 19/20 - 유효 문서: 13
2025-08-16 22:54:57,990 - INFO - 수집 완료: 오버투어리즘 (292 chars)
2025-08-16 22:54:57,991 - INFO - 진행률: 20/20 - 유효 문서: 14
2025-08-16 22:54:57,992 - INFO - 데이터 저장 완료: data/society_tourism.jsonl (14 문서)
2025-08-16 22:54:58,142 - INFO - 커스텀 소스로 데이터 수집 시작: category = 교통
2025-08-16 22:54:58,142 - INFO - 카테고리에서 링크 수집 중: 교통
2025-08-16 22:54:59,823 - INFO - 카테고리에서 12개 링크 발견
2025-08-16 22:55:01,539 - INFO - 수집 완료: 경광등 (2053 chars)
2025-08-16 22:55:01,539 - INFO - 진행률: 1/12 - 유효 문서: 1
2025-08-16 22:55:01,630 - INFO - 수집 완료: 교통공해 (234 chars)
2025-08-16 22:55:01,631 - INFO - 진행률: 2/12 - 유효 문서: 2
2025-08-16 22:55:02,105 - INFO - 수집 완료: 교통 (10032 chars)
2025-08-16 22:55:02,106 - INFO - 진행률: 3/12 - 유효 문서: 3
2025-08-16 22:55:03,157 - INFO - 수집 완료: 교통정보 (1856 chars)
2025-08-16 22:55:03,157 - INFO - 진행률: 4/12 - 유효 문서: 4
2025-08-16 22:55:03,407 - INFO - 수집 완료: 노선 (346 chars)
2025-08-16 22:55:03,407 - INFO - 진행률: 5/12 - 유효 문서: 5
2025-08-16 22:55:03,499 - INFO - 수집 완료: 다운스-톰슨의 역설 (1155 chars)
2025-08-16 22:55:03,499 - INFO - 진행률: 6/12 - 유효 문서: 6
2025-08-16 22:55:04,760 - WARNING - 내용이 너무 짧음: 대체수송 (81 chars)
2025-08-16 22:55:05,516 - INFO - 수집 완료: 선형 (노선) (3503 chars)
2025-08-16 22:55:05,516 - INFO - 진행률: 8/12 - 유효 문서: 7
2025-08-16 22:55:05,575 - INFO - 수집 완료: 북해통 (391 chars)
2025-08-16 22:55:05,575 - INFO - 진행률: 9/12 - 유효 문서: 8
2025-08-16 22:55:06,566 - INFO - 수집 완료: 시각 장애인 유도 블록 (231 chars)
2025-08-16 22:55:06,566 - INFO - 진행률: 10/12 - 유효 문서: 9
2025-08-16 22:55:07,363 - WARNING - 내용이 너무 짧음: 피기백 (교통) (165 chars)
2025-08-16 22:55:07,817 - INFO - 수집 완료: 탈것 (13320 chars)
2025-08-16 22:55:07,817 - INFO - 진행률: 12/12 - 유효 문서: 10
2025-08-16 22:55:07,818 - INFO - 데이터 저장 완료: data/society_transportation.jsonl (10 문서)
2025-08-16 22:55:07,960 - INFO - 커스텀 소스로 데이터 수집 시작: category = 철학자
2025-08-16 22:55:07,960 - INFO - 카테고리에서 링크 수집 중: 철학자
2025-08-16 22:55:09,634 - INFO - 카테고리에서 1개 링크 발견
2025-08-16 22:55:11,823 - INFO - 수집 완료: 철학자 (325 chars)
2025-08-16 22:55:11,823 - INFO - 진행률: 1/1 - 유효 문서: 1
2025-08-16 22:55:11,823 - INFO - 데이터 저장 완료: data/people_philosophers.jsonl (1 문서)
2025-08-16 22:55:11,966 - INFO - 커스텀 소스로 데이터 수집 시작: category = 과학자
2025-08-16 22:55:11,966 - INFO - 카테고리에서 링크 수집 중: 과학자
2025-08-16 22:55:13,774 - INFO - 카테고리에서 2개 링크 발견
2025-08-16 22:55:14,901 - INFO - 수집 완료: 과학자 (669 chars)
2025-08-16 22:55:14,902 - INFO - 진행률: 1/2 - 유효 문서: 1
2025-08-16 22:55:15,873 - WARNING - 내용이 너무 짧음: 올해의 과학자상 (0 chars)
2025-08-16 22:55:15,874 - INFO - 데이터 저장 완료: data/people_scientists.jsonl (1 문서)
2025-08-16 22:55:16,014 - INFO - 커스텀 소스로 데이터 수집 시작: category = 예술가
2025-08-16 22:55:16,014 - INFO - 카테고리에서 링크 수집 중: 예술가
2025-08-16 22:55:16,660 - INFO - 카테고리에서 1개 링크 발견
2025-08-16 22:55:18,498 - INFO - 수집 완료: 예술가 (788 chars)
2025-08-16 22:55:18,498 - INFO - 진행률: 1/1 - 유효 문서: 1
2025-08-16 22:55:18,499 - INFO - 데이터 저장 완료: data/people_artists.jsonl (1 문서)
2025-08-16 22:55:18,631 - INFO - 커스텀 소스로 데이터 수집 시작: category = 정치인
2025-08-16 22:55:18,631 - INFO - 카테고리에서 링크 수집 중: 정치인
2025-08-16 22:55:19,506 - INFO - 카테고리에서 11개 링크 발견
2025-08-16 22:55:20,843 - INFO - 수집 완료: 공가 (807 chars)
2025-08-16 22:55:20,843 - INFO - 진행률: 1/11 - 유효 문서: 1
2025-08-16 22:55:21,143 - INFO - 수집 완료: 정치인 (453 chars)
2025-08-16 22:55:21,143 - INFO - 진행률: 2/11 - 유효 문서: 2
2025-08-16 22:55:21,209 - WARNING - 내용이 너무 짧음: 관직 (0 chars)
2025-08-16 22:55:22,423 - WARNING - 내용이 너무 짧음: 국가주석 (55 chars)
2025-08-16 22:55:22,914 - INFO - 수집 완료: 부주석 (486 chars)
2025-08-16 22:55:22,914 - INFO - 진행률: 5/11 - 유효 문서: 3
2025-08-16 22:55:23,020 - INFO - 수집 완료: 영주 (작위) (706 chars)
2025-08-16 22:55:23,020 - INFO - 진행률: 6/11 - 유효 문서: 4
2025-08-16 22:55:23,572 - INFO - 수집 완료: 왕 (2779 chars)
2025-08-16 22:55:23,572 - INFO - 진행률: 7/11 - 유효 문서: 5
2025-08-16 22:55:24,736 - INFO - 수집 완료: 왕후 (1835 chars)
2025-08-16 22:55:24,737 - INFO - 진행률: 8/11 - 유효 문서: 6
2025-08-16 22:55:24,796 - INFO - 수집 완료: 정무직공무원 (631 chars)
2025-08-16 22:55:24,797 - INFO - 진행률: 9/11 - 유효 문서: 7
2025-08-16 22:55:25,359 - WARNING - 내용이 너무 짧음: 제후 (148 chars)
2025-08-16 22:55:25,925 - INFO - 수집 완료: 황제 (10094 chars)
2025-08-16 22:55:25,925 - INFO - 진행률: 11/11 - 유효 문서: 8
2025-08-16 22:55:25,926 - INFO - 데이터 저장 완료: data/people_politicians.jsonl (8 문서)
2025-08-16 22:55:26,065 - INFO - 커스텀 소스로 데이터 수집 시작: category = 기업인
2025-08-16 22:55:26,065 - INFO - 카테고리에서 링크 수집 중: 기업인
2025-08-16 22:55:27,085 - INFO - 카테고리에서 5개 링크 발견
2025-08-16 22:55:28,362 - INFO - 수집 완료: 김종부 (기업인) (317 chars)
2025-08-16 22:55:28,363 - INFO - 진행률: 1/5 - 유효 문서: 1
2025-08-16 22:55:28,901 - INFO - 수집 완료: 기업가 (469 chars)
2025-08-16 22:55:28,902 - INFO - 진행률: 2/5 - 유효 문서: 2
2025-08-16 22:55:29,017 - INFO - 수집 완료: 대한민국 지식기업인 대상 (480 chars)
2025-08-16 22:55:29,017 - INFO - 진행률: 3/5 - 유효 문서: 3
2025-08-16 22:55:29,988 - INFO - 수집 완료: 사업가 (293 chars)
2025-08-16 22:55:29,988 - INFO - 진행률: 4/5 - 유효 문서: 4
2025-08-16 22:55:30,309 - INFO - 수집 완료: 한문 (기업인) (2165 chars)
2025-08-16 22:55:30,309 - INFO - 진행률: 5/5 - 유효 문서: 5
2025-08-16 22:55:30,310 - INFO - 데이터 저장 완료: data/people_entrepreneurs.jsonl (5 문서)
2025-08-16 22:55:30,447 - INFO - 커스텀 소스로 데이터 수집 시작: category = 한국의_성씨
2025-08-16 22:55:30,447 - INFO - 카테고리에서 링크 수집 중: 한국의_성씨
2025-08-16 22:55:31,622 - INFO - 카테고리에서 15개 링크 발견
2025-08-16 22:55:32,943 - WARNING - 내용이 너무 짧음: 대한민국의 인구순 성씨 목록 (120 chars)
2025-08-16 22:55:33,123 - INFO - 수집 완료: 한국의 성씨 (2140 chars)
2025-08-16 22:55:33,123 - INFO - 진행률: 2/15 - 유효 문서: 1
2025-08-16 22:55:33,619 - INFO - 수집 완료: 대성팔족 (557 chars)
2025-08-16 22:55:33,620 - INFO - 진행률: 3/15 - 유효 문서: 2
2025-08-16 22:55:34,756 - INFO - 수집 완료: 본관 (4892 chars)
2025-08-16 22:55:34,756 - INFO - 진행률: 4/15 - 유효 문서: 3
2025-08-16 22:55:35,375 - INFO - 수집 완료: 자의 성과 본 (813 chars)
2025-08-16 22:55:35,375 - INFO - 진행률: 5/15 - 유효 문서: 4
2025-08-16 22:55:35,403 - INFO - 수집 완료: 한국의 복성 (977 chars)
2025-08-16 22:55:35,404 - INFO - 진행률: 6/15 - 유효 문서: 5
2025-08-16 22:55:36,251 - INFO - 수집 완료: 한국의 성씨 목록 (873 chars)
2025-08-16 22:55:36,252 - INFO - 진행률: 7/15 - 유효 문서: 6
2025-08-16 22:55:36,557 - INFO - 수집 완료: 한국의 성씨와 이름 (18944 chars)
2025-08-16 22:55:36,557 - INFO - 진행률: 8/15 - 유효 문서: 7
2025-08-16 22:55:37,420 - INFO - 수집 완료: 고 (성씨) (2978 chars)
2025-08-16 22:55:37,420 - INFO - 진행률: 9/15 - 유효 문서: 8
2025-08-16 22:55:37,972 - INFO - 수집 완료: 성 (성씨) (596 chars)
2025-08-16 22:55:37,973 - INFO - 진행률: 10/15 - 유효 문서: 9
2025-08-16 22:55:38,024 - INFO - 수집 완료: 련 (519 chars)
2025-08-16 22:55:38,024 - INFO - 진행률: 11/15 - 유효 문서: 10
2025-08-16 22:55:39,205 - WARNING - 내용이 너무 짧음: 연개 (성씨) (65 chars)
2025-08-16 22:55:39,775 - INFO - 수집 완료: 염 (성씨) (1351 chars)
2025-08-16 22:55:39,775 - INFO - 진행률: 13/15 - 유효 문서: 11
2025-08-16 22:55:40,049 - INFO - 수집 완료: 진 (성씨) (2880 chars)
2025-08-16 22:55:40,049 - INFO - 진행률: 14/15 - 유효 문서: 12
2025-08-16 22:55:40,809 - WARNING - 내용이 너무 짧음: 한양 (본관) (81 chars)
2025-08-16 22:55:40,810 - INFO - 데이터 저장 완료: data/culture_korean_surnames.jsonl (12 문서)
2025-08-16 22:55:40,962 - INFO - 커스텀 소스로 데이터 수집 시작: category = 민속
2025-08-16 22:55:40,962 - INFO - 카테고리에서 링크 수집 중: 민속
2025-08-16 22:55:42,200 - INFO - 카테고리에서 32개 링크 발견
2025-08-16 22:55:44,178 - INFO - 수집 완료: 민속놀이 (6766 chars)
2025-08-16 22:55:44,178 - INFO - 진행률: 1/20 - 유효 문서: 1
2025-08-16 22:55:44,319 - INFO - 수집 완료: 강화 교동 진오기굿 (1086 chars)
2025-08-16 22:55:44,319 - INFO - 진행률: 2/20 - 유효 문서: 2
2025-08-16 22:55:44,403 - INFO - 수집 완료: 민속 (561 chars)
2025-08-16 22:55:44,403 - INFO - 진행률: 3/20 - 유효 문서: 3
2025-08-16 22:55:45,787 - WARNING - 내용이 너무 짧음: 고유명사학 (81 chars)
2025-08-16 22:55:45,998 - INFO - 수집 완료: 귀복 (863 chars)
2025-08-16 22:55:45,998 - INFO - 진행률: 5/20 - 유효 문서: 4
2025-08-16 22:55:46,101 - WARNING - 내용이 너무 짧음: 공통감각 (186 chars)
2025-08-16 22:55:47,168 - WARNING - 내용이 너무 짧음: 귀접 (174 chars)
2025-08-16 22:55:47,528 - INFO - 수집 완료: 대왕고래 (소셜 게임) (323 chars)
2025-08-16 22:55:47,528 - INFO - 진행률: 8/20 - 유효 문서: 5
2025-08-16 22:55:47,767 - INFO - 수집 완료: 그리스도께서 부활하셨네 (244 chars)
2025-08-16 22:55:47,767 - INFO - 진행률: 9/20 - 유효 문서: 6
2025-08-16 22:55:48,998 - INFO - 수집 완료: 도당굿 (1832 chars)
2025-08-16 22:55:48,998 - INFO - 진행률: 10/20 - 유효 문서: 7
2025-08-16 22:55:49,342 - INFO - 수집 완료: 도덕적 공황 (712 chars)
2025-08-16 22:55:49,342 - INFO - 진행률: 11/20 - 유효 문서: 8
2025-08-16 22:55:49,355 - INFO - 수집 완료: 돌멩이 수프 (241 chars)
2025-08-16 22:55:49,355 - INFO - 진행률: 12/20 - 유효 문서: 9
2025-08-16 22:55:50,766 - INFO - 수집 완료: 동티 (288 chars)
2025-08-16 22:55:50,766 - INFO - 진행률: 13/20 - 유효 문서: 10
2025-08-16 22:55:50,956 - INFO - 수집 완료: 뱀술 (449 chars)
2025-08-16 22:55:50,956 - INFO - 진행률: 14/20 - 유효 문서: 11
2025-08-16 22:55:51,349 - WARNING - 내용이 너무 짧음: 방언학 (53 chars)
2025-08-16 22:55:52,215 - INFO - 수집 완료: 별신굿 (2786 chars)
2025-08-16 22:55:52,216 - INFO - 진행률: 16/20 - 유효 문서: 12
2025-08-16 22:55:52,550 - INFO - 수집 완료: 불춤 (1030 chars)
2025-08-16 22:55:52,550 - INFO - 진행률: 17/20 - 유효 문서: 13
2025-08-16 22:55:53,169 - INFO - 수집 완료: 석굴 (348 chars)
2025-08-16 22:55:53,169 - INFO - 진행률: 18/20 - 유효 문서: 14
2025-08-16 22:55:53,355 - INFO - 수집 완료: 신화 (1612 chars)
2025-08-16 22:55:53,356 - INFO - 진행률: 19/20 - 유효 문서: 15
2025-08-16 22:55:53,688 - INFO - 수집 완료: 씨름 (3479 chars)
2025-08-16 22:55:53,688 - INFO - 진행률: 20/20 - 유효 문서: 16
2025-08-16 22:55:53,689 - INFO - 데이터 저장 완료: data/culture_folklore.jsonl (16 문서)
2025-08-16 22:55:53,836 - INFO - 커스텀 소스로 데이터 수집 시작: category = 포유류
2025-08-16 22:55:53,836 - INFO - 카테고리에서 링크 수집 중: 포유류
2025-08-16 22:55:54,891 - INFO - 카테고리에서 5개 링크 발견
2025-08-16 22:55:56,206 - INFO - 수집 완료: 포유류 목록 (1632 chars)
2025-08-16 22:55:56,207 - INFO - 진행률: 1/5 - 유효 문서: 1
2025-08-16 22:55:56,259 - INFO - 수집 완료: 포유류 (401 chars)
2025-08-16 22:55:56,259 - INFO - 진행률: 2/5 - 유효 문서: 2
2025-08-16 22:55:56,919 - WARNING - 내용이 너무 짧음: 포유류의 과 목록 (0 chars)
2025-08-16 22:55:57,833 - INFO - 수집 완료: 식충목 (842 chars)
2025-08-16 22:55:57,833 - INFO - 진행률: 4/5 - 유효 문서: 3
2025-08-16 22:55:58,060 - WARNING - 내용이 너무 짧음: 원수아강 (161 chars)
2025-08-16 22:55:58,061 - INFO - 데이터 저장 완료: data/nature_mammals.jsonl (3 문서)
2025-08-16 22:55:58,198 - INFO - 커스텀 소스로 데이터 수집 시작: category = 조류
2025-08-16 22:55:58,198 - INFO - 카테고리에서 링크 수집 중: 조류
2025-08-16 22:55:59,196 - INFO - 카테고리에서 35개 링크 발견
2025-08-16 22:56:01,080 - INFO - 수집 완료: 조류 (수생 생물) (528 chars)
2025-08-16 22:56:01,081 - INFO - 진행률: 1/25 - 유효 문서: 1
2025-08-16 22:56:01,129 - INFO - 수집 완료: AlgaeBase (312 chars)
2025-08-16 22:56:01,129 - INFO - 진행률: 2/25 - 유효 문서: 2
2025-08-16 22:56:01,358 - WARNING - 내용이 너무 짧음: 게미니게라과 (0 chars)
2025-08-16 22:56:02,272 - INFO - 수집 완료: 규조토 (1522 chars)
2025-08-16 22:56:02,272 - INFO - 진행률: 4/25 - 유효 문서: 3
2025-08-16 22:56:02,478 - INFO - 수집 완료: 녹조 (914 chars)
2025-08-16 22:56:02,478 - INFO - 진행률: 5/25 - 유효 문서: 4
2025-08-16 22:56:03,136 - WARNING - 내용이 너무 짧음: 고니오모나스강 (0 chars)
2025-08-16 22:56:04,747 - WARNING - 내용이 너무 짧음: 리노모나스속 (74 chars)
2025-08-16 22:56:04,810 - INFO - 수집 완료: 부등편모조류 (516 chars)
2025-08-16 22:56:04,810 - INFO - 진행률: 8/25 - 유효 문서: 5
2025-08-16 22:56:04,880 - WARNING - 내용이 너무 짧음: 로도모나스속 (75 chars)
2025-08-16 22:56:06,475 - WARNING - 내용이 너무 짧음: 스토레아툴라속 (86 chars)
2025-08-16 22:56:06,596 - WARNING - 내용이 너무 짧음: 솔개족 (64 chars)
2025-08-16 22:56:06,836 - INFO - 수집 완료: 색소체 탈취 (2928 chars)
2025-08-16 22:56:06,836 - INFO - 진행률: 12/25 - 유효 문서: 6
2025-08-16 22:56:08,251 - WARNING - 내용이 너무 짧음: 유해조류 (58 chars)
2025-08-16 22:56:08,306 - INFO - 수집 완료: 스피로타이니아속 (386 chars)
2025-08-16 22:56:08,306 - INFO - 진행률: 14/25 - 유효 문서: 7
2025-08-16 22:56:08,604 - WARNING - 내용이 너무 짧음: 유글레나강 (65 chars)
2025-08-16 22:56:09,953 - WARNING - 내용이 너무 짧음: 조류 대증식 (59 chars)
2025-08-16 22:56:10,269 - WARNING - 내용이 너무 짧음: 은편모조강 (0 chars)
2025-08-16 22:56:10,337 - INFO - 수집 완료: 은편모조류 (251 chars)
2025-08-16 22:56:10,337 - INFO - 진행률: 18/25 - 유효 문서: 8
2025-08-16 22:56:11,890 - WARNING - 내용이 너무 짧음: 착편모조류 (126 chars)
2025-08-16 22:56:11,992 - INFO - 수집 완료: 조류의 먹이활동 (1794 chars)
2025-08-16 22:56:11,993 - INFO - 진행률: 20/25 - 유효 문서: 9
2025-08-16 22:56:12,329 - WARNING - 내용이 너무 짧음: 크립토모나스과 (0 chars)
2025-08-16 22:56:13,638 - INFO - 수집 완료: 클로로피콘과 (353 chars)
2025-08-16 22:56:13,638 - INFO - 진행률: 22/25 - 유효 문서: 10
2025-08-16 22:56:13,747 - WARNING - 내용이 너무 짧음: 키아토모나스속 (82 chars)
2025-08-16 22:56:13,910 - INFO - 수집 완료: 클로라라크니온강 (237 chars)
2025-08-16 22:56:13,910 - INFO - 진행률: 24/25 - 유효 문서: 11
2025-08-16 22:56:15,040 - WARNING - 내용이 너무 짧음: 킬로모나스속 (115 chars)
2025-08-16 22:56:15,041 - INFO - 데이터 저장 완료: data/nature_birds.jsonl (11 문서)
2025-08-16 22:56:15,193 - INFO - 커스텀 소스로 데이터 수집 시작: category = 어류
2025-08-16 22:56:15,193 - INFO - 카테고리에서 링크 수집 중: 어류
2025-08-16 22:56:15,764 - WARNING - 카테고리 멤버를 찾을 수 없습니다
2025-08-16 22:56:15,764 - ERROR - 링크 수집 실패
2025-08-16 22:56:15,899 - INFO - 커스텀 소스로 데이터 수집 시작: category = 파충류
2025-08-16 22:56:15,899 - INFO - 카테고리에서 링크 수집 중: 파충류
2025-08-16 22:56:17,005 - INFO - 카테고리에서 185개 링크 발견
2025-08-16 22:56:18,157 - INFO - 수집 완료: 파충류 (1378 chars)
2025-08-16 22:56:18,157 - INFO - 진행률: 1/25 - 유효 문서: 1
2025-08-16 22:56:18,802 - WARNING - 내용이 너무 짧음: 파충류의 과 목록 (0 chars)
2025-08-16 22:56:18,979 - INFO - 수집 완료: 고르고돈 (1306 chars)
2025-08-16 22:56:18,979 - INFO - 진행률: 3/25 - 유효 문서: 2
2025-08-16 22:56:19,762 - INFO - 수집 완료: 그리포수쿠스 (1033 chars)
2025-08-16 22:56:19,763 - INFO - 진행률: 4/25 - 유효 문서: 3
2025-08-16 22:56:20,256 - INFO - 수집 완료: 글라우룽 (생물) (2532 chars)
2025-08-16 22:56:20,256 - INFO - 진행률: 5/25 - 유효 문서: 4
2025-08-16 22:56:20,601 - INFO - 수집 완료: 기간토피스 (341 chars)
2025-08-16 22:56:20,601 - INFO - 진행률: 6/25 - 유효 문서: 5
2025-08-16 22:56:21,386 - INFO - 수집 완료: 네오스테네오사우루스 (850 chars)
2025-08-16 22:56:21,386 - INFO - 진행률: 7/25 - 유효 문서: 6
2025-08-16 22:56:22,044 - INFO - 수집 완료: 네우스토사우루스 (1468 chars)
2025-08-16 22:56:22,044 - INFO - 진행률: 8/25 - 유효 문서: 7
2025-08-16 22:56:22,237 - INFO - 수집 완료: 녹소사우루스 (915 chars)
2025-08-16 22:56:22,237 - INFO - 진행률: 9/25 - 유효 문서: 8
2025-08-16 22:56:23,005 - INFO - 수집 완료: 다코사우루스 (974 chars)
2025-08-16 22:56:23,005 - INFO - 진행률: 10/25 - 유효 문서: 9
2025-08-16 22:56:23,679 - INFO - 수집 완료: 달링호사우루스 (1127 chars)
2025-08-16 22:56:23,679 - INFO - 진행률: 11/25 - 유효 문서: 10
2025-08-16 22:56:24,051 - INFO - 수집 완료: 데슬롱샹시나 (913 chars)
2025-08-16 22:56:24,051 - INFO - 진행률: 12/25 - 유효 문서: 11
2025-08-16 22:56:24,824 - INFO - 수집 완료: 돌라브로사우루스 (691 chars)
2025-08-16 22:56:24,824 - INFO - 진행률: 13/25 - 유효 문서: 12
2025-08-16 22:56:25,481 - INFO - 수집 완료: 돌레로사우루스 (934 chars)
2025-08-16 22:56:25,481 - INFO - 진행률: 14/25 - 유효 문서: 13
2025-08-16 22:56:25,863 - INFO - 수집 완료: 드라이버리아 (593 chars)
2025-08-16 22:56:25,864 - INFO - 진행률: 15/25 - 유효 문서: 14
2025-08-16 22:56:26,449 - INFO - 수집 완료: 드레파노사우루스 (3005 chars)
2025-08-16 22:56:26,449 - INFO - 진행률: 16/25 - 유효 문서: 15
2025-08-16 22:56:26,904 - INFO - 수집 완료: 디마크로돈 (3091 chars)
2025-08-16 22:56:26,904 - INFO - 진행률: 17/25 - 유효 문서: 16
2025-08-16 22:56:27,298 - INFO - 수집 완료: 디보로수쿠스 (693 chars)
2025-08-16 22:56:27,298 - INFO - 진행률: 18/25 - 유효 문서: 17
2025-08-16 22:56:28,269 - INFO - 수집 완료: 디안동고수쿠스 (2951 chars)
2025-08-16 22:56:28,270 - INFO - 진행률: 19/25 - 유효 문서: 18
2025-08-16 22:56:28,529 - INFO - 수집 완료: 라비도사우루스 (885 chars)
2025-08-16 22:56:28,529 - INFO - 진행률: 20/25 - 유효 문서: 19
2025-08-16 22:56:28,925 - INFO - 수집 완료: 라우티아니아 (3338 chars)
2025-08-16 22:56:28,926 - INFO - 진행률: 21/25 - 유효 문서: 20
2025-08-16 22:56:30,075 - INFO - 수집 완료: 라일리야수쿠스 (1151 chars)
2025-08-16 22:56:30,075 - INFO - 진행률: 22/25 - 유효 문서: 21
2025-08-16 22:56:30,353 - INFO - 수집 완료: 라자사우루스 (465 chars)
2025-08-16 22:56:30,353 - INFO - 진행률: 23/25 - 유효 문서: 22
2025-08-16 22:56:30,705 - INFO - 수집 완료: 라체오사우루스 (701 chars)
2025-08-16 22:56:30,705 - INFO - 진행률: 24/25 - 유효 문서: 23
2025-08-16 22:56:32,067 - INFO - 수집 완료: 람포수쿠스 (624 chars)
2025-08-16 22:56:32,067 - INFO - 진행률: 25/25 - 유효 문서: 24
2025-08-16 22:56:32,068 - INFO - 데이터 저장 완료: data/nature_reptiles.jsonl (24 문서)
2025-08-16 22:56:32,214 - INFO - 커스텀 소스로 데이터 수집 시작: category = 곤충
2025-08-16 22:56:32,214 - INFO - 카테고리에서 링크 수집 중: 곤충
2025-08-16 22:56:33,087 - INFO - 카테고리에서 16개 링크 발견
2025-08-16 22:56:34,314 - INFO - 수집 완료: 곤충 (25229 chars)
2025-08-16 22:56:34,314 - INFO - 진행률: 1/16 - 유효 문서: 1
2025-08-16 22:56:35,051 - WARNING - 내용이 너무 짧음: 고시류 (144 chars)
2025-08-16 22:56:35,094 - INFO - 수집 완료: 꼬리털 (1156 chars)
2025-08-16 22:56:35,094 - INFO - 진행률: 3/16 - 유효 문서: 2
2025-08-16 22:56:35,780 - WARNING - 내용이 너무 짧음: 내시류 (181 chars)
2025-08-16 22:56:36,864 - WARNING - 내용이 너무 짧음: 망시류 (133 chars)
2025-08-16 22:56:37,749 - INFO - 수집 완료: 무시귀뚜라미붙이상목 (1416 chars)
2025-08-16 22:56:37,749 - INFO - 진행률: 6/16 - 유효 문서: 3
2025-08-16 22:56:37,932 - INFO - 수집 완료: 매미나방 (973 chars)
2025-08-16 22:56:37,932 - INFO - 진행률: 7/16 - 유효 문서: 4
2025-08-16 22:56:38,863 - INFO - 수집 완료: 무시류 (1605 chars)
2025-08-16 22:56:38,864 - INFO - 진행률: 8/16 - 유효 문서: 5
2025-08-16 22:56:39,088 - INFO - 수집 완료: 바퀴벌레 (219 chars)
2025-08-16 22:56:39,088 - INFO - 진행률: 9/16 - 유효 문서: 6
2025-08-16 22:56:39,350 - WARNING - 내용이 너무 짧음: 신시류 (171 chars)
2025-08-16 22:56:40,253 - WARNING - 내용이 너무 짧음: 외시류 (170 chars)
2025-08-16 22:56:40,701 - WARNING - 내용이 너무 짧음: 유시류 (62 chars)
2025-08-16 22:56:40,923 - INFO - 수집 완료: 잠엽충 (389 chars)
2025-08-16 22:56:40,923 - INFO - 진행률: 13/16 - 유효 문서: 7
2025-08-16 22:56:41,862 - INFO - 수집 완료: 장님노린재과 (1012 chars)
2025-08-16 22:56:41,862 - INFO - 진행률: 14/16 - 유효 문서: 8
2025-08-16 22:56:42,937 - INFO - 수집 완료: 좀목 (4546 chars)
2025-08-16 22:56:42,937 - INFO - 진행률: 15/16 - 유효 문서: 9
2025-08-16 22:56:43,115 - INFO - 수집 완료: 풀빌리 (203 chars)
2025-08-16 22:56:43,115 - INFO - 진행률: 16/16 - 유효 문서: 10
2025-08-16 22:56:43,116 - INFO - 데이터 저장 완료: data/nature_insects.jsonl (10 문서)
2025-08-16 22:56:43,251 - INFO - 커스텀 소스로 데이터 수집 시작: category = 버섯
2025-08-16 22:56:43,251 - INFO - 카테고리에서 링크 수집 중: 버섯
2025-08-16 22:56:44,285 - INFO - 카테고리에서 5개 링크 발견
2025-08-16 22:56:46,032 - WARNING - 내용이 너무 짧음: 개나리광대버섯 (124 chars)
2025-08-16 22:56:46,556 - INFO - 수집 완료: 동심기계충버섯 (386 chars)
2025-08-16 22:56:46,557 - INFO - 진행률: 2/5 - 유효 문서: 1
2025-08-16 22:56:46,742 - INFO - 수집 완료: 버섯 (744 chars)
2025-08-16 22:56:46,743 - INFO - 진행률: 3/5 - 유효 문서: 2
2025-08-16 22:56:48,032 - INFO - 수집 완료: 송이 (752 chars)
2025-08-16 22:56:48,032 - INFO - 진행률: 4/5 - 유효 문서: 3
2025-08-16 22:56:48,366 - WARNING - 내용이 너무 짧음: 한국버섯생산자협회 (135 chars)
2025-08-16 22:56:48,367 - INFO - 데이터 저장 완료: data/nature_mushrooms.jsonl (3 문서)
2025-08-16 22:56:48,508 - INFO - 커스텀 소스로 데이터 수집 시작: category = 해양생물학
2025-08-16 22:56:48,508 - INFO - 카테고리에서 링크 수집 중: 해양생물학
2025-08-16 22:56:49,475 - INFO - 카테고리에서 19개 링크 발견
2025-08-16 22:56:51,119 - INFO - 수집 완료: 해양생물학 (322 chars)
2025-08-16 22:56:51,119 - INFO - 진행률: 1/19 - 유효 문서: 1
2025-08-16 22:56:51,245 - INFO - 수집 완료: 레셉스의 이주 (381 chars)
2025-08-16 22:56:51,245 - INFO - 진행률: 2/19 - 유효 문서: 2
2025-08-16 22:56:51,384 - WARNING - 내용이 너무 짧음: 댓잎장어 (0 chars)
2025-08-16 22:56:52,652 - INFO - 수집 완료: 석회조류 (225 chars)
2025-08-16 22:56:52,652 - INFO - 진행률: 4/19 - 유효 문서: 3
2025-08-16 22:56:53,003 - WARNING - 내용이 너무 짧음: 세계 해양생물종 등록소 (107 chars)
2025-08-16 22:56:53,491 - WARNING - 내용이 너무 짧음: 부어 (70 chars)
2025-08-16 22:56:54,792 - WARNING - 내용이 너무 짧음: 유영동물 (171 chars)
2025-08-16 22:56:54,901 - WARNING - 내용이 너무 짧음: 인공해수 (129 chars)
2025-08-16 22:56:55,088 - INFO - 수집 완료: 연안대 (205 chars)
2025-08-16 22:56:55,088 - INFO - 진행률: 9/19 - 유효 문서: 4
2025-08-16 22:56:56,219 - WARNING - 내용이 너무 짧음: 저서생물 (190 chars)
2025-08-16 22:56:56,531 - INFO - 수집 완료: 저어 (318 chars)
2025-08-16 22:56:56,531 - INFO - 진행률: 11/19 - 유효 문서: 5
2025-08-16 22:56:56,698 - INFO - 수집 완료: 조간대 (292 chars)
2025-08-16 22:56:56,698 - INFO - 진행률: 12/19 - 유효 문서: 6
2025-08-16 22:56:58,037 - WARNING - 내용이 너무 짧음: 조류학 (식물학) (165 chars)
2025-08-16 22:56:58,134 - WARNING - 내용이 너무 짧음: 조수 웅덩이 (66 chars)
2025-08-16 22:56:58,727 - INFO - 수집 완료: 해양 미생물 (4622 chars)
2025-08-16 22:56:58,727 - INFO - 진행률: 15/19 - 유효 문서: 7
2025-08-16 22:56:59,419 - INFO - 수집 완료: 해양 생물 (226 chars)
2025-08-16 22:56:59,419 - INFO - 진행률: 16/19 - 유효 문서: 8
2025-08-16 22:56:59,561 - WARNING - 내용이 너무 짧음: 해양생태계 (181 chars)
2025-08-16 22:57:00,813 - INFO - 수집 완료: 홍조단괴 (295 chars)
2025-08-16 22:57:00,813 - INFO - 진행률: 18/19 - 유효 문서: 9
2025-08-16 22:57:01,060 - INFO - 수집 완료: 해양원핵생물 (8382 chars)
2025-08-16 22:57:01,060 - INFO - 진행률: 19/19 - 유효 문서: 10
2025-08-16 22:57:01,061 - INFO - 데이터 저장 완료: data/science_marine_biology.jsonl (10 문서)
2025-08-16 22:57:01,206 - INFO - 커스텀 소스로 데이터 수집 시작: category = 생태학
2025-08-16 22:57:01,206 - INFO - 카테고리에서 링크 수집 중: 생태학
2025-08-16 22:57:01,504 - INFO - 카테고리에서 81개 링크 발견
2025-08-16 22:57:02,887 - INFO - 수집 완료: 생태학 (1759 chars)
2025-08-16 22:57:02,888 - INFO - 진행률: 1/25 - 유효 문서: 1
2025-08-16 22:57:03,267 - WARNING - 내용이 너무 짧음: 먹이 그물 (197 chars)
2025-08-16 22:57:03,937 - INFO - 수집 완료: 개체군 (1424 chars)
2025-08-16 22:57:03,937 - INFO - 진행률: 3/25 - 유효 문서: 2
2025-08-16 22:57:04,383 - INFO - 수집 완료: 경쟁 (생물학) (1409 chars)
2025-08-16 22:57:04,384 - INFO - 진행률: 4/25 - 유효 문서: 3
2025-08-16 22:57:04,688 - INFO - 수집 완료: 경엽수 (670 chars)
2025-08-16 22:57:04,689 - INFO - 진행률: 5/25 - 유효 문서: 4
2025-08-16 22:57:05,725 - INFO - 수집 완료: 계절학 (610 chars)
2025-08-16 22:57:05,725 - INFO - 진행률: 6/25 - 유효 문서: 5
2025-08-16 22:57:06,048 - INFO - 수집 완료: 공생 (3871 chars)
2025-08-16 22:57:06,048 - INFO - 진행률: 7/25 - 유효 문서: 6
2025-08-16 22:57:06,090 - INFO - 수집 완료: 공진화 (1429 chars)
2025-08-16 22:57:06,090 - INFO - 진행률: 8/25 - 유효 문서: 7
2025-08-16 22:57:07,493 - INFO - 수집 완료: 군생 (590 chars)
2025-08-16 22:57:07,493 - INFO - 진행률: 9/25 - 유효 문서: 8
2025-08-16 22:57:07,541 - INFO - 수집 완료: 과잉착취 (6733 chars)
2025-08-16 22:57:07,541 - INFO - 진행률: 10/25 - 유효 문서: 9
2025-08-16 22:57:07,859 - INFO - 수집 완료: 구아노 (1472 chars)
2025-08-16 22:57:07,859 - INFO - 진행률: 11/25 - 유효 문서: 10
2025-08-16 22:57:08,934 - INFO - 수집 완료: 극한환경 미생물 (293 chars)
2025-08-16 22:57:08,934 - INFO - 진행률: 12/25 - 유효 문서: 11
2025-08-16 22:57:09,307 - INFO - 수집 완료: 군체 (669 chars)
2025-08-16 22:57:09,307 - INFO - 진행률: 13/25 - 유효 문서: 12
2025-08-16 22:57:09,460 - WARNING - 내용이 너무 짧음: 근소적 종분화 (113 chars)
2025-08-16 22:57:10,563 - INFO - 수집 완료: 농촌 (870 chars)
2025-08-16 22:57:10,564 - INFO - 진행률: 15/25 - 유효 문서: 13
2025-08-16 22:57:10,857 - WARNING - 내용이 너무 짧음: 근원종 (109 chars)
2025-08-16 22:57:10,971 - INFO - 수집 완료: 나사로 분류군 (1959 chars)
2025-08-16 22:57:10,971 - INFO - 진행률: 17/25 - 유효 문서: 14
2025-08-16 22:57:11,963 - INFO - 수집 완료: 로지스틱 함수 (621 chars)
2025-08-16 22:57:11,963 - INFO - 진행률: 18/25 - 유효 문서: 15
2025-08-16 22:57:12,572 - INFO - 수집 완료: 대륙붕 (1667 chars)
2025-08-16 22:57:12,572 - INFO - 진행률: 19/25 - 유효 문서: 16
2025-08-16 22:57:12,779 - INFO - 수집 완료: 로트카-볼테라 방정식 (1143 chars)
2025-08-16 22:57:12,780 - INFO - 진행률: 20/25 - 유효 문서: 17
2025-08-16 22:57:13,425 - INFO - 수집 완료: 맹그로브 (4954 chars)
2025-08-16 22:57:13,425 - INFO - 진행률: 21/25 - 유효 문서: 18
2025-08-16 22:57:14,400 - INFO - 수집 완료: 먹이 사슬 (3670 chars)
2025-08-16 22:57:14,401 - INFO - 진행률: 22/25 - 유효 문서: 19
2025-08-16 22:57:14,572 - INFO - 수집 완료: 무리 (1177 chars)
2025-08-16 22:57:14,572 - INFO - 진행률: 23/25 - 유효 문서: 20
2025-08-16 22:57:14,829 - INFO - 수집 완료: 문화 유물주의 (391 chars)
2025-08-16 22:57:14,829 - INFO - 진행률: 24/25 - 유효 문서: 21
2025-08-16 22:57:16,413 - INFO - 수집 완료: 보전상태 (399 chars)
2025-08-16 22:57:16,413 - INFO - 진행률: 25/25 - 유효 문서: 22
2025-08-16 22:57:16,414 - INFO - 데이터 저장 완료: data/science_ecology.jsonl (22 문서)
2025-08-16 22:57:16,558 - INFO - 커스텀 소스로 데이터 수집 시작: category = 기상학
2025-08-16 22:57:16,558 - INFO - 카테고리에서 링크 수집 중: 기상학
2025-08-16 22:57:18,020 - INFO - 카테고리에서 58개 링크 발견
2025-08-16 22:57:19,580 - WARNING - 내용이 너무 짧음: 2019년 북인도양 저기압 (0 chars)
2025-08-16 22:57:19,970 - WARNING - 내용이 너무 짧음: 2018년 북인도양 저기압 (0 chars)
2025-08-16 22:57:20,040 - INFO - 수집 완료: 기상학 (2665 chars)
2025-08-16 22:57:20,040 - INFO - 진행률: 3/25 - 유효 문서: 1
2025-08-16 22:57:21,378 - WARNING - 내용이 너무 짧음: 2020년 북인도양 저기압 (0 chars)
2025-08-16 22:57:21,772 - WARNING - 내용이 너무 짧음: 2021년 북인도양 저기압 (0 chars)
2025-08-16 22:57:22,122 - INFO - 수집 완료: APEC기후센터 (1769 chars)
2025-08-16 22:57:22,122 - INFO - 진행률: 6/25 - 유효 문서: 2
2025-08-16 22:57:22,996 - INFO - 수집 완료: SkewT-logP 다이어그램 (2878 chars)
2025-08-16 22:57:22,996 - INFO - 진행률: 7/25 - 유효 문서: 3
2025-08-16 22:57:23,579 - INFO - 수집 완료: 경복궁 풍기대 (415 chars)
2025-08-16 22:57:23,579 - INFO - 진행률: 8/25 - 유효 문서: 4
2025-08-16 22:57:24,106 - INFO - 수집 완료: 광학적 깊이 (1353 chars)
2025-08-16 22:57:24,106 - INFO - 진행률: 9/25 - 유효 문서: 5
2025-08-16 22:57:24,997 - INFO - 수집 완료: 기상 관측 (1356 chars)
2025-08-16 22:57:24,997 - INFO - 진행률: 10/25 - 유효 문서: 6
2025-08-16 22:57:25,109 - INFO - 수집 완료: 기상 (6997 chars)
2025-08-16 22:57:25,110 - INFO - 진행률: 11/25 - 유효 문서: 7
2025-08-16 22:57:25,898 - INFO - 수집 완료: 기상병 (739 chars)
2025-08-16 22:57:25,898 - INFO - 진행률: 12/25 - 유효 문서: 8
2025-08-16 22:57:26,812 - INFO - 수집 완료: 기상이변 (2356 chars)
2025-08-16 22:57:26,812 - INFO - 진행률: 13/25 - 유효 문서: 9
2025-08-16 22:57:26,899 - WARNING - 내용이 너무 짧음: 기압골 (93 chars)
2025-08-16 22:57:27,700 - INFO - 수집 완료: 기후도 (259 chars)
2025-08-16 22:57:27,701 - INFO - 진행률: 15/25 - 유효 문서: 10
2025-08-16 22:57:27,944 - INFO - 수집 완료: 기후학 (523 chars)
2025-08-16 22:57:27,944 - INFO - 진행률: 16/25 - 유효 문서: 11
2025-08-16 22:57:28,695 - INFO - 수집 완료: 꽃샘추위 (223 chars)
2025-08-16 22:57:28,695 - INFO - 진행률: 17/25 - 유효 문서: 12
2025-08-16 22:57:28,851 - INFO - 수집 완료: 대기 (1932 chars)
2025-08-16 22:57:28,852 - INFO - 진행률: 18/25 - 유효 문서: 13
2025-08-16 22:57:29,739 - INFO - 수집 완료: 대기경계층 (274 chars)
2025-08-16 22:57:29,739 - INFO - 진행률: 19/25 - 유효 문서: 14
2025-08-16 22:57:30,653 - INFO - 수집 완료: 등압선 (281 chars)
2025-08-16 22:57:30,654 - INFO - 진행률: 20/25 - 유효 문서: 15
2025-08-16 22:57:30,745 - INFO - 수집 완료: 대기압 (4702 chars)
2025-08-16 22:57:30,746 - INFO - 진행률: 21/25 - 유효 문서: 16
2025-08-16 22:57:31,576 - INFO - 수집 완료: 라니냐 (648 chars)
2025-08-16 22:57:31,577 - INFO - 진행률: 22/25 - 유효 문서: 17
2025-08-16 22:57:31,982 - INFO - 수집 완료: 라디오존데 (362 chars)
2025-08-16 22:57:31,982 - INFO - 진행률: 23/25 - 유효 문서: 18
2025-08-16 22:57:32,345 - INFO - 수집 완료: 마이크로버스트 (543 chars)
2025-08-16 22:57:32,345 - INFO - 진행률: 24/25 - 유효 문서: 19
2025-08-16 22:57:33,184 - INFO - 수집 완료: 맑음 (357 chars)
2025-08-16 22:57:33,184 - INFO - 진행률: 25/25 - 유효 문서: 20
2025-08-16 22:57:33,185 - INFO - 데이터 저장 완료: data/science_meteorology.jsonl (20 문서)
2025-08-16 22:57:33,324 - INFO - 커스텀 소스로 데이터 수집 시작: category = 화산
2025-08-16 22:57:33,324 - INFO - 카테고리에서 링크 수집 중: 화산
2025-08-16 22:57:34,330 - INFO - 카테고리에서 17개 링크 발견
2025-08-16 22:57:35,848 - INFO - 수집 완료: 고밀도 등가물 (1061 chars)
2025-08-16 22:57:35,848 - INFO - 진행률: 1/17 - 유효 문서: 1
2025-08-16 22:57:36,275 - INFO - 수집 완료: 구상화산 (305 chars)
2025-08-16 22:57:36,275 - INFO - 진행률: 2/17 - 유효 문서: 2
2025-08-16 22:57:37,636 - INFO - 수집 완료: 단성 화산 (221 chars)
2025-08-16 22:57:37,637 - INFO - 진행률: 3/17 - 유효 문서: 3
2025-08-16 22:57:37,864 - WARNING - 내용이 너무 짧음: 모펫 (132 chars)
2025-08-16 22:57:38,997 - INFO - 수집 완료: 백악기-고진기 대멸종 (1091 chars)
2025-08-16 22:57:38,997 - INFO - 진행률: 5/17 - 유효 문서: 4
2025-08-16 22:57:39,499 - INFO - 수집 완료: 복합 화산 (588 chars)
2025-08-16 22:57:39,499 - INFO - 진행률: 6/17 - 유효 문서: 5
2025-08-16 22:57:39,705 - INFO - 수집 완료: 화산 (18141 chars)
2025-08-16 22:57:39,705 - INFO - 진행률: 7/17 - 유효 문서: 6
2025-08-16 22:57:40,765 - WARNING - 내용이 너무 짧음: 분석구 (192 chars)
2025-08-16 22:57:40,911 - WARNING - 내용이 너무 짧음: 분연주 (197 chars)
2025-08-16 22:57:41,290 - WARNING - 내용이 너무 짧음: 빙저 화산 (155 chars)
2025-08-16 22:57:42,520 - INFO - 수집 완료: 얼음화산 (297 chars)
2025-08-16 22:57:42,521 - INFO - 진행률: 11/17 - 유효 문서: 7
2025-08-16 22:57:42,540 - INFO - 수집 완료: 암설 순상 화산 (254 chars)
2025-08-16 22:57:42,540 - INFO - 진행률: 12/17 - 유효 문서: 8
2025-08-16 22:57:43,047 - INFO - 수집 완료: 유황호 (552 chars)
2025-08-16 22:57:43,048 - INFO - 진행률: 13/17 - 유효 문서: 9
2025-08-16 22:57:43,951 - INFO - 수집 완료: 표류 경석 (306 chars)
2025-08-16 22:57:43,952 - INFO - 진행률: 14/17 - 유효 문서: 10
2025-08-16 22:57:44,275 - WARNING - 내용이 너무 짧음: 탑상화산 (151 chars)
2025-08-16 22:57:44,839 - INFO - 수집 완료: 화산 보딩 (868 chars)
2025-08-16 22:57:44,839 - INFO - 진행률: 16/17 - 유효 문서: 11
2025-08-16 22:57:45,530 - INFO - 수집 완료: 화산쇄설암 (201 chars)
2025-08-16 22:57:45,530 - INFO - 진행률: 17/17 - 유효 문서: 12
2025-08-16 22:57:45,531 - INFO - 데이터 저장 완료: data/nature_volcanoes.jsonl (12 문서)
2025-08-16 22:57:45,677 - INFO - 커스텀 소스로 데이터 수집 시작: category = 강
2025-08-16 22:57:45,677 - INFO - 카테고리에서 링크 수집 중: 강
2025-08-16 22:57:46,774 - INFO - 카테고리에서 34개 링크 발견
2025-08-16 22:57:48,548 - WARNING - 내용이 너무 짧음: 감조 하천 (184 chars)
2025-08-16 22:57:48,852 - INFO - 수집 완료: 강 (1474 chars)
2025-08-16 22:57:48,853 - INFO - 진행률: 2/25 - 유효 문서: 1
2025-08-16 22:57:49,454 - WARNING - 내용이 너무 짧음: 생태하천 (185 chars)
2025-08-16 22:57:50,563 - WARNING - 내용이 너무 짧음: 급류 (189 chars)
2025-08-16 22:57:50,598 - WARNING - 내용이 너무 짧음: 내 (73 chars)
2025-08-16 22:57:50,883 - WARNING - 내용이 너무 짧음: 레드강 (0 chars)
2025-08-16 22:57:51,686 - INFO - 수집 완료: 복개천 (499 chars)
2025-08-16 22:57:51,686 - INFO - 진행률: 7/25 - 유효 문서: 2
2025-08-16 22:57:52,400 - WARNING - 내용이 너무 짧음: 본류 (158 chars)
2025-08-16 22:57:52,701 - WARNING - 내용이 너무 짧음: 분수계 (181 chars)
2025-08-16 22:57:53,728 - INFO - 수집 완료: 사행천 (440 chars)
2025-08-16 22:57:53,728 - INFO - 진행률: 10/25 - 유효 문서: 3
2025-08-16 22:57:53,823 - INFO - 수집 완료: 수계 (303 chars)
2025-08-16 22:57:53,823 - INFO - 진행률: 11/25 - 유효 문서: 4
2025-08-16 22:57:54,860 - WARNING - 내용이 너무 짧음: 수계빈도 (54 chars)
2025-08-16 22:57:55,512 - INFO - 수집 완료: 수리사업 (268 chars)
2025-08-16 22:57:55,513 - INFO - 진행률: 13/25 - 유효 문서: 5
2025-08-16 22:57:55,634 - INFO - 수집 완료: 수원 (하천) (243 chars)
2025-08-16 22:57:55,634 - INFO - 진행률: 14/25 - 유효 문서: 6
2025-08-16 22:57:56,482 - INFO - 수집 완료: 아이스 서클 (668 chars)
2025-08-16 22:57:56,483 - INFO - 진행률: 15/25 - 유효 문서: 7
2025-08-16 22:57:57,350 - WARNING - 내용이 너무 짧음: 여울 (197 chars)
2025-08-16 22:57:57,654 - INFO - 수집 완료: 오카방고강 (2438 chars)
2025-08-16 22:57:57,655 - INFO - 진행률: 17/25 - 유효 문서: 8
2025-08-16 22:57:58,321 - WARNING - 내용이 너무 짧음: 우각호 (152 chars)
2025-08-16 22:57:59,165 - INFO - 수집 완료: 유수지 (286 chars)
2025-08-16 22:57:59,165 - INFO - 진행률: 19/25 - 유효 문서: 9
2025-08-16 22:57:59,682 - INFO - 수집 완료: 유역 (1319 chars)
2025-08-16 22:57:59,682 - INFO - 진행률: 20/25 - 유효 문서: 10
2025-08-16 22:58:00,397 - WARNING - 내용이 너무 짧음: 유황계수 (108 chars)
2025-08-16 22:58:00,506 - WARNING - 내용이 너무 짧음: 지류 (144 chars)
2025-08-16 22:58:01,869 - INFO - 수집 완료: 지표면 유출 (266 chars)
2025-08-16 22:58:01,869 - INFO - 진행률: 23/25 - 유효 문서: 11
2025-08-16 22:58:01,927 - WARNING - 내용이 너무 짧음: 카라스강 (0 chars)
2025-08-16 22:58:02,222 - INFO - 수집 완료: 천정천 (299 chars)
2025-08-16 22:58:02,223 - INFO - 진행률: 25/25 - 유효 문서: 12
2025-08-16 22:58:02,223 - INFO - 데이터 저장 완료: data/nature_rivers.jsonl (12 문서)
2025-08-16 22:58:02,362 - INFO - 커스텀 소스로 데이터 수집 시작: category = 산
2025-08-16 22:58:02,362 - INFO - 카테고리에서 링크 수집 중: 산
2025-08-16 22:58:03,111 - INFO - 카테고리에서 15개 링크 발견
2025-08-16 22:58:04,449 - INFO - 수집 완료: 산 (4293 chars)
2025-08-16 22:58:04,450 - INFO - 진행률: 1/15 - 유효 문서: 1
2025-08-16 22:58:04,530 - WARNING - 내용이 너무 짧음: 산 목록 (0 chars)
2025-08-16 22:58:05,026 - WARNING - 내용이 너무 짧음: 산 종류 목록 (160 chars)
2025-08-16 22:58:06,154 - WARNING - 내용이 너무 짧음: 국제 산의 날 (75 chars)
2025-08-16 22:58:06,417 - WARNING - 내용이 너무 짧음: 단층지괴 (87 chars)
2025-08-16 22:58:06,841 - INFO - 수집 완료: 가산 (인공산) (1024 chars)
2025-08-16 22:58:06,841 - INFO - 진행률: 6/15 - 유효 문서: 2
2025-08-16 22:58:07,273 - WARNING - 내용이 너무 짧음: 산꼭대기 (106 chars)
2025-08-16 22:58:08,613 - INFO - 수집 완료: 산의 날 (일본) (440 chars)
2025-08-16 22:58:08,613 - INFO - 진행률: 8/15 - 유효 문서: 3
2025-08-16 22:58:08,799 - INFO - 수집 완료: 산악전 (1109 chars)
2025-08-16 22:58:08,799 - INFO - 진행률: 9/15 - 유효 문서: 4
2025-08-16 22:58:09,047 - WARNING - 내용이 너무 짧음: 설산 (173 chars)
2025-08-16 22:58:10,415 - INFO - 수집 완료: 숙지산 (254 chars)
2025-08-16 22:58:10,415 - INFO - 진행률: 11/15 - 유효 문서: 5
2025-08-16 22:58:10,613 - WARNING - 내용이 너무 짧음: 용암봉 (81 chars)
2025-08-16 22:58:10,848 - INFO - 수집 완료: 측화산 (353 chars)
2025-08-16 22:58:10,848 - INFO - 진행률: 13/15 - 유효 문서: 6
2025-08-16 22:58:11,802 - WARNING - 내용이 너무 짧음: 탁상지 (127 chars)
2025-08-16 22:58:12,390 - WARNING - 내용이 너무 짧음: 펠 (지형) (157 chars)
2025-08-16 22:58:12,391 - INFO - 데이터 저장 완료: data/nature_mountains.jsonl (6 문서)
2025-08-16 22:58:12,534 - INFO - 커스텀 소스로 데이터 수집 시작: category = 멸종
2025-08-16 22:58:12,534 - INFO - 카테고리에서 링크 수집 중: 멸종
2025-08-16 22:58:13,266 - INFO - 카테고리에서 5개 링크 발견
2025-08-16 22:58:15,215 - INFO - 수집 완료: 멸종 (15129 chars)
2025-08-16 22:58:15,216 - INFO - 진행률: 1/5 - 유효 문서: 1
2025-08-16 22:58:15,252 - INFO - 수집 완료: 거대동물 (601 chars)
2025-08-16 22:58:15,252 - INFO - 진행률: 2/5 - 유효 문서: 2
2025-08-16 22:58:15,891 - INFO - 수집 완료: 공멸종 (4093 chars)
2025-08-16 22:58:15,892 - INFO - 진행률: 3/5 - 유효 문서: 3
2025-08-16 22:58:17,207 - INFO - 수집 완료: 센티넬라 멸종 (296 chars)
2025-08-16 22:58:17,208 - INFO - 진행률: 4/5 - 유효 문서: 4
2025-08-16 22:58:17,267 - INFO - 수집 완료: 인간 절멸 (273 chars)
2025-08-16 22:58:17,267 - INFO - 진행률: 5/5 - 유효 문서: 5
2025-08-16 22:58:17,268 - INFO - 데이터 저장 완료: data/nature_extinction.jsonl (5 문서)
2025-08-16 22:58:17,409 - INFO - 커스텀 소스로 데이터 수집 시작: category = 동양_철학
2025-08-16 22:58:17,409 - INFO - 카테고리에서 링크 수집 중: 동양_철학
2025-08-16 22:58:18,041 - INFO - 카테고리에서 16개 링크 발견
2025-08-16 22:58:19,432 - INFO - 수집 완료: 동양 철학 (333 chars)
2025-08-16 22:58:19,432 - INFO - 진행률: 1/16 - 유효 문서: 1
2025-08-16 22:58:19,565 - INFO - 수집 완료: 기 (철학) (2620 chars)
2025-08-16 22:58:19,566 - INFO - 진행률: 2/16 - 유효 문서: 2
2025-08-16 22:58:20,039 - INFO - 수집 완료: 기일원론 (925 chars)
2025-08-16 22:58:20,039 - INFO - 진행률: 3/16 - 유효 문서: 3
2025-08-16 22:58:20,661 - INFO - 수집 완료: 본성 (380 chars)
2025-08-16 22:58:20,661 - INFO - 진행률: 4/16 - 유효 문서: 4
2025-08-16 22:58:20,884 - INFO - 수집 완료: 디그나가 (873 chars)
2025-08-16 22:58:20,885 - INFO - 진행률: 5/16 - 유효 문서: 5
2025-08-16 22:58:21,467 - INFO - 수집 완료: 비이원론 (1045 chars)
2025-08-16 22:58:21,467 - INFO - 진행률: 6/16 - 유효 문서: 6
2025-08-16 22:58:22,481 - INFO - 수집 완료: 사단 (철학) (850 chars)
2025-08-16 22:58:22,482 - INFO - 진행률: 7/16 - 유효 문서: 7
2025-08-16 22:58:22,903 - INFO - 수집 완료: 성선설 (1039 chars)
2025-08-16 22:58:22,903 - INFO - 진행률: 8/16 - 유효 문서: 8
2025-08-16 22:58:23,498 - INFO - 수집 완료: 성악설 (1249 chars)
2025-08-16 22:58:23,498 - INFO - 진행률: 9/16 - 유효 문서: 9
2025-08-16 22:58:24,104 - INFO - 수집 완료: 유교 (8705 chars)
2025-08-16 22:58:24,105 - INFO - 진행률: 10/16 - 유효 문서: 10
2025-08-16 22:58:24,395 - INFO - 수집 완료: 신플라톤주의 (4404 chars)
2025-08-16 22:58:24,395 - INFO - 진행률: 11/16 - 유효 문서: 11
2025-08-16 22:58:25,318 - INFO - 수집 완료: 음양 (1341 chars)
2025-08-16 22:58:25,319 - INFO - 진행률: 12/16 - 유효 문서: 12
2025-08-16 22:58:25,867 - WARNING - 내용이 너무 짧음: 천지인 (131 chars)
2025-08-16 22:58:25,992 - WARNING - 내용이 너무 짧음: 충 (161 chars)
2025-08-16 22:58:26,967 - INFO - 수집 완료: 태극 (3880 chars)
2025-08-16 22:58:26,967 - INFO - 진행률: 15/16 - 유효 문서: 13
2025-08-16 22:58:29,661 - INFO - 수집 완료: 헬레니즘 철학 (2857 chars)
2025-08-16 22:58:29,661 - INFO - 진행률: 16/16 - 유효 문서: 14
2025-08-16 22:58:29,663 - INFO - 데이터 저장 완료: data/philosophy_eastern.jsonl (14 문서)
2025-08-16 22:58:29,801 - INFO - 커스텀 소스로 데이터 수집 시작: category = 서양_철학
2025-08-16 22:58:29,801 - INFO - 카테고리에서 링크 수집 중: 서양_철학
2025-08-16 22:58:30,815 - INFO - 카테고리에서 7개 링크 발견
2025-08-16 22:58:32,489 - INFO - 수집 완료: 서양 철학 (4588 chars)
2025-08-16 22:58:32,489 - INFO - 진행률: 1/7 - 유효 문서: 1
2025-08-16 22:58:32,633 - INFO - 수집 완료: 19세기 철학 (2671 chars)
2025-08-16 22:58:32,633 - INFO - 진행률: 2/7 - 유효 문서: 2
2025-08-16 22:58:33,072 - INFO - 수집 완료: 관념론 (5485 chars)
2025-08-16 22:58:33,072 - INFO - 진행률: 3/7 - 유효 문서: 3
2025-08-16 22:58:34,142 - INFO - 수집 완료: 근대철학 (3417 chars)
2025-08-16 22:58:34,142 - INFO - 진행률: 4/7 - 유효 문서: 4
2025-08-16 22:58:34,274 - INFO - 수집 완료: 대륙 철학 (2214 chars)
2025-08-16 22:58:34,274 - INFO - 진행률: 5/7 - 유효 문서: 5
2025-08-16 22:58:34,869 - WARNING - 내용이 너무 짧음: 지향성 (169 chars)
2025-08-16 22:58:35,313 - INFO - 수집 완료: 헬레니즘 철학 (2857 chars)
2025-08-16 22:58:35,313 - INFO - 진행률: 7/7 - 유효 문서: 6
2025-08-16 22:58:35,314 - INFO - 데이터 저장 완료: data/philosophy_western.jsonl (6 문서)
2025-08-16 22:58:35,454 - INFO - 커스텀 소스로 데이터 수집 시작: category = 윤리학
2025-08-16 22:58:35,454 - INFO - 카테고리에서 링크 수집 중: 윤리학
2025-08-16 22:58:36,825 - INFO - 카테고리에서 72개 링크 발견
2025-08-16 22:58:38,242 - WARNING - 내용이 너무 짧음: 6유 (73 chars)
2025-08-16 22:58:38,599 - INFO - 수집 완료: 개체론적 환경윤리 (6891 chars)
2025-08-16 22:58:38,600 - INFO - 진행률: 2/20 - 유효 문서: 1
2025-08-16 22:58:38,781 - INFO - 수집 완료: 결의론 (1430 chars)
2025-08-16 22:58:38,781 - INFO - 진행률: 3/20 - 유효 문서: 2
2025-08-16 22:58:40,252 - INFO - 수집 완료: 고통 (철학) (2906 chars)
2025-08-16 22:58:40,257 - INFO - 수집 완료: 공리주의 (4436 chars)
2025-08-16 22:58:40,257 - INFO - 진행률: 4/20 - 유효 문서: 3
2025-08-16 22:58:40,257 - INFO - 진행률: 5/20 - 유효 문서: 4
2025-08-16 22:58:40,671 - INFO - 수집 완료: 경제윤리 (213 chars)
2025-08-16 22:58:40,671 - INFO - 진행률: 6/20 - 유효 문서: 5
2025-08-16 22:58:41,869 - WARNING - 내용이 너무 짧음: 공학윤리 (124 chars)
2025-08-16 22:58:42,072 - INFO - 수집 완료: 공리주의 (책) (567 chars)
2025-08-16 22:58:42,073 - INFO - 진행률: 8/20 - 유효 문서: 6
2025-08-16 22:58:42,093 - INFO - 수집 완료: 과학기술윤리 (430 chars)
2025-08-16 22:58:42,093 - INFO - 진행률: 9/20 - 유효 문서: 7
2025-08-16 22:58:43,588 - INFO - 수집 완료: 교만 (548 chars)
2025-08-16 22:58:43,588 - INFO - 진행률: 10/20 - 유효 문서: 8
2025-08-16 22:58:43,653 - INFO - 수집 완료: 광기 (324 chars)
2025-08-16 22:58:43,653 - INFO - 진행률: 11/20 - 유효 문서: 9
2025-08-16 22:58:43,884 - INFO - 수집 완료: 광차 문제 (2154 chars)
2025-08-16 22:58:43,884 - INFO - 진행률: 12/20 - 유효 문서: 10
2025-08-16 22:58:44,705 - INFO - 수집 완료: 교사의 윤리 (3798 chars)
2025-08-16 22:58:44,705 - INFO - 진행률: 13/20 - 유효 문서: 11
2025-08-16 22:58:45,266 - INFO - 수집 완료: 규범윤리학 (1170 chars)
2025-08-16 22:58:45,267 - INFO - 진행률: 14/20 - 유효 문서: 12
2025-08-16 22:58:45,721 - INFO - 수집 완료: 기독교 윤리 (1202 chars)
2025-08-16 22:58:45,721 - INFO - 진행률: 15/20 - 유효 문서: 13
2025-08-16 22:58:46,319 - INFO - 수집 완료: 기업 윤리 (227 chars)
2025-08-16 22:58:46,319 - INFO - 진행률: 16/20 - 유효 문서: 14
2025-08-16 22:58:46,621 - INFO - 수집 완료: 니코마코스 윤리학 (2004 chars)
2025-08-16 22:58:46,621 - INFO - 진행률: 17/20 - 유효 문서: 15
2025-08-16 22:58:47,140 - INFO - 수집 완료: 담론 윤리 (2097 chars)
2025-08-16 22:58:47,140 - INFO - 진행률: 18/20 - 유효 문서: 16
2025-08-16 22:58:48,318 - INFO - 수집 완료: 덕 윤리학 (1465 chars)
2025-08-16 22:58:48,318 - INFO - 진행률: 19/20 - 유효 문서: 17
2025-08-16 22:58:48,479 - INFO - 수집 완료: 데카당스 (9915 chars)
2025-08-16 22:58:48,480 - INFO - 진행률: 20/20 - 유효 문서: 18
2025-08-16 22:58:48,481 - INFO - 데이터 저장 완료: data/philosophy_ethics.jsonl (18 문서)
2025-08-16 22:58:48,626 - INFO - 커스텀 소스로 데이터 수집 시작: category = 논리학
2025-08-16 22:58:48,626 - INFO - 카테고리에서 링크 수집 중: 논리학
2025-08-16 22:58:49,853 - INFO - 카테고리에서 97개 링크 발견
2025-08-16 22:58:51,545 - INFO - 수집 완료: 논리학 (2628 chars)
2025-08-16 22:58:51,545 - INFO - 진행률: 1/20 - 유효 문서: 1
2025-08-16 22:58:51,800 - WARNING - 내용이 너무 짧음: 3치 논리 (132 chars)
2025-08-16 22:58:51,867 - INFO - 수집 완료: 가능세계론 (2802 chars)
2025-08-16 22:58:51,867 - INFO - 진행률: 3/20 - 유효 문서: 2
2025-08-16 22:58:53,332 - INFO - 수집 완료: 가언 명제 (378 chars)
2025-08-16 22:58:53,332 - INFO - 진행률: 4/20 - 유효 문서: 3
2025-08-16 22:58:53,438 - INFO - 수집 완료: 가장 어려운 논리 퍼즐 (2441 chars)
2025-08-16 22:58:53,439 - INFO - 진행률: 5/20 - 유효 문서: 4
2025-08-16 22:58:53,457 - INFO - 수집 완료: 고전 논리 (1405 chars)
2025-08-16 22:58:53,457 - INFO - 진행률: 6/20 - 유효 문서: 5
2025-08-16 22:58:55,152 - INFO - 수집 완료: 교환법칙 (283 chars)
2025-08-16 22:58:55,153 - INFO - 진행률: 7/20 - 유효 문서: 6
2025-08-16 22:58:55,253 - INFO - 수집 완료: 궤변 (1913 chars)
2025-08-16 22:58:55,254 - INFO - 진행률: 8/20 - 유효 문서: 7
2025-08-16 22:58:55,289 - INFO - 수집 완료: 귀납 (2511 chars)
2025-08-16 22:58:55,289 - INFO - 진행률: 9/20 - 유효 문서: 8
2025-08-16 22:58:56,271 - INFO - 수집 완료: 귀류법 (717 chars)
2025-08-16 22:58:56,272 - INFO - 진행률: 10/20 - 유효 문서: 9
2025-08-16 22:58:56,383 - INFO - 수집 완료: 귀추법 (982 chars)
2025-08-16 22:58:56,384 - INFO - 진행률: 11/20 - 유효 문서: 10
2025-08-16 22:58:56,715 - WARNING - 내용이 너무 짧음: 긍정 (57 chars)
2025-08-16 22:58:57,380 - INFO - 수집 완료: 내포 (977 chars)
2025-08-16 22:58:57,380 - INFO - 진행률: 13/20 - 유효 문서: 11
2025-08-16 22:58:57,814 - WARNING - 내용이 너무 짧음: 논리곱 (66 chars)
2025-08-16 22:58:58,511 - INFO - 수집 완료: 논리주의 (294 chars)
2025-08-16 22:58:58,511 - INFO - 진행률: 15/20 - 유효 문서: 12
2025-08-16 22:58:58,522 - INFO - 수집 완료: 논리곱 표준형 (377 chars)
2025-08-16 22:58:58,522 - INFO - 진행률: 16/20 - 유효 문서: 13
2025-08-16 22:58:59,238 - INFO - 수집 완료: 논리합 (200 chars)
2025-08-16 22:58:59,238 - INFO - 진행률: 17/20 - 유효 문서: 14
2025-08-16 22:58:59,926 - INFO - 수집 완료: 니야야 학파 (2156 chars)
2025-08-16 22:58:59,926 - INFO - 진행률: 18/20 - 유효 문서: 15
2025-08-16 22:59:00,286 - INFO - 수집 완료: 논식 (1048 chars)
2025-08-16 22:59:00,286 - INFO - 진행률: 19/20 - 유효 문서: 16
2025-08-16 22:59:01,302 - INFO - 수집 완료: 대논리학 (8055 chars)
2025-08-16 22:59:01,302 - INFO - 진행률: 20/20 - 유효 문서: 17
2025-08-16 22:59:01,303 - INFO - 데이터 저장 완료: data/philosophy_logic.jsonl (17 문서)
2025-08-16 22:59:01,441 - INFO - 커스텀 소스로 데이터 수집 시작: category = 미학
2025-08-16 22:59:01,441 - INFO - 카테고리에서 링크 수집 중: 미학
2025-08-16 22:59:02,441 - INFO - 카테고리에서 33개 링크 발견
2025-08-16 22:59:03,852 - INFO - 수집 완료: 미학 (834 chars)
2025-08-16 22:59:03,852 - INFO - 진행률: 1/20 - 유효 문서: 1
2025-08-16 22:59:04,156 - INFO - 수집 완료: 건축철학 (354 chars)
2025-08-16 22:59:04,157 - INFO - 진행률: 2/20 - 유효 문서: 2
2025-08-16 22:59:04,485 - INFO - 수집 완료: 개념 미술 (2206 chars)
2025-08-16 22:59:04,485 - INFO - 진행률: 3/20 - 유효 문서: 3
2025-08-16 22:59:05,611 - INFO - 수집 완료: 아서 단토 (741 chars)
2025-08-16 22:59:05,611 - INFO - 진행률: 4/20 - 유효 문서: 4
2025-08-16 22:59:05,629 - INFO - 수집 완료: 귀여움 (222 chars)
2025-08-16 22:59:05,629 - INFO - 진행률: 5/20 - 유효 문서: 5
2025-08-16 22:59:05,883 - INFO - 수집 완료: 도화살 (275 chars)
2025-08-16 22:59:05,883 - INFO - 진행률: 6/20 - 유효 문서: 6
2025-08-16 22:59:07,297 - INFO - 수집 완료: 묘사 (318 chars)
2025-08-16 22:59:07,298 - INFO - 진행률: 7/20 - 유효 문서: 7
2025-08-16 22:59:07,414 - WARNING - 내용이 너무 짧음: 매력 (83 chars)
2025-08-16 22:59:07,971 - INFO - 수집 완료: 모더니즘 (1172 chars)
2025-08-16 22:59:07,972 - INFO - 진행률: 9/20 - 유효 문서: 8
2025-08-16 22:59:09,087 - INFO - 수집 완료: 무관심성 (483 chars)
2025-08-16 22:59:09,087 - INFO - 진행률: 10/20 - 유효 문서: 9
2025-08-16 22:59:09,450 - WARNING - 내용이 너무 짧음: 철학과 문학 (74 chars)
2025-08-16 22:59:09,986 - INFO - 수집 완료: 미술 평론 (968 chars)
2025-08-16 22:59:09,986 - INFO - 진행률: 12/20 - 유효 문서: 10
2025-08-16 22:59:10,428 - INFO - 수집 완료: 미장센 (658 chars)
2025-08-16 22:59:10,428 - INFO - 진행률: 13/20 - 유효 문서: 11
2025-08-16 22:59:11,085 - INFO - 수집 완료: 미학 강의 (2346 chars)
2025-08-16 22:59:11,085 - INFO - 진행률: 14/20 - 유효 문서: 12
2025-08-16 22:59:11,540 - INFO - 수집 완료: 성적 매력 (2811 chars)
2025-08-16 22:59:11,541 - INFO - 진행률: 15/20 - 유효 문서: 13
2025-08-16 22:59:11,798 - INFO - 수집 완료: 비극의 탄생 (958 chars)
2025-08-16 22:59:11,798 - INFO - 진행률: 16/20 - 유효 문서: 14
2025-08-16 22:59:12,748 - INFO - 수집 완료: 수학적 미 (6416 chars)
2025-08-16 22:59:12,748 - INFO - 진행률: 17/20 - 유효 문서: 15
2025-08-16 22:59:13,248 - INFO - 수집 완료: 시학 (아리스토텔레스) (2036 chars)
2025-08-16 22:59:13,248 - INFO - 진행률: 18/20 - 유효 문서: 16
2025-08-16 22:59:13,278 - INFO - 수집 완료: 숭고 (1206 chars)
2025-08-16 22:59:13,279 - INFO - 진행률: 19/20 - 유효 문서: 17
2025-08-16 22:59:14,135 - INFO - 수집 완료: 신경미학 (905 chars)
2025-08-16 22:59:14,136 - INFO - 진행률: 20/20 - 유효 문서: 18
2025-08-16 22:59:14,137 - INFO - 데이터 저장 완료: data/philosophy_aesthetics.jsonl (18 문서)
2025-08-16 22:59:14,277 - INFO - 커스텀 소스로 데이터 수집 시작: category = 정치철학
2025-08-16 22:59:14,278 - INFO - 카테고리에서 링크 수집 중: 정치철학
2025-08-16 22:59:14,864 - INFO - 카테고리에서 105개 링크 발견
2025-08-16 22:59:16,203 - INFO - 수집 완료: 개인주의적 아나키즘 (265 chars)
2025-08-16 22:59:16,203 - INFO - 진행률: 1/20 - 유효 문서: 1
2025-08-16 22:59:16,912 - INFO - 수집 완료: 정치철학 (359 chars)
2025-08-16 22:59:16,913 - INFO - 진행률: 2/20 - 유효 문서: 2
2025-08-16 22:59:17,587 - INFO - 수집 완료: 급진중도 (18820 chars)
2025-08-16 22:59:17,587 - INFO - 진행률: 3/20 - 유효 문서: 3
2025-08-16 22:59:18,224 - INFO - 수집 완료: 객관 (520 chars)
2025-08-16 22:59:18,224 - INFO - 진행률: 4/20 - 유효 문서: 4
2025-08-16 22:59:18,720 - INFO - 수집 완료: 경제적 자유 (800 chars)
2025-08-16 22:59:18,730 - INFO - 진행률: 5/20 - 유효 문서: 5
2025-08-16 22:59:18,733 - INFO - 수집 완료: 결박된 프로메테우스 (1707 chars)
2025-08-16 22:59:18,734 - INFO - 진행률: 6/20 - 유효 문서: 6
2025-08-16 22:59:19,366 - INFO - 수집 완료: 계급협조론 (1607 chars)
2025-08-16 22:59:19,366 - INFO - 진행률: 7/20 - 유효 문서: 7
2025-08-16 22:59:20,354 - INFO - 수집 완료: 고립주의 (4245 chars)
2025-08-16 22:59:20,355 - INFO - 진행률: 8/20 - 유효 문서: 8
2025-08-16 22:59:20,470 - INFO - 수집 완료: 공동사회와 이익사회 (902 chars)
2025-08-16 22:59:20,470 - INFO - 진행률: 9/20 - 유효 문서: 9
2025-08-16 22:59:20,666 - INFO - 수집 완료: 고전적 자유주의 (541 chars)
2025-08-16 22:59:20,666 - INFO - 진행률: 10/20 - 유효 문서: 10
2025-08-16 22:59:21,610 - INFO - 수집 완료: 국가 (플라톤) (2546 chars)
2025-08-16 22:59:21,610 - INFO - 진행률: 11/20 - 유효 문서: 11
2025-08-16 22:59:21,982 - INFO - 수집 완료: 공위시대 (347 chars)
2025-08-16 22:59:21,982 - INFO - 진행률: 12/20 - 유효 문서: 12
2025-08-16 22:59:22,073 - INFO - 수집 완료: 국가란 무엇인가? (253 chars)
2025-08-16 22:59:22,073 - INFO - 진행률: 13/20 - 유효 문서: 13
2025-08-16 22:59:23,118 - INFO - 수집 완료: 국민 (2420 chars)
2025-08-16 22:59:23,118 - INFO - 진행률: 14/20 - 유효 문서: 14
2025-08-16 22:59:23,201 - INFO - 수집 완료: 국부론 (1274 chars)
2025-08-16 22:59:23,201 - INFO - 진행률: 15/20 - 유효 문서: 15
2025-08-16 22:59:23,451 - INFO - 수집 완료: 국가사회주의 (5907 chars)
2025-08-16 22:59:23,451 - INFO - 진행률: 16/20 - 유효 문서: 16
2025-08-16 22:59:24,897 - INFO - 수집 완료: 국제 정의 운동 (633 chars)
2025-08-16 22:59:24,898 - INFO - 진행률: 17/20 - 유효 문서: 17
2025-08-16 22:59:25,063 - INFO - 수집 완료: 권위 (1368 chars)
2025-08-16 22:59:25,063 - INFO - 진행률: 18/20 - 유효 문서: 18
2025-08-16 22:59:25,470 - WARNING - 내용이 너무 짧음: 금권정치 (142 chars)
2025-08-16 22:59:26,902 - INFO - 수집 완료: 급진주의 (3536 chars)
2025-08-16 22:59:26,903 - INFO - 진행률: 20/20 - 유효 문서: 19
2025-08-16 22:59:26,904 - INFO - 데이터 저장 완료: data/philosophy_political.jsonl (19 문서)
2025-08-16 22:59:27,047 - INFO - 커스텀 소스로 데이터 수집 시작: category = 불교
2025-08-16 22:59:27,047 - INFO - 카테고리에서 링크 수집 중: 불교
2025-08-16 22:59:28,077 - INFO - 카테고리에서 40개 링크 발견
2025-08-16 22:59:29,577 - INFO - 수집 완료: 관세음보살 (9029 chars)
2025-08-16 22:59:29,577 - INFO - 진행률: 1/20 - 유효 문서: 1
2025-08-16 22:59:29,742 - INFO - 수집 완료: 관세음보살 42수 진언 (1224 chars)
2025-08-16 22:59:29,742 - INFO - 진행률: 2/20 - 유효 문서: 2
2025-08-16 22:59:30,133 - INFO - 수집 완료: 불교 (3836 chars)
2025-08-16 22:59:30,133 - INFO - 진행률: 3/20 - 유효 문서: 3
2025-08-16 22:59:31,241 - WARNING - 내용이 너무 짧음: 나한전 (151 chars)
2025-08-16 22:59:31,376 - INFO - 수집 완료: 규봉종밀 (2055 chars)
2025-08-16 22:59:31,376 - INFO - 진행률: 5/20 - 유효 문서: 4
2025-08-16 22:59:31,742 - INFO - 수집 완료: 나반존자 (1056 chars)
2025-08-16 22:59:31,742 - INFO - 진행률: 6/20 - 유효 문서: 5
2025-08-16 22:59:33,085 - INFO - 수집 완료: 남양혜충 (596 chars)
2025-08-16 22:59:33,085 - INFO - 진행률: 7/20 - 유효 문서: 6
2025-08-16 22:59:33,344 - INFO - 수집 완료: 대세지보살 (466 chars)
2025-08-16 22:59:33,344 - INFO - 진행률: 8/20 - 유효 문서: 7
2025-08-16 22:59:33,735 - INFO - 수집 완료: 대웅전 (1810 chars)
2025-08-16 22:59:33,735 - INFO - 진행률: 9/20 - 유효 문서: 8
2025-08-16 22:59:34,693 - INFO - 수집 완료: 대장경목록 (736 chars)
2025-08-16 22:59:34,693 - INFO - 진행률: 10/20 - 유효 문서: 9
2025-08-16 22:59:35,138 - INFO - 수집 완료: 대장목록 (731 chars)
2025-08-16 22:59:35,138 - INFO - 진행률: 11/20 - 유효 문서: 10
2025-08-16 22:59:35,785 - INFO - 수집 완료: 문수보살 (2740 chars)
2025-08-16 22:59:35,785 - INFO - 진행률: 12/20 - 유효 문서: 11
2025-08-16 22:59:36,610 - WARNING - 내용이 너무 짧음: 불교 2대 보살 (0 chars)
2025-08-16 22:59:36,669 - INFO - 수집 완료: 방카 룽산사 (1327 chars)
2025-08-16 22:59:36,669 - INFO - 진행률: 14/20 - 유효 문서: 12
2025-08-16 22:59:37,391 - WARNING - 내용이 너무 짧음: 불교 4대 보살 (0 chars)
2025-08-16 22:59:38,088 - INFO - 수집 완료: 삼장보살 (348 chars)
2025-08-16 22:59:38,088 - INFO - 진행률: 16/20 - 유효 문서: 13
2025-08-16 22:59:38,982 - INFO - 수집 완료: 산신 (381 chars)
2025-08-16 22:59:38,983 - INFO - 진행률: 17/20 - 유효 문서: 14
2025-08-16 22:59:39,259 - INFO - 수집 완료: 선재동자 (229 chars)
2025-08-16 22:59:39,260 - INFO - 진행률: 18/20 - 유효 문서: 15
2025-08-16 22:59:39,691 - INFO - 수집 완료: 승찬 (승려) (684 chars)
2025-08-16 22:59:39,691 - INFO - 진행률: 19/20 - 유효 문서: 16
2025-08-16 22:59:40,078 - INFO - 수집 완료: 신묘장구대다라니 (1901 chars)
2025-08-16 22:59:40,078 - INFO - 진행률: 20/20 - 유효 문서: 17
2025-08-16 22:59:40,079 - INFO - 데이터 저장 완료: data/religion_buddhism.jsonl (17 문서)
2025-08-16 22:59:40,224 - INFO - 커스텀 소스로 데이터 수집 시작: category = 기독교
2025-08-16 22:59:40,224 - INFO - 카테고리에서 링크 수집 중: 기독교
2025-08-16 22:59:41,488 - INFO - 카테고리에서 2개 링크 발견
2025-08-16 22:59:42,755 - INFO - 수집 완료: 기독교 (16255 chars)
2025-08-16 22:59:42,755 - INFO - 진행률: 1/2 - 유효 문서: 1
2025-08-16 22:59:43,721 - WARNING - 내용이 너무 짧음: 기독교 관련 문서 색인 (0 chars)
2025-08-16 22:59:43,722 - INFO - 데이터 저장 완료: data/religion_christianity.jsonl (1 문서)
2025-08-16 22:59:43,863 - INFO - 커스텀 소스로 데이터 수집 시작: category = 이슬람교
2025-08-16 22:59:43,863 - INFO - 카테고리에서 링크 수집 중: 이슬람교
2025-08-16 22:59:44,750 - INFO - 카테고리에서 2개 링크 발견
2025-08-16 22:59:46,883 - INFO - 수집 완료: 이슬람교 (14089 chars)
2025-08-16 22:59:46,883 - INFO - 진행률: 1/2 - 유효 문서: 1
2025-08-16 22:59:47,192 - INFO - 수집 완료: 이슬람의 이혼 (11602 chars)
2025-08-16 22:59:47,193 - INFO - 진행률: 2/2 - 유효 문서: 2
2025-08-16 22:59:47,193 - INFO - 데이터 저장 완료: data/religion_islam.jsonl (2 문서)
2025-08-16 22:59:47,327 - INFO - 커스텀 소스로 데이터 수집 시작: category = 유교
2025-08-16 22:59:47,328 - INFO - 카테고리에서 링크 수집 중: 유교
2025-08-16 22:59:48,161 - INFO - 카테고리에서 37개 링크 발견
2025-08-16 22:59:49,431 - WARNING - 내용이 너무 짧음: 6유 (73 chars)
2025-08-16 22:59:49,459 - INFO - 수집 완료: 유교 (8705 chars)
2025-08-16 22:59:49,459 - INFO - 진행률: 2/20 - 유효 문서: 1
2025-08-16 22:59:49,876 - INFO - 수집 완료: 가묘 (461 chars)
2025-08-16 22:59:49,877 - INFO - 진행률: 3/20 - 유효 문서: 2
2025-08-16 22:59:50,897 - INFO - 수집 완료: 경학 (323 chars)
2025-08-16 22:59:50,897 - INFO - 진행률: 4/20 - 유효 문서: 3
2025-08-16 22:59:51,435 - INFO - 수집 완료: 경원의 당금 (3640 chars)
2025-08-16 22:59:51,435 - INFO - 진행률: 5/20 - 유효 문서: 4
2025-08-16 22:59:51,700 - INFO - 수집 완료: 공림 (1133 chars)
2025-08-16 22:59:51,700 - INFO - 진행률: 6/20 - 유효 문서: 5
2025-08-16 22:59:52,162 - INFO - 수집 완료: 공자 (12822 chars)
2025-08-16 22:59:52,162 - INFO - 진행률: 7/20 - 유효 문서: 6
2025-08-16 22:59:52,828 - INFO - 수집 완료: 군자 (465 chars)
2025-08-16 22:59:52,829 - INFO - 진행률: 8/20 - 유효 문서: 7
2025-08-16 22:59:53,507 - WARNING - 내용이 너무 짧음: 기일 (187 chars)
2025-08-16 22:59:53,760 - INFO - 수집 완료: 동성파 (578 chars)
2025-08-16 22:59:53,760 - INFO - 진행률: 10/20 - 유효 문서: 8
2025-08-16 22:59:54,174 - INFO - 수집 완료: 문묘 (3008 chars)
2025-08-16 22:59:54,175 - INFO - 진행률: 11/20 - 유효 문서: 9
2025-08-16 22:59:54,609 - INFO - 수집 완료: 문치주의 (2796 chars)
2025-08-16 22:59:54,610 - INFO - 진행률: 12/20 - 유효 문서: 10
2025-08-16 22:59:55,165 - INFO - 수집 완료: 사대부 (2041 chars)
2025-08-16 22:59:55,165 - INFO - 진행률: 13/20 - 유효 문서: 11
2025-08-16 22:59:55,271 - INFO - 수집 완료: 석전대제 (2174 chars)
2025-08-16 22:59:55,271 - INFO - 진행률: 14/20 - 유효 문서: 12
2025-08-16 22:59:55,996 - INFO - 수집 완료: 연성공 (896 chars)
2025-08-16 22:59:55,997 - INFO - 진행률: 15/20 - 유효 문서: 13
2025-08-16 22:59:56,716 - INFO - 수집 완료: 예 (유교) (1081 chars)
2025-08-16 22:59:56,716 - INFO - 진행률: 16/20 - 유효 문서: 14
2025-08-16 22:59:56,941 - INFO - 수집 완료: 염근리 (1157 chars)
2025-08-16 22:59:56,942 - INFO - 진행률: 17/20 - 유효 문서: 15
2025-08-16 22:59:58,186 - INFO - 수집 완료: 예송 (6132 chars)
2025-08-16 22:59:58,186 - INFO - 진행률: 18/20 - 유효 문서: 16
2025-08-16 22:59:58,374 - INFO - 수집 완료: 오상 (유교) (281 chars)
2025-08-16 22:59:58,375 - INFO - 진행률: 19/20 - 유효 문서: 17
2025-08-16 22:59:58,521 - INFO - 수집 완료: 오경박사 (783 chars)
2025-08-16 22:59:58,521 - INFO - 진행률: 20/20 - 유효 문서: 18
2025-08-16 22:59:58,522 - INFO - 데이터 저장 완료: data/religion_confucianism.jsonl (18 문서)
